landmark,mean_l2,median_l2,std_l2,p90_l2,study_name,task_name,run_name,checkpoint_step,embedding_key,pooling,embedding_dim,ssl_method,init_mode,best_epoch,best_val_mean_l2,model_family,model_arch,patch_size,pretrain_data,feature_kind,objective,init,scale,task_family,paper_scope
iris_centroid,15.923473358154295,12.939061164855955,11.270312309265135,30.402551651000977,followup_50k_landmark_probe,celeb_within,baseline-random,0,backbone,gap,2048,baseline,random,516,21.93241385162854,,,,,,baseline,random,baseline,within,True
iris_inferior,16.403860092163086,14.081809043884276,11.333407402038574,30.62688446044922,followup_50k_landmark_probe,celeb_within,baseline-random,0,backbone,gap,2048,baseline,random,516,21.93241385162854,,,,,,baseline,random,baseline,within,True
iris_superior,15.918609619140625,13.411086082458494,11.344252586364744,30.45071792602539,followup_50k_landmark_probe,celeb_within,baseline-random,0,backbone,gap,2048,baseline,random,516,21.93241385162854,,,,,,baseline,random,baseline,within,True
lateral_canthus,36.7529525756836,31.0696964263916,24.679147720336925,70.89420318603516,followup_50k_landmark_probe,celeb_within,baseline-random,0,backbone,gap,2048,baseline,random,516,21.93241385162854,,,,,,baseline,random,baseline,within,True
lid_inferior,15.91531753540039,13.621926307678224,11.278956413269045,29.89228820800781,followup_50k_landmark_probe,celeb_within,baseline-random,0,backbone,gap,2048,baseline,random,516,21.93241385162854,,,,,,baseline,random,baseline,within,True
lid_superior,17.03236961364746,14.677144050598145,11.624624252319336,31.88004875183105,followup_50k_landmark_probe,celeb_within,baseline-random,0,backbone,gap,2048,baseline,random,516,21.93241385162854,,,,,,baseline,random,baseline,within,True
medial_canthus,47.56565475463867,40.78762435913086,31.31275749206543,91.76244354248048,followup_50k_landmark_probe,celeb_within,baseline-random,0,backbone,gap,2048,baseline,random,516,21.93241385162854,,,,,,baseline,random,baseline,within,True
sclera_inferior,17.216123580932614,14.452695846557615,11.279458999633787,31.57351303100586,followup_50k_landmark_probe,celeb_within,baseline-random,0,backbone,gap,2048,baseline,random,516,21.93241385162854,,,,,,baseline,random,baseline,within,True
sclera_superior,15.9613618850708,13.752836227416992,11.265288352966307,29.912555694580078,followup_50k_landmark_probe,celeb_within,baseline-random,0,backbone,gap,2048,baseline,random,516,21.93241385162854,,,,,,baseline,random,baseline,within,True
iris_centroid,9.681111335754396,7.787097454071045,7.425212383270264,17.800846099853516,followup_50k_landmark_probe,celeb_within,geometry-fixedcompute-10k-infonce-random-50ksteps,50000,backbone,gap,2048,infonce,random,630,9.663948595849543,,,,,,infonce,random,10k,within,True
iris_inferior,10.073091506958008,8.382482528686522,7.601254940032959,19.283071517944336,followup_50k_landmark_probe,celeb_within,geometry-fixedcompute-10k-infonce-random-50ksteps,50000,backbone,gap,2048,infonce,random,630,9.663948595849543,,,,,,infonce,random,10k,within,True
iris_superior,10.023271560668944,8.218426704406737,7.47849178314209,18.268423080444336,followup_50k_landmark_probe,celeb_within,geometry-fixedcompute-10k-infonce-random-50ksteps,50000,backbone,gap,2048,infonce,random,630,9.663948595849543,,,,,,infonce,random,10k,within,True
lateral_canthus,11.711722373962402,9.198397636413574,9.804113388061523,22.67184257507324,followup_50k_landmark_probe,celeb_within,geometry-fixedcompute-10k-infonce-random-50ksteps,50000,backbone,gap,2048,infonce,random,630,9.663948595849543,,,,,,infonce,random,10k,within,True
lid_inferior,9.555867195129396,7.821175098419189,7.453564643859862,18.55705451965332,followup_50k_landmark_probe,celeb_within,geometry-fixedcompute-10k-infonce-random-50ksteps,50000,backbone,gap,2048,infonce,random,630,9.663948595849543,,,,,,infonce,random,10k,within,True
lid_superior,9.967326164245604,8.039087295532228,7.79385232925415,18.77579498291016,followup_50k_landmark_probe,celeb_within,geometry-fixedcompute-10k-infonce-random-50ksteps,50000,backbone,gap,2048,infonce,random,630,9.663948595849543,,,,,,infonce,random,10k,within,True
medial_canthus,13.555869102478027,10.510140419006348,11.732135772705078,26.689659118652344,followup_50k_landmark_probe,celeb_within,geometry-fixedcompute-10k-infonce-random-50ksteps,50000,backbone,gap,2048,infonce,random,630,9.663948595849543,,,,,,infonce,random,10k,within,True
sclera_inferior,10.04448127746582,8.364206314086914,7.650616645812987,19.587560653686523,followup_50k_landmark_probe,celeb_within,geometry-fixedcompute-10k-infonce-random-50ksteps,50000,backbone,gap,2048,infonce,random,630,9.663948595849543,,,,,,infonce,random,10k,within,True
sclera_superior,9.55970859527588,7.861226081848144,7.4500489234924325,18.643585205078125,followup_50k_landmark_probe,celeb_within,geometry-fixedcompute-10k-infonce-random-50ksteps,50000,backbone,gap,2048,infonce,random,630,9.663948595849543,,,,,,infonce,random,10k,within,True
iris_centroid,7.666910171508789,6.324850559234619,5.705240726470947,14.482444763183596,followup_50k_landmark_probe,celeb_within,geometry-fixedcompute-100k-infonce-random-50ksteps,50000,backbone,gap,2048,infonce,random,644,8.183093597328726,,,,,,infonce,random,100k,within,True
iris_inferior,7.991924285888673,6.678081512451173,5.745075702667236,14.79835033416748,followup_50k_landmark_probe,celeb_within,geometry-fixedcompute-100k-infonce-random-50ksteps,50000,backbone,gap,2048,infonce,random,644,8.183093597328726,,,,,,infonce,random,100k,within,True
iris_superior,8.088140487670897,6.88263750076294,5.895297050476074,15.334190368652346,followup_50k_landmark_probe,celeb_within,geometry-fixedcompute-100k-infonce-random-50ksteps,50000,backbone,gap,2048,infonce,random,644,8.183093597328726,,,,,,infonce,random,100k,within,True
lateral_canthus,10.18784236907959,8.202314376831055,7.798552513122559,19.56343650817871,followup_50k_landmark_probe,celeb_within,geometry-fixedcompute-100k-infonce-random-50ksteps,50000,backbone,gap,2048,infonce,random,644,8.183093597328726,,,,,,infonce,random,100k,within,True
lid_inferior,7.6852569580078125,6.544266223907472,5.71433162689209,14.178750991821287,followup_50k_landmark_probe,celeb_within,geometry-fixedcompute-100k-infonce-random-50ksteps,50000,backbone,gap,2048,infonce,random,644,8.183093597328726,,,,,,infonce,random,100k,within,True
lid_superior,8.297051429748535,6.89084529876709,6.105540752410889,15.576533317565918,followup_50k_landmark_probe,celeb_within,geometry-fixedcompute-100k-infonce-random-50ksteps,50000,backbone,gap,2048,infonce,random,644,8.183093597328726,,,,,,infonce,random,100k,within,True
medial_canthus,10.750186920166016,8.859172821044922,8.269298553466799,19.39653968811035,followup_50k_landmark_probe,celeb_within,geometry-fixedcompute-100k-infonce-random-50ksteps,50000,backbone,gap,2048,infonce,random,644,8.183093597328726,,,,,,infonce,random,100k,within,True
sclera_inferior,8.136581420898438,6.786430835723878,6.15820837020874,14.596647262573242,followup_50k_landmark_probe,celeb_within,geometry-fixedcompute-100k-infonce-random-50ksteps,50000,backbone,gap,2048,infonce,random,644,8.183093597328726,,,,,,infonce,random,100k,within,True
sclera_superior,7.673482418060303,6.527955532073975,5.710144996643066,14.211570739746096,followup_50k_landmark_probe,celeb_within,geometry-fixedcompute-100k-infonce-random-50ksteps,50000,backbone,gap,2048,infonce,random,644,8.183093597328726,,,,,,infonce,random,100k,within,True
iris_centroid,7.1950531005859375,6.2400336265563965,4.742625713348389,13.18247127532959,followup_50k_landmark_probe,celeb_within,geometry-fixedcompute-1m-infonce-random-50ksteps,50000,backbone,gap,2048,infonce,random,956,7.1326106988667135,,,,,,infonce,random,1m,within,True
iris_inferior,7.621460437774657,6.675666332244872,4.850693225860597,13.562732696533205,followup_50k_landmark_probe,celeb_within,geometry-fixedcompute-1m-infonce-random-50ksteps,50000,backbone,gap,2048,infonce,random,956,7.1326106988667135,,,,,,infonce,random,1m,within,True
iris_superior,7.668719291687013,6.614926338195801,4.961340427398682,14.23713493347168,followup_50k_landmark_probe,celeb_within,geometry-fixedcompute-1m-infonce-random-50ksteps,50000,backbone,gap,2048,infonce,random,956,7.1326106988667135,,,,,,infonce,random,1m,within,True
lateral_canthus,9.282170295715332,7.788199424743652,6.5497374534606925,17.45888328552246,followup_50k_landmark_probe,celeb_within,geometry-fixedcompute-1m-infonce-random-50ksteps,50000,backbone,gap,2048,infonce,random,956,7.1326106988667135,,,,,,infonce,random,1m,within,True
lid_inferior,7.219027996063232,6.110642910003662,4.98811149597168,13.350574493408205,followup_50k_landmark_probe,celeb_within,geometry-fixedcompute-1m-infonce-random-50ksteps,50000,backbone,gap,2048,infonce,random,956,7.1326106988667135,,,,,,infonce,random,1m,within,True
lid_superior,7.8374900817871085,6.542118549346924,5.34331750869751,14.330487251281738,followup_50k_landmark_probe,celeb_within,geometry-fixedcompute-1m-infonce-random-50ksteps,50000,backbone,gap,2048,infonce,random,956,7.1326106988667135,,,,,,infonce,random,1m,within,True
medial_canthus,9.235550880432127,7.780464649200439,6.422855854034424,16.579727172851562,followup_50k_landmark_probe,celeb_within,geometry-fixedcompute-1m-infonce-random-50ksteps,50000,backbone,gap,2048,infonce,random,956,7.1326106988667135,,,,,,infonce,random,1m,within,True
sclera_inferior,7.674907684326173,6.7710819244384775,5.126452445983887,14.20497226715088,followup_50k_landmark_probe,celeb_within,geometry-fixedcompute-1m-infonce-random-50ksteps,50000,backbone,gap,2048,infonce,random,956,7.1326106988667135,,,,,,infonce,random,1m,within,True
sclera_superior,7.24029016494751,6.233955383300781,4.967371463775635,13.29141330718994,followup_50k_landmark_probe,celeb_within,geometry-fixedcompute-1m-infonce-random-50ksteps,50000,backbone,gap,2048,infonce,random,956,7.1326106988667135,,,,,,infonce,random,1m,within,True
iris_centroid,7.805205821990968,6.703628063201903,6.9293646812438965,13.688749313354492,followup_50k_landmark_probe,celeb_within,geometry-fixedcompute-10k-lejepa-random-50ksteps,50000,backbone,gap,2048,lejepa,random,996,8.605578375644372,,,,,,lejepa,random,10k,within,True
iris_inferior,8.243204116821289,6.9460792541503915,7.024335861206055,14.119159698486328,followup_50k_landmark_probe,celeb_within,geometry-fixedcompute-10k-lejepa-random-50ksteps,50000,backbone,gap,2048,lejepa,random,996,8.605578375644372,,,,,,lejepa,random,10k,within,True
iris_superior,8.244007110595701,7.032527446746826,7.0784502029418945,14.499252319335938,followup_50k_landmark_probe,celeb_within,geometry-fixedcompute-10k-lejepa-random-50ksteps,50000,backbone,gap,2048,lejepa,random,996,8.605578375644372,,,,,,lejepa,random,10k,within,True
lateral_canthus,10.688888549804688,8.397454261779785,9.51767635345459,19.509504318237305,followup_50k_landmark_probe,celeb_within,geometry-fixedcompute-10k-lejepa-random-50ksteps,50000,backbone,gap,2048,lejepa,random,996,8.605578375644372,,,,,,lejepa,random,10k,within,True
lid_inferior,7.905229568481445,6.758445739746094,6.958781719207764,14.29452133178711,followup_50k_landmark_probe,celeb_within,geometry-fixedcompute-10k-lejepa-random-50ksteps,50000,backbone,gap,2048,lejepa,random,996,8.605578375644372,,,,,,lejepa,random,10k,within,True
lid_superior,9.465066909790039,8.156490325927733,7.620270729064941,16.298992156982422,followup_50k_landmark_probe,celeb_within,geometry-fixedcompute-10k-lejepa-random-50ksteps,50000,backbone,gap,2048,lejepa,random,996,8.605578375644372,,,,,,lejepa,random,10k,within,True
medial_canthus,10.739925384521484,8.815232276916504,7.745140552520753,19.606922149658203,followup_50k_landmark_probe,celeb_within,geometry-fixedcompute-10k-lejepa-random-50ksteps,50000,backbone,gap,2048,lejepa,random,996,8.605578375644372,,,,,,lejepa,random,10k,within,True
sclera_inferior,8.623257637023926,7.421851634979247,7.429431438446045,15.168973922729492,followup_50k_landmark_probe,celeb_within,geometry-fixedcompute-10k-lejepa-random-50ksteps,50000,backbone,gap,2048,lejepa,random,996,8.605578375644372,,,,,,lejepa,random,10k,within,True
sclera_superior,7.905636787414551,6.704714298248291,6.965370178222656,14.267850875854492,followup_50k_landmark_probe,celeb_within,geometry-fixedcompute-10k-lejepa-random-50ksteps,50000,backbone,gap,2048,lejepa,random,996,8.605578375644372,,,,,,lejepa,random,10k,within,True
iris_centroid,8.091874122619629,6.9160804748535165,6.218636989593506,14.499821662902832,followup_50k_landmark_probe,celeb_within,geometry-fixedcompute-100k-lejepa-random-50ksteps,50000,backbone,gap,2048,lejepa,random,799,8.958148940664824,,,,,,lejepa,random,100k,within,True
iris_inferior,8.485840797424316,7.401956081390381,6.274091720581055,15.03478717803955,followup_50k_landmark_probe,celeb_within,geometry-fixedcompute-100k-lejepa-random-50ksteps,50000,backbone,gap,2048,lejepa,random,799,8.958148940664824,,,,,,lejepa,random,100k,within,True
iris_superior,8.585217475891112,7.193717002868652,6.3866920471191415,15.2713623046875,followup_50k_landmark_probe,celeb_within,geometry-fixedcompute-100k-lejepa-random-50ksteps,50000,backbone,gap,2048,lejepa,random,799,8.958148940664824,,,,,,lejepa,random,100k,within,True
lateral_canthus,10.730252265930176,8.462241172790527,9.79296875,20.15433692932129,followup_50k_landmark_probe,celeb_within,geometry-fixedcompute-100k-lejepa-random-50ksteps,50000,backbone,gap,2048,lejepa,random,799,8.958148940664824,,,,,,lejepa,random,100k,within,True
lid_inferior,8.035415649414062,6.782257080078125,6.2551589012146,14.503527641296387,followup_50k_landmark_probe,celeb_within,geometry-fixedcompute-100k-lejepa-random-50ksteps,50000,backbone,gap,2048,lejepa,random,799,8.958148940664824,,,,,,lejepa,random,100k,within,True
lid_superior,9.37442111968994,8.192695617675781,6.7178521156311035,17.646713256835938,followup_50k_landmark_probe,celeb_within,geometry-fixedcompute-100k-lejepa-random-50ksteps,50000,backbone,gap,2048,lejepa,random,799,8.958148940664824,,,,,,lejepa,random,100k,within,True
medial_canthus,11.381226539611815,8.74144172668457,9.61171054840088,20.22499656677246,followup_50k_landmark_probe,celeb_within,geometry-fixedcompute-100k-lejepa-random-50ksteps,50000,backbone,gap,2048,lejepa,random,799,8.958148940664824,,,,,,lejepa,random,100k,within,True
sclera_inferior,9.046367645263672,7.634095668792725,6.444369792938232,16.64065170288086,followup_50k_landmark_probe,celeb_within,geometry-fixedcompute-100k-lejepa-random-50ksteps,50000,backbone,gap,2048,lejepa,random,799,8.958148940664824,,,,,,lejepa,random,100k,within,True
sclera_superior,8.027392387390138,6.679380416870117,6.270762920379639,14.653583526611328,followup_50k_landmark_probe,celeb_within,geometry-fixedcompute-100k-lejepa-random-50ksteps,50000,backbone,gap,2048,lejepa,random,799,8.958148940664824,,,,,,lejepa,random,100k,within,True
iris_centroid,8.106644630432129,6.502751350402832,6.675742149353027,15.005918502807615,followup_50k_landmark_probe,celeb_within,geometry-fixedcompute-1m-lejepa-random-50ksteps,50000,backbone,gap,2048,lejepa,random,937,8.164918748407416,,,,,,lejepa,random,1m,within,True
iris_inferior,8.539610862731934,6.901353359222412,6.803675651550293,16.113433837890625,followup_50k_landmark_probe,celeb_within,geometry-fixedcompute-1m-lejepa-random-50ksteps,50000,backbone,gap,2048,lejepa,random,937,8.164918748407416,,,,,,lejepa,random,1m,within,True
iris_superior,8.503460884094237,7.148046016693115,6.8007450103759775,15.949461936950685,followup_50k_landmark_probe,celeb_within,geometry-fixedcompute-1m-lejepa-random-50ksteps,50000,backbone,gap,2048,lejepa,random,937,8.164918748407416,,,,,,lejepa,random,1m,within,True
lateral_canthus,10.228989601135254,8.817928314208984,9.514326095581056,19.09325790405273,followup_50k_landmark_probe,celeb_within,geometry-fixedcompute-1m-lejepa-random-50ksteps,50000,backbone,gap,2048,lejepa,random,937,8.164918748407416,,,,,,lejepa,random,1m,within,True
lid_inferior,7.935389995574951,6.220078468322754,6.745893955230713,14.810400009155273,followup_50k_landmark_probe,celeb_within,geometry-fixedcompute-1m-lejepa-random-50ksteps,50000,backbone,gap,2048,lejepa,random,937,8.164918748407416,,,,,,lejepa,random,1m,within,True
lid_superior,9.266408920288086,7.76223611831665,6.873366832733153,17.115955352783207,followup_50k_landmark_probe,celeb_within,geometry-fixedcompute-1m-lejepa-random-50ksteps,50000,backbone,gap,2048,lejepa,random,937,8.164918748407416,,,,,,lejepa,random,1m,within,True
medial_canthus,10.311492919921877,9.086015701293944,7.988018035888673,18.286319732666016,followup_50k_landmark_probe,celeb_within,geometry-fixedcompute-1m-lejepa-random-50ksteps,50000,backbone,gap,2048,lejepa,random,937,8.164918748407416,,,,,,lejepa,random,1m,within,True
sclera_inferior,8.859580993652344,7.421221733093263,6.8119163513183585,16.5277099609375,followup_50k_landmark_probe,celeb_within,geometry-fixedcompute-1m-lejepa-random-50ksteps,50000,backbone,gap,2048,lejepa,random,937,8.164918748407416,,,,,,lejepa,random,1m,within,True
sclera_superior,7.908116817474365,6.208767890930176,6.7467193603515625,14.84911823272705,followup_50k_landmark_probe,celeb_within,geometry-fixedcompute-1m-lejepa-random-50ksteps,50000,backbone,gap,2048,lejepa,random,937,8.164918748407416,,,,,,lejepa,random,1m,within,True
iris_centroid,9.226266860961914,7.685173511505128,8.065457344055176,17.75007438659668,followup_50k_landmark_probe,celeb_within,geometry-fixedcompute-10k-vicreg-random-50ksteps,50000,backbone,gap,2048,vicreg,random,759,10.087530589494547,,,,,,vicreg,random,10k,within,True
iris_inferior,9.724801063537598,7.898951053619385,8.179475784301758,18.80900955200196,followup_50k_landmark_probe,celeb_within,geometry-fixedcompute-10k-vicreg-random-50ksteps,50000,backbone,gap,2048,vicreg,random,759,10.087530589494547,,,,,,vicreg,random,10k,within,True
iris_superior,9.523632049560547,7.828146934509277,8.043659210205076,17.457197189331055,followup_50k_landmark_probe,celeb_within,geometry-fixedcompute-10k-vicreg-random-50ksteps,50000,backbone,gap,2048,vicreg,random,759,10.087530589494547,,,,,,vicreg,random,10k,within,True
lateral_canthus,12.482775688171387,10.103890419006348,11.072265625,21.715198516845703,followup_50k_landmark_probe,celeb_within,geometry-fixedcompute-10k-vicreg-random-50ksteps,50000,backbone,gap,2048,vicreg,random,759,10.087530589494547,,,,,,vicreg,random,10k,within,True
lid_inferior,9.111910820007324,7.508682727813722,8.196733474731445,17.380268096923828,followup_50k_landmark_probe,celeb_within,geometry-fixedcompute-10k-vicreg-random-50ksteps,50000,backbone,gap,2048,vicreg,random,759,10.087530589494547,,,,,,vicreg,random,10k,within,True
lid_superior,9.790741920471193,7.882726192474365,8.217378616333008,18.768875122070312,followup_50k_landmark_probe,celeb_within,geometry-fixedcompute-10k-vicreg-random-50ksteps,50000,backbone,gap,2048,vicreg,random,759,10.087530589494547,,,,,,vicreg,random,10k,within,True
medial_canthus,12.368086814880373,9.876213073730467,10.06391143798828,24.539344787597656,followup_50k_landmark_probe,celeb_within,geometry-fixedcompute-10k-vicreg-random-50ksteps,50000,backbone,gap,2048,vicreg,random,759,10.087530589494547,,,,,,vicreg,random,10k,within,True
sclera_inferior,9.974696159362793,8.695552825927733,8.297433853149414,18.107080459594727,followup_50k_landmark_probe,celeb_within,geometry-fixedcompute-10k-vicreg-random-50ksteps,50000,backbone,gap,2048,vicreg,random,759,10.087530589494547,,,,,,vicreg,random,10k,within,True
sclera_superior,9.130829811096193,7.415590763092041,8.199199676513674,17.582391738891598,followup_50k_landmark_probe,celeb_within,geometry-fixedcompute-10k-vicreg-random-50ksteps,50000,backbone,gap,2048,vicreg,random,759,10.087530589494547,,,,,,vicreg,random,10k,within,True
iris_centroid,7.6791930198669425,6.2372989654541025,6.711946964263916,14.385431289672852,followup_50k_landmark_probe,celeb_within,geometry-fixedcompute-100k-vicreg-random-50ksteps,50000,backbone,gap,2048,vicreg,random,986,7.7636029081917854,,,,,,vicreg,random,100k,within,True
iris_inferior,8.22004222869873,6.888751983642577,6.785466194152832,15.077893257141113,followup_50k_landmark_probe,celeb_within,geometry-fixedcompute-100k-vicreg-random-50ksteps,50000,backbone,gap,2048,vicreg,random,986,7.7636029081917854,,,,,,vicreg,random,100k,within,True
iris_superior,8.065888404846191,6.371478080749513,6.876389026641847,15.195046424865724,followup_50k_landmark_probe,celeb_within,geometry-fixedcompute-100k-vicreg-random-50ksteps,50000,backbone,gap,2048,vicreg,random,986,7.7636029081917854,,,,,,vicreg,random,100k,within,True
lateral_canthus,9.546414375305176,8.006913185119629,8.424273490905763,17.745594024658203,followup_50k_landmark_probe,celeb_within,geometry-fixedcompute-100k-vicreg-random-50ksteps,50000,backbone,gap,2048,vicreg,random,986,7.7636029081917854,,,,,,vicreg,random,100k,within,True
lid_inferior,7.7711944580078125,6.280508518218994,6.735132694244385,14.54287815093994,followup_50k_landmark_probe,celeb_within,geometry-fixedcompute-100k-vicreg-random-50ksteps,50000,backbone,gap,2048,vicreg,random,986,7.7636029081917854,,,,,,vicreg,random,100k,within,True
lid_superior,8.160829544067383,6.773590087890625,6.973109722137451,14.76091480255127,followup_50k_landmark_probe,celeb_within,geometry-fixedcompute-100k-vicreg-random-50ksteps,50000,backbone,gap,2048,vicreg,random,986,7.7636029081917854,,,,,,vicreg,random,100k,within,True
medial_canthus,10.05977725982666,8.210247993469237,8.696061134338379,17.95084571838379,followup_50k_landmark_probe,celeb_within,geometry-fixedcompute-100k-vicreg-random-50ksteps,50000,backbone,gap,2048,vicreg,random,986,7.7636029081917854,,,,,,vicreg,random,100k,within,True
sclera_inferior,8.139232635498049,6.858154296875,7.119030475616455,15.339733123779295,followup_50k_landmark_probe,celeb_within,geometry-fixedcompute-100k-vicreg-random-50ksteps,50000,backbone,gap,2048,vicreg,random,986,7.7636029081917854,,,,,,vicreg,random,100k,within,True
sclera_superior,7.802595138549805,6.4226441383361825,6.736177921295166,14.668331146240234,followup_50k_landmark_probe,celeb_within,geometry-fixedcompute-100k-vicreg-random-50ksteps,50000,backbone,gap,2048,vicreg,random,986,7.7636029081917854,,,,,,vicreg,random,100k,within,True
iris_centroid,7.8722286224365225,6.492658615112305,6.067679405212402,14.432977676391602,followup_50k_landmark_probe,celeb_within,geometry-fixedcompute-1m-vicreg-random-50ksteps,50000,backbone,gap,2048,vicreg,random,416,8.048527014060099,,,,,,vicreg,random,1m,within,True
iris_inferior,8.173002243041992,6.65645694732666,6.176470756530763,15.02207088470459,followup_50k_landmark_probe,celeb_within,geometry-fixedcompute-1m-vicreg-random-50ksteps,50000,backbone,gap,2048,vicreg,random,416,8.048527014060099,,,,,,vicreg,random,1m,within,True
iris_superior,8.362200736999513,7.0765724182128915,6.303064823150635,15.372230529785154,followup_50k_landmark_probe,celeb_within,geometry-fixedcompute-1m-vicreg-random-50ksteps,50000,backbone,gap,2048,vicreg,random,416,8.048527014060099,,,,,,vicreg,random,1m,within,True
lateral_canthus,10.37936019897461,8.675760269165039,7.24391508102417,19.36185646057129,followup_50k_landmark_probe,celeb_within,geometry-fixedcompute-1m-vicreg-random-50ksteps,50000,backbone,gap,2048,vicreg,random,416,8.048527014060099,,,,,,vicreg,random,1m,within,True
lid_inferior,7.999924182891847,6.693271160125732,6.215986251831055,15.06878662109375,followup_50k_landmark_probe,celeb_within,geometry-fixedcompute-1m-vicreg-random-50ksteps,50000,backbone,gap,2048,vicreg,random,416,8.048527014060099,,,,,,vicreg,random,1m,within,True
lid_superior,8.704078674316406,7.129857540130615,6.682934284210205,15.959813117980955,followup_50k_landmark_probe,celeb_within,geometry-fixedcompute-1m-vicreg-random-50ksteps,50000,backbone,gap,2048,vicreg,random,416,8.048527014060099,,,,,,vicreg,random,1m,within,True
medial_canthus,11.583377838134766,8.980453491210938,9.065792083740234,23.45583915710449,followup_50k_landmark_probe,celeb_within,geometry-fixedcompute-1m-vicreg-random-50ksteps,50000,backbone,gap,2048,vicreg,random,416,8.048527014060099,,,,,,vicreg,random,1m,within,True
sclera_inferior,8.527902603149414,7.011034965515138,6.518608570098878,16.067878723144528,followup_50k_landmark_probe,celeb_within,geometry-fixedcompute-1m-vicreg-random-50ksteps,50000,backbone,gap,2048,vicreg,random,416,8.048527014060099,,,,,,vicreg,random,1m,within,True
sclera_superior,7.971426010131836,6.644157409667969,6.196125030517577,15.085634231567385,followup_50k_landmark_probe,celeb_within,geometry-fixedcompute-1m-vicreg-random-50ksteps,50000,backbone,gap,2048,vicreg,random,416,8.048527014060099,,,,,,vicreg,random,1m,within,True
iris_centroid,18.86747169494629,15.92741870880127,13.131994247436525,33.427276611328125,followup_50k_landmark_probe,celeb_within,baseline-imagenet,0,backbone,gap,2048,baseline,imagenet,347,21.38893616264636,,,,,,baseline,imagenet,baseline,within,True
iris_inferior,19.468616485595703,16.270841598510742,13.334120750427244,34.7264404296875,followup_50k_landmark_probe,celeb_within,baseline-imagenet,0,backbone,gap,2048,baseline,imagenet,347,21.38893616264636,,,,,,baseline,imagenet,baseline,within,True
iris_superior,18.639711380004886,15.69052028656006,13.067951202392578,33.610946655273445,followup_50k_landmark_probe,celeb_within,baseline-imagenet,0,backbone,gap,2048,baseline,imagenet,347,21.38893616264636,,,,,,baseline,imagenet,baseline,within,True
lateral_canthus,31.390384674072266,25.98915863037109,23.355987548828125,59.5117301940918,followup_50k_landmark_probe,celeb_within,baseline-imagenet,0,backbone,gap,2048,baseline,imagenet,347,21.38893616264636,,,,,,baseline,imagenet,baseline,within,True
lid_inferior,18.59858703613281,15.46737003326416,13.088519096374512,33.17759323120117,followup_50k_landmark_probe,celeb_within,baseline-imagenet,0,backbone,gap,2048,baseline,imagenet,347,21.38893616264636,,,,,,baseline,imagenet,baseline,within,True
lid_superior,19.269821166992188,16.125640869140625,13.425617218017578,33.56162643432617,followup_50k_landmark_probe,celeb_within,baseline-imagenet,0,backbone,gap,2048,baseline,imagenet,347,21.38893616264636,,,,,,baseline,imagenet,baseline,within,True
medial_canthus,37.850791931152344,28.18488693237305,30.858062744140625,83.74127960205078,followup_50k_landmark_probe,celeb_within,baseline-imagenet,0,backbone,gap,2048,baseline,imagenet,347,21.38893616264636,,,,,,baseline,imagenet,baseline,within,True
sclera_inferior,19.8242301940918,16.326383590698242,13.305536270141602,35.65251541137695,followup_50k_landmark_probe,celeb_within,baseline-imagenet,0,backbone,gap,2048,baseline,imagenet,347,21.38893616264636,,,,,,baseline,imagenet,baseline,within,True
sclera_superior,18.62784767150879,15.446684837341307,13.093179702758787,33.16876602172852,followup_50k_landmark_probe,celeb_within,baseline-imagenet,0,backbone,gap,2048,baseline,imagenet,347,21.38893616264636,,,,,,baseline,imagenet,baseline,within,True
iris_centroid,20.281005859375,17.56418800354004,13.311394691467285,37.56147003173828,followup_50k_landmark_probe,celeb_within,geometry-fixedcompute-10k-infonce-imagenet-50ksteps,50000,backbone,gap,2048,infonce,imagenet,47,25.51697596565622,,,,,,infonce,imagenet,10k,within,True
iris_inferior,21.551685333251964,18.949392318725586,13.291013717651367,38.221473693847656,followup_50k_landmark_probe,celeb_within,geometry-fixedcompute-10k-infonce-imagenet-50ksteps,50000,backbone,gap,2048,infonce,imagenet,47,25.51697596565622,,,,,,infonce,imagenet,10k,within,True
iris_superior,19.48459243774414,16.690805435180664,13.391679763793945,35.55707550048828,followup_50k_landmark_probe,celeb_within,geometry-fixedcompute-10k-infonce-imagenet-50ksteps,50000,backbone,gap,2048,infonce,imagenet,47,25.51697596565622,,,,,,infonce,imagenet,10k,within,True
lateral_canthus,46.02435302734375,45.06909561157226,18.45964241027832,69.84310913085939,followup_50k_landmark_probe,celeb_within,geometry-fixedcompute-10k-infonce-imagenet-50ksteps,50000,backbone,gap,2048,infonce,imagenet,47,25.51697596565622,,,,,,infonce,imagenet,10k,within,True
lid_inferior,19.95681571960449,17.311126708984375,13.255630493164062,37.423439025878906,followup_50k_landmark_probe,celeb_within,geometry-fixedcompute-10k-infonce-imagenet-50ksteps,50000,backbone,gap,2048,infonce,imagenet,47,25.51697596565622,,,,,,infonce,imagenet,10k,within,True
lid_superior,20.382944107055664,17.72503089904785,13.128103256225586,38.10082244873047,followup_50k_landmark_probe,celeb_within,geometry-fixedcompute-10k-infonce-imagenet-50ksteps,50000,backbone,gap,2048,infonce,imagenet,47,25.51697596565622,,,,,,infonce,imagenet,10k,within,True
medial_canthus,53.76384735107422,52.65985870361328,24.45778465270996,84.51065826416016,followup_50k_landmark_probe,celeb_within,geometry-fixedcompute-10k-infonce-imagenet-50ksteps,50000,backbone,gap,2048,infonce,imagenet,47,25.51697596565622,,,,,,infonce,imagenet,10k,within,True
sclera_inferior,21.84245491027832,19.97974395751953,13.484448432922365,38.05257797241211,followup_50k_landmark_probe,celeb_within,geometry-fixedcompute-10k-infonce-imagenet-50ksteps,50000,backbone,gap,2048,infonce,imagenet,47,25.51697596565622,,,,,,infonce,imagenet,10k,within,True
sclera_superior,20.05972671508789,17.471027374267578,13.153430938720705,37.51179122924805,followup_50k_landmark_probe,celeb_within,geometry-fixedcompute-10k-infonce-imagenet-50ksteps,50000,backbone,gap,2048,infonce,imagenet,47,25.51697596565622,,,,,,infonce,imagenet,10k,within,True
iris_centroid,9.920333862304688,8.28593635559082,7.331393241882324,18.018001556396484,followup_50k_landmark_probe,celeb_within,geometry-fixedcompute-100k-infonce-imagenet-50ksteps,50000,backbone,gap,2048,infonce,imagenet,864,10.23061374497544,,,,,,infonce,imagenet,100k,within,True
iris_inferior,10.31652545928955,8.82669734954834,7.3330135345458975,18.09564781188965,followup_50k_landmark_probe,celeb_within,geometry-fixedcompute-100k-infonce-imagenet-50ksteps,50000,backbone,gap,2048,infonce,imagenet,864,10.23061374497544,,,,,,infonce,imagenet,100k,within,True
iris_superior,10.336620330810547,8.797475814819336,7.4581193923950195,19.01275062561035,followup_50k_landmark_probe,celeb_within,geometry-fixedcompute-100k-infonce-imagenet-50ksteps,50000,backbone,gap,2048,infonce,imagenet,864,10.23061374497544,,,,,,infonce,imagenet,100k,within,True
lateral_canthus,13.773767471313475,9.729781150817873,12.61833381652832,25.909194946289066,followup_50k_landmark_probe,celeb_within,geometry-fixedcompute-100k-infonce-imagenet-50ksteps,50000,backbone,gap,2048,infonce,imagenet,864,10.23061374497544,,,,,,infonce,imagenet,100k,within,True
lid_inferior,9.714539527893066,7.867769718170166,7.386080741882324,18.46657943725586,followup_50k_landmark_probe,celeb_within,geometry-fixedcompute-100k-infonce-imagenet-50ksteps,50000,backbone,gap,2048,infonce,imagenet,864,10.23061374497544,,,,,,infonce,imagenet,100k,within,True
lid_superior,10.620006561279297,8.669839859008789,7.545745849609375,19.902130126953125,followup_50k_landmark_probe,celeb_within,geometry-fixedcompute-100k-infonce-imagenet-50ksteps,50000,backbone,gap,2048,infonce,imagenet,864,10.23061374497544,,,,,,infonce,imagenet,100k,within,True
medial_canthus,14.800305366516113,10.348164558410645,14.483180046081545,30.46791076660156,followup_50k_landmark_probe,celeb_within,geometry-fixedcompute-100k-infonce-imagenet-50ksteps,50000,backbone,gap,2048,infonce,imagenet,864,10.23061374497544,,,,,,infonce,imagenet,100k,within,True
sclera_inferior,10.63620376586914,9.028280258178713,7.250571727752685,18.784639358520508,followup_50k_landmark_probe,celeb_within,geometry-fixedcompute-100k-infonce-imagenet-50ksteps,50000,backbone,gap,2048,infonce,imagenet,864,10.23061374497544,,,,,,infonce,imagenet,100k,within,True
sclera_superior,9.70716667175293,7.857585430145264,7.382751941680907,18.46048927307129,followup_50k_landmark_probe,celeb_within,geometry-fixedcompute-100k-infonce-imagenet-50ksteps,50000,backbone,gap,2048,infonce,imagenet,864,10.23061374497544,,,,,,infonce,imagenet,100k,within,True
iris_centroid,9.127808570861816,7.451688766479492,6.642538070678711,17.131690979003903,followup_50k_landmark_probe,celeb_within,geometry-fixedcompute-1m-infonce-imagenet-50ksteps,50000,backbone,gap,2048,infonce,imagenet,953,9.950591384387408,,,,,,infonce,imagenet,1m,within,True
iris_inferior,9.569124221801758,8.151898384094237,6.692762851715088,17.698272705078125,followup_50k_landmark_probe,celeb_within,geometry-fixedcompute-1m-infonce-imagenet-50ksteps,50000,backbone,gap,2048,infonce,imagenet,953,9.950591384387408,,,,,,infonce,imagenet,1m,within,True
iris_superior,9.42889404296875,7.74313497543335,6.757667541503906,17.80423355102539,followup_50k_landmark_probe,celeb_within,geometry-fixedcompute-1m-infonce-imagenet-50ksteps,50000,backbone,gap,2048,infonce,imagenet,953,9.950591384387408,,,,,,infonce,imagenet,1m,within,True
lateral_canthus,12.195549011230467,9.12484645843506,11.90537929534912,22.867712020874023,followup_50k_landmark_probe,celeb_within,geometry-fixedcompute-1m-infonce-imagenet-50ksteps,50000,backbone,gap,2048,infonce,imagenet,953,9.950591384387408,,,,,,infonce,imagenet,1m,within,True
lid_inferior,9.316717147827148,7.8320722579956055,6.689381122589111,17.218513488769528,followup_50k_landmark_probe,celeb_within,geometry-fixedcompute-1m-infonce-imagenet-50ksteps,50000,backbone,gap,2048,infonce,imagenet,953,9.950591384387408,,,,,,infonce,imagenet,1m,within,True
lid_superior,9.746954917907717,8.223370552062987,6.838774681091309,18.624858856201172,followup_50k_landmark_probe,celeb_within,geometry-fixedcompute-1m-infonce-imagenet-50ksteps,50000,backbone,gap,2048,infonce,imagenet,953,9.950591384387408,,,,,,infonce,imagenet,1m,within,True
medial_canthus,13.292516708374025,9.73843002319336,12.026925086975098,27.791391372680664,followup_50k_landmark_probe,celeb_within,geometry-fixedcompute-1m-infonce-imagenet-50ksteps,50000,backbone,gap,2048,infonce,imagenet,953,9.950591384387408,,,,,,infonce,imagenet,1m,within,True
sclera_inferior,10.005250930786133,8.361098289489746,6.800874710083008,18.44631576538086,followup_50k_landmark_probe,celeb_within,geometry-fixedcompute-1m-infonce-imagenet-50ksteps,50000,backbone,gap,2048,infonce,imagenet,953,9.950591384387408,,,,,,infonce,imagenet,1m,within,True
sclera_superior,9.278504371643066,7.742604732513428,6.7014946937561035,17.189376831054688,followup_50k_landmark_probe,celeb_within,geometry-fixedcompute-1m-infonce-imagenet-50ksteps,50000,backbone,gap,2048,infonce,imagenet,953,9.950591384387408,,,,,,infonce,imagenet,1m,within,True
iris_centroid,18.305009841918945,14.927695274353027,13.261377334594727,34.188011169433594,followup_50k_landmark_probe,celeb_within,geometry-fixedcompute-10k-lejepa-imagenet-50ksteps,50000,backbone,gap,2048,lejepa,imagenet,468,19.755393533758774,,,,,,lejepa,imagenet,10k,within,True
iris_inferior,19.12289047241211,15.718902587890625,13.459211349487305,36.06526184082031,followup_50k_landmark_probe,celeb_within,geometry-fixedcompute-10k-lejepa-imagenet-50ksteps,50000,backbone,gap,2048,lejepa,imagenet,468,19.755393533758774,,,,,,lejepa,imagenet,10k,within,True
iris_superior,17.991579055786133,14.75228214263916,13.164380073547365,34.15298843383789,followup_50k_landmark_probe,celeb_within,geometry-fixedcompute-10k-lejepa-imagenet-50ksteps,50000,backbone,gap,2048,lejepa,imagenet,468,19.755393533758774,,,,,,lejepa,imagenet,10k,within,True
lateral_canthus,31.23243522644043,22.89411544799805,24.62295341491699,62.45031356811523,followup_50k_landmark_probe,celeb_within,geometry-fixedcompute-10k-lejepa-imagenet-50ksteps,50000,backbone,gap,2048,lejepa,imagenet,468,19.755393533758774,,,,,,lejepa,imagenet,10k,within,True
lid_inferior,17.970523834228516,14.932502746582033,13.306143760681152,33.318836212158196,followup_50k_landmark_probe,celeb_within,geometry-fixedcompute-10k-lejepa-imagenet-50ksteps,50000,backbone,gap,2048,lejepa,imagenet,468,19.755393533758774,,,,,,lejepa,imagenet,10k,within,True
lid_superior,18.30870819091797,15.22792148590088,13.286348342895508,34.964569091796875,followup_50k_landmark_probe,celeb_within,geometry-fixedcompute-10k-lejepa-imagenet-50ksteps,50000,backbone,gap,2048,lejepa,imagenet,468,19.755393533758774,,,,,,lejepa,imagenet,10k,within,True
medial_canthus,32.67105484008789,23.938762664794922,25.99592590332031,71.53153991699219,followup_50k_landmark_probe,celeb_within,geometry-fixedcompute-10k-lejepa-imagenet-50ksteps,50000,backbone,gap,2048,lejepa,imagenet,468,19.755393533758774,,,,,,lejepa,imagenet,10k,within,True
sclera_inferior,19.314367294311523,16.399530410766598,13.623495101928713,36.14909744262695,followup_50k_landmark_probe,celeb_within,geometry-fixedcompute-10k-lejepa-imagenet-50ksteps,50000,backbone,gap,2048,lejepa,imagenet,468,19.755393533758774,,,,,,lejepa,imagenet,10k,within,True
sclera_superior,18.010984420776367,14.861446380615234,13.31165599822998,33.31555557250977,followup_50k_landmark_probe,celeb_within,geometry-fixedcompute-10k-lejepa-imagenet-50ksteps,50000,backbone,gap,2048,lejepa,imagenet,468,19.755393533758774,,,,,,lejepa,imagenet,10k,within,True
iris_centroid,14.314179420471193,12.413439750671387,9.40330982208252,26.128597259521484,followup_50k_landmark_probe,celeb_within,geometry-fixedcompute-100k-lejepa-imagenet-50ksteps,50000,backbone,gap,2048,lejepa,imagenet,531,14.921271704585175,,,,,,lejepa,imagenet,100k,within,True
iris_inferior,15.033842086791992,13.244771957397461,9.55242156982422,26.776500701904297,followup_50k_landmark_probe,celeb_within,geometry-fixedcompute-100k-lejepa-imagenet-50ksteps,50000,backbone,gap,2048,lejepa,imagenet,531,14.921271704585175,,,,,,lejepa,imagenet,100k,within,True
iris_superior,14.246338844299315,12.227132797241213,9.443689346313477,26.06682586669922,followup_50k_landmark_probe,celeb_within,geometry-fixedcompute-100k-lejepa-imagenet-50ksteps,50000,backbone,gap,2048,lejepa,imagenet,531,14.921271704585175,,,,,,lejepa,imagenet,100k,within,True
lateral_canthus,23.62568473815918,18.242332458496094,18.375831604003906,47.79070281982422,followup_50k_landmark_probe,celeb_within,geometry-fixedcompute-100k-lejepa-imagenet-50ksteps,50000,backbone,gap,2048,lejepa,imagenet,531,14.921271704585175,,,,,,lejepa,imagenet,100k,within,True
lid_inferior,14.326515197753904,11.760519027709961,9.362868309020996,26.62924575805664,followup_50k_landmark_probe,celeb_within,geometry-fixedcompute-100k-lejepa-imagenet-50ksteps,50000,backbone,gap,2048,lejepa,imagenet,531,14.921271704585175,,,,,,lejepa,imagenet,100k,within,True
lid_superior,14.645434379577635,12.594995498657227,9.471607208251953,26.410785675048828,followup_50k_landmark_probe,celeb_within,geometry-fixedcompute-100k-lejepa-imagenet-50ksteps,50000,backbone,gap,2048,lejepa,imagenet,531,14.921271704585175,,,,,,lejepa,imagenet,100k,within,True
medial_canthus,25.873088836669922,19.42016792297364,21.88392639160156,57.77574920654297,followup_50k_landmark_probe,celeb_within,geometry-fixedcompute-100k-lejepa-imagenet-50ksteps,50000,backbone,gap,2048,lejepa,imagenet,531,14.921271704585175,,,,,,lejepa,imagenet,100k,within,True
sclera_inferior,15.25306797027588,13.54310417175293,9.43541145324707,26.904956817626964,followup_50k_landmark_probe,celeb_within,geometry-fixedcompute-100k-lejepa-imagenet-50ksteps,50000,backbone,gap,2048,lejepa,imagenet,531,14.921271704585175,,,,,,lejepa,imagenet,100k,within,True
sclera_superior,14.358036994934082,11.779317855834961,9.373191833496094,26.70848846435547,followup_50k_landmark_probe,celeb_within,geometry-fixedcompute-100k-lejepa-imagenet-50ksteps,50000,backbone,gap,2048,lejepa,imagenet,531,14.921271704585175,,,,,,lejepa,imagenet,100k,within,True
iris_centroid,14.540172576904295,12.096962928771973,9.798327445983887,27.55974578857422,followup_50k_landmark_probe,celeb_within,geometry-fixedcompute-1m-lejepa-imagenet-50ksteps,50000,backbone,gap,2048,lejepa,imagenet,526,14.75159295399984,,,,,,lejepa,imagenet,1m,within,True
iris_inferior,15.320892333984375,13.07918930053711,9.815606117248537,29.082012176513672,followup_50k_landmark_probe,celeb_within,geometry-fixedcompute-1m-lejepa-imagenet-50ksteps,50000,backbone,gap,2048,lejepa,imagenet,526,14.75159295399984,,,,,,lejepa,imagenet,1m,within,True
iris_superior,14.426155090332033,12.002426147460938,9.851872444152832,27.30255508422852,followup_50k_landmark_probe,celeb_within,geometry-fixedcompute-1m-lejepa-imagenet-50ksteps,50000,backbone,gap,2048,lejepa,imagenet,526,14.75159295399984,,,,,,lejepa,imagenet,1m,within,True
lateral_canthus,23.2755069732666,17.691537857055664,18.77275657653809,46.33430862426758,followup_50k_landmark_probe,celeb_within,geometry-fixedcompute-1m-lejepa-imagenet-50ksteps,50000,backbone,gap,2048,lejepa,imagenet,526,14.75159295399984,,,,,,lejepa,imagenet,1m,within,True
lid_inferior,14.509685516357422,11.73595905303955,9.732772827148438,27.389179229736328,followup_50k_landmark_probe,celeb_within,geometry-fixedcompute-1m-lejepa-imagenet-50ksteps,50000,backbone,gap,2048,lejepa,imagenet,526,14.75159295399984,,,,,,lejepa,imagenet,1m,within,True
lid_superior,14.874222755432127,12.802469253540039,9.670088768005373,28.0982723236084,followup_50k_landmark_probe,celeb_within,geometry-fixedcompute-1m-lejepa-imagenet-50ksteps,50000,backbone,gap,2048,lejepa,imagenet,526,14.75159295399984,,,,,,lejepa,imagenet,1m,within,True
medial_canthus,26.219165802001964,19.363187789916992,23.209259033203125,56.18489074707031,followup_50k_landmark_probe,celeb_within,geometry-fixedcompute-1m-lejepa-imagenet-50ksteps,50000,backbone,gap,2048,lejepa,imagenet,526,14.75159295399984,,,,,,lejepa,imagenet,1m,within,True
sclera_inferior,15.240715980529785,12.31767749786377,10.053295135498047,28.3889102935791,followup_50k_landmark_probe,celeb_within,geometry-fixedcompute-1m-lejepa-imagenet-50ksteps,50000,backbone,gap,2048,lejepa,imagenet,526,14.75159295399984,,,,,,lejepa,imagenet,1m,within,True
sclera_superior,14.493432998657227,11.709101676940918,9.731550216674805,27.32319450378418,followup_50k_landmark_probe,celeb_within,geometry-fixedcompute-1m-lejepa-imagenet-50ksteps,50000,backbone,gap,2048,lejepa,imagenet,526,14.75159295399984,,,,,,lejepa,imagenet,1m,within,True
iris_centroid,14.702728271484375,11.897726058959961,11.093555450439453,27.07508659362793,followup_50k_landmark_probe,celeb_within,geometry-fixedcompute-10k-vicreg-imagenet-50ksteps,50000,backbone,gap,2048,vicreg,imagenet,842,15.955709050913324,,,,,,vicreg,imagenet,10k,within,True
iris_inferior,15.320157051086426,12.658424377441404,11.405468940734865,27.78530120849609,followup_50k_landmark_probe,celeb_within,geometry-fixedcompute-10k-vicreg-imagenet-50ksteps,50000,backbone,gap,2048,vicreg,imagenet,842,15.955709050913324,,,,,,vicreg,imagenet,10k,within,True
iris_superior,14.621636390686035,11.935827255249025,11.052106857299805,27.104774475097656,followup_50k_landmark_probe,celeb_within,geometry-fixedcompute-10k-vicreg-imagenet-50ksteps,50000,backbone,gap,2048,vicreg,imagenet,842,15.955709050913324,,,,,,vicreg,imagenet,10k,within,True
lateral_canthus,21.24653625488281,16.94051742553711,17.505977630615234,42.24136352539063,followup_50k_landmark_probe,celeb_within,geometry-fixedcompute-10k-vicreg-imagenet-50ksteps,50000,backbone,gap,2048,vicreg,imagenet,842,15.955709050913324,,,,,,vicreg,imagenet,10k,within,True
lid_inferior,14.593062400817873,11.462313652038574,11.1090726852417,27.440074920654297,followup_50k_landmark_probe,celeb_within,geometry-fixedcompute-10k-vicreg-imagenet-50ksteps,50000,backbone,gap,2048,vicreg,imagenet,842,15.955709050913324,,,,,,vicreg,imagenet,10k,within,True
lid_superior,15.058815002441404,12.264653205871582,11.1652193069458,27.95113945007324,followup_50k_landmark_probe,celeb_within,geometry-fixedcompute-10k-vicreg-imagenet-50ksteps,50000,backbone,gap,2048,vicreg,imagenet,842,15.955709050913324,,,,,,vicreg,imagenet,10k,within,True
medial_canthus,26.37638854980469,19.17941665649414,23.08242225646973,57.71094512939453,followup_50k_landmark_probe,celeb_within,geometry-fixedcompute-10k-vicreg-imagenet-50ksteps,50000,backbone,gap,2048,vicreg,imagenet,842,15.955709050913324,,,,,,vicreg,imagenet,10k,within,True
sclera_inferior,15.388129234313965,12.389593124389648,11.364641189575195,29.162841796875,followup_50k_landmark_probe,celeb_within,geometry-fixedcompute-10k-vicreg-imagenet-50ksteps,50000,backbone,gap,2048,vicreg,imagenet,842,15.955709050913324,,,,,,vicreg,imagenet,10k,within,True
sclera_superior,14.610203742980955,11.518855094909668,11.13252067565918,27.54258918762207,followup_50k_landmark_probe,celeb_within,geometry-fixedcompute-10k-vicreg-imagenet-50ksteps,50000,backbone,gap,2048,vicreg,imagenet,842,15.955709050913324,,,,,,vicreg,imagenet,10k,within,True
iris_centroid,9.516560554504396,7.82716703414917,6.68614387512207,17.824546813964844,followup_50k_landmark_probe,celeb_within,geometry-fixedcompute-100k-vicreg-imagenet-50ksteps,50000,backbone,gap,2048,vicreg,imagenet,975,9.811432603929862,,,,,,vicreg,imagenet,100k,within,True
iris_inferior,9.914470672607422,8.471968650817871,6.852869987487793,18.22359275817871,followup_50k_landmark_probe,celeb_within,geometry-fixedcompute-100k-vicreg-imagenet-50ksteps,50000,backbone,gap,2048,vicreg,imagenet,975,9.811432603929862,,,,,,vicreg,imagenet,100k,within,True
iris_superior,9.882134437561037,8.361329078674316,6.7125282287597665,17.203426361083984,followup_50k_landmark_probe,celeb_within,geometry-fixedcompute-100k-vicreg-imagenet-50ksteps,50000,backbone,gap,2048,vicreg,imagenet,975,9.811432603929862,,,,,,vicreg,imagenet,100k,within,True
lateral_canthus,13.627744674682615,10.128084182739258,12.357891082763672,26.623767852783203,followup_50k_landmark_probe,celeb_within,geometry-fixedcompute-100k-vicreg-imagenet-50ksteps,50000,backbone,gap,2048,vicreg,imagenet,975,9.811432603929862,,,,,,vicreg,imagenet,100k,within,True
lid_inferior,9.610054969787598,8.347489356994629,6.794458866119385,17.384580612182614,followup_50k_landmark_probe,celeb_within,geometry-fixedcompute-100k-vicreg-imagenet-50ksteps,50000,backbone,gap,2048,vicreg,imagenet,975,9.811432603929862,,,,,,vicreg,imagenet,100k,within,True
lid_superior,10.352827072143556,8.646491050720215,7.23395299911499,19.5269718170166,followup_50k_landmark_probe,celeb_within,geometry-fixedcompute-100k-vicreg-imagenet-50ksteps,50000,backbone,gap,2048,vicreg,imagenet,975,9.811432603929862,,,,,,vicreg,imagenet,100k,within,True
medial_canthus,15.974215507507324,11.34799861907959,14.958633422851562,32.538158416748054,followup_50k_landmark_probe,celeb_within,geometry-fixedcompute-100k-vicreg-imagenet-50ksteps,50000,backbone,gap,2048,vicreg,imagenet,975,9.811432603929862,,,,,,vicreg,imagenet,100k,within,True
sclera_inferior,10.3270902633667,8.786190032958983,7.000348091125487,18.825502395629886,followup_50k_landmark_probe,celeb_within,geometry-fixedcompute-100k-vicreg-imagenet-50ksteps,50000,backbone,gap,2048,vicreg,imagenet,975,9.811432603929862,,,,,,vicreg,imagenet,100k,within,True
sclera_superior,9.603071212768556,8.301390647888184,6.798311233520508,17.47615623474121,followup_50k_landmark_probe,celeb_within,geometry-fixedcompute-100k-vicreg-imagenet-50ksteps,50000,backbone,gap,2048,vicreg,imagenet,975,9.811432603929862,,,,,,vicreg,imagenet,100k,within,True
iris_centroid,10.01883316040039,8.437899589538574,7.369538307189941,20.353557586669922,followup_50k_landmark_probe,celeb_within,geometry-fixedcompute-1m-vicreg-imagenet-50ksteps,50000,backbone,gap,2048,vicreg,imagenet,894,10.351703159144668,,,,,,vicreg,imagenet,1m,within,True
iris_inferior,10.4556245803833,8.609512329101562,7.472655773162843,20.876859664916992,followup_50k_landmark_probe,celeb_within,geometry-fixedcompute-1m-vicreg-imagenet-50ksteps,50000,backbone,gap,2048,vicreg,imagenet,894,10.351703159144668,,,,,,vicreg,imagenet,1m,within,True
iris_superior,10.340728759765623,8.746198654174805,7.42893123626709,20.66925048828125,followup_50k_landmark_probe,celeb_within,geometry-fixedcompute-1m-vicreg-imagenet-50ksteps,50000,backbone,gap,2048,vicreg,imagenet,894,10.351703159144668,,,,,,vicreg,imagenet,1m,within,True
lateral_canthus,14.843183517456055,10.924723625183104,13.809785842895508,27.505107879638672,followup_50k_landmark_probe,celeb_within,geometry-fixedcompute-1m-vicreg-imagenet-50ksteps,50000,backbone,gap,2048,vicreg,imagenet,894,10.351703159144668,,,,,,vicreg,imagenet,1m,within,True
lid_inferior,10.120121955871582,8.283279418945312,7.4576473236083975,20.22223472595215,followup_50k_landmark_probe,celeb_within,geometry-fixedcompute-1m-vicreg-imagenet-50ksteps,50000,backbone,gap,2048,vicreg,imagenet,894,10.351703159144668,,,,,,vicreg,imagenet,1m,within,True
lid_superior,11.141064643859863,9.306714057922363,7.917727947235107,21.475339889526367,followup_50k_landmark_probe,celeb_within,geometry-fixedcompute-1m-vicreg-imagenet-50ksteps,50000,backbone,gap,2048,vicreg,imagenet,894,10.351703159144668,,,,,,vicreg,imagenet,1m,within,True
medial_canthus,16.477025985717773,11.618115425109865,15.74980640411377,37.22610092163086,followup_50k_landmark_probe,celeb_within,geometry-fixedcompute-1m-vicreg-imagenet-50ksteps,50000,backbone,gap,2048,vicreg,imagenet,894,10.351703159144668,,,,,,vicreg,imagenet,1m,within,True
sclera_inferior,10.87825870513916,9.45761775970459,7.479842185974121,19.967836380004886,followup_50k_landmark_probe,celeb_within,geometry-fixedcompute-1m-vicreg-imagenet-50ksteps,50000,backbone,gap,2048,vicreg,imagenet,894,10.351703159144668,,,,,,vicreg,imagenet,1m,within,True
sclera_superior,10.1026611328125,8.356729507446289,7.4528446197509775,20.150108337402344,followup_50k_landmark_probe,celeb_within,geometry-fixedcompute-1m-vicreg-imagenet-50ksteps,50000,backbone,gap,2048,vicreg,imagenet,894,10.351703159144668,,,,,,vicreg,imagenet,1m,within,True
iris_centroid,11.28693675994873,8.815507888793945,9.322843551635742,21.492637634277344,followup_50k_landmark_probe,celeb_within,baseline-random,0,backbone,g4,32768,baseline,random,208,16.501477048696717,,,,,,baseline,random,baseline,within,True
iris_inferior,11.925339698791506,9.531076431274414,9.434111595153807,22.496501922607425,followup_50k_landmark_probe,celeb_within,baseline-random,0,backbone,g4,32768,baseline,random,208,16.501477048696717,,,,,,baseline,random,baseline,within,True
iris_superior,11.446649551391602,8.81226634979248,9.277543067932127,22.11306381225586,followup_50k_landmark_probe,celeb_within,baseline-random,0,backbone,g4,32768,baseline,random,208,16.501477048696717,,,,,,baseline,random,baseline,within,True
lateral_canthus,25.73476791381836,20.83644294738769,19.43866729736328,50.94852828979492,followup_50k_landmark_probe,celeb_within,baseline-random,0,backbone,g4,32768,baseline,random,208,16.501477048696717,,,,,,baseline,random,baseline,within,True
lid_inferior,11.376431465148926,8.710858345031737,9.287923812866213,23.09679412841797,followup_50k_landmark_probe,celeb_within,baseline-random,0,backbone,g4,32768,baseline,random,208,16.501477048696717,,,,,,baseline,random,baseline,within,True
lid_superior,12.815892219543455,10.245152473449707,9.54167652130127,23.974231719970703,followup_50k_landmark_probe,celeb_within,baseline-random,0,backbone,g4,32768,baseline,random,208,16.501477048696717,,,,,,baseline,random,baseline,within,True
medial_canthus,32.713363647460945,23.959627151489247,25.966594696044922,71.63267517089844,followup_50k_landmark_probe,celeb_within,baseline-random,0,backbone,g4,32768,baseline,random,208,16.501477048696717,,,,,,baseline,random,baseline,within,True
sclera_inferior,12.63931941986084,10.460002899169922,9.376280784606934,23.984529495239247,followup_50k_landmark_probe,celeb_within,baseline-random,0,backbone,g4,32768,baseline,random,208,16.501477048696717,,,,,,baseline,random,baseline,within,True
sclera_superior,11.362608909606935,8.629986763000487,9.279374122619627,23.086036682128906,followup_50k_landmark_probe,celeb_within,baseline-random,0,backbone,g4,32768,baseline,random,208,16.501477048696717,,,,,,baseline,random,baseline,within,True
iris_centroid,5.941998481750487,4.896176338195801,4.400300025939941,11.060673713684082,followup_50k_landmark_probe,celeb_within,geometry-fixedcompute-10k-infonce-random-50ksteps,50000,backbone,g4,32768,infonce,random,344,6.315409266883558,,,,,,infonce,random,10k,within,True
iris_inferior,6.429020881652832,5.318888187408447,4.764527320861816,12.30064582824707,followup_50k_landmark_probe,celeb_within,geometry-fixedcompute-10k-infonce-random-50ksteps,50000,backbone,g4,32768,infonce,random,344,6.315409266883558,,,,,,infonce,random,10k,within,True
iris_superior,6.185215473175049,5.187422275543213,4.567304611206055,11.253539085388184,followup_50k_landmark_probe,celeb_within,geometry-fixedcompute-10k-infonce-random-50ksteps,50000,backbone,g4,32768,infonce,random,344,6.315409266883558,,,,,,infonce,random,10k,within,True
lateral_canthus,7.555622100830077,6.4801506996154785,5.159506797790527,13.325429916381836,followup_50k_landmark_probe,celeb_within,geometry-fixedcompute-10k-infonce-random-50ksteps,50000,backbone,g4,32768,infonce,random,344,6.315409266883558,,,,,,infonce,random,10k,within,True
lid_inferior,5.714738845825195,4.8046913146972665,4.233144283294679,10.222939491271973,followup_50k_landmark_probe,celeb_within,geometry-fixedcompute-10k-infonce-random-50ksteps,50000,backbone,g4,32768,infonce,random,344,6.315409266883558,,,,,,infonce,random,10k,within,True
lid_superior,6.21820592880249,5.665530681610107,4.397931098937988,10.562973022460938,followup_50k_landmark_probe,celeb_within,geometry-fixedcompute-10k-infonce-random-50ksteps,50000,backbone,g4,32768,infonce,random,344,6.315409266883558,,,,,,infonce,random,10k,within,True
medial_canthus,8.543269157409668,7.170750141143799,5.775909900665282,15.85547924041748,followup_50k_landmark_probe,celeb_within,geometry-fixedcompute-10k-infonce-random-50ksteps,50000,backbone,g4,32768,infonce,random,344,6.315409266883558,,,,,,infonce,random,10k,within,True
sclera_inferior,6.4526686668396,5.14056921005249,5.098764896392822,12.40219783782959,followup_50k_landmark_probe,celeb_within,geometry-fixedcompute-10k-infonce-random-50ksteps,50000,backbone,g4,32768,infonce,random,344,6.315409266883558,,,,,,infonce,random,10k,within,True
sclera_superior,5.75565767288208,4.770834922790527,4.2399492263793945,10.18266487121582,followup_50k_landmark_probe,celeb_within,geometry-fixedcompute-10k-infonce-random-50ksteps,50000,backbone,g4,32768,infonce,random,344,6.315409266883558,,,,,,infonce,random,10k,within,True
iris_centroid,5.5302557945251465,4.9281086921691895,3.814427137374878,10.152853012084961,followup_50k_landmark_probe,celeb_within,geometry-fixedcompute-100k-infonce-random-50ksteps,50000,backbone,g4,32768,infonce,random,310,5.830992868037822,,,,,,infonce,random,100k,within,True
iris_inferior,6.184130668640138,5.320720195770264,4.0660128593444815,11.302698135375975,followup_50k_landmark_probe,celeb_within,geometry-fixedcompute-100k-infonce-random-50ksteps,50000,backbone,g4,32768,infonce,random,310,5.830992868037822,,,,,,infonce,random,100k,within,True
iris_superior,5.869776725769043,5.241235733032227,3.9791796207427983,10.87576961517334,followup_50k_landmark_probe,celeb_within,geometry-fixedcompute-100k-infonce-random-50ksteps,50000,backbone,g4,32768,infonce,random,310,5.830992868037822,,,,,,infonce,random,100k,within,True
lateral_canthus,7.501280784606934,6.492587566375732,5.6546287536621085,12.79726791381836,followup_50k_landmark_probe,celeb_within,geometry-fixedcompute-100k-infonce-random-50ksteps,50000,backbone,g4,32768,infonce,random,310,5.830992868037822,,,,,,infonce,random,100k,within,True
lid_inferior,5.2053117752075195,4.537668228149414,3.7125134468078613,9.137701034545898,followup_50k_landmark_probe,celeb_within,geometry-fixedcompute-100k-infonce-random-50ksteps,50000,backbone,g4,32768,infonce,random,310,5.830992868037822,,,,,,infonce,random,100k,within,True
lid_superior,5.989542484283447,5.423370361328125,4.028012275695802,10.403196334838867,followup_50k_landmark_probe,celeb_within,geometry-fixedcompute-100k-infonce-random-50ksteps,50000,backbone,g4,32768,infonce,random,310,5.830992868037822,,,,,,infonce,random,100k,within,True
medial_canthus,8.564204216003418,7.563229084014893,5.565366744995117,14.927094459533693,followup_50k_landmark_probe,celeb_within,geometry-fixedcompute-100k-infonce-random-50ksteps,50000,backbone,g4,32768,infonce,random,310,5.830992868037822,,,,,,infonce,random,100k,within,True
sclera_inferior,5.8476929664611825,5.070815563201903,4.251801490783691,10.572565078735352,followup_50k_landmark_probe,celeb_within,geometry-fixedcompute-100k-infonce-random-50ksteps,50000,backbone,g4,32768,infonce,random,310,5.830992868037822,,,,,,infonce,random,100k,within,True
sclera_superior,5.161799907684326,4.612705707550049,3.7015748023986816,9.016586303710938,followup_50k_landmark_probe,celeb_within,geometry-fixedcompute-100k-infonce-random-50ksteps,50000,backbone,g4,32768,infonce,random,310,5.830992868037822,,,,,,infonce,random,100k,within,True
iris_centroid,4.8523454666137695,4.159751892089844,3.221633195877075,8.746834754943848,followup_50k_landmark_probe,celeb_within,geometry-fixedcompute-1m-infonce-random-50ksteps,50000,backbone,g4,32768,infonce,random,327,5.584826365194687,,,,,,infonce,random,1m,within,True
iris_inferior,5.339840888977051,4.595499038696289,3.3058071136474614,9.853615760803224,followup_50k_landmark_probe,celeb_within,geometry-fixedcompute-1m-infonce-random-50ksteps,50000,backbone,g4,32768,infonce,random,327,5.584826365194687,,,,,,infonce,random,1m,within,True
iris_superior,5.317621231079102,4.58374547958374,3.6285111904144287,9.55737590789795,followup_50k_landmark_probe,celeb_within,geometry-fixedcompute-1m-infonce-random-50ksteps,50000,backbone,g4,32768,infonce,random,327,5.584826365194687,,,,,,infonce,random,1m,within,True
lateral_canthus,6.792481899261475,5.833589553833008,4.626923084259033,11.886637687683105,followup_50k_landmark_probe,celeb_within,geometry-fixedcompute-1m-infonce-random-50ksteps,50000,backbone,g4,32768,infonce,random,327,5.584826365194687,,,,,,infonce,random,1m,within,True
lid_inferior,4.736839294433594,4.085421562194823,3.349867105484009,8.291878700256348,followup_50k_landmark_probe,celeb_within,geometry-fixedcompute-1m-infonce-random-50ksteps,50000,backbone,g4,32768,infonce,random,327,5.584826365194687,,,,,,infonce,random,1m,within,True
lid_superior,5.268487930297852,4.566608428955078,3.4916286468505864,9.915801048278807,followup_50k_landmark_probe,celeb_within,geometry-fixedcompute-1m-infonce-random-50ksteps,50000,backbone,g4,32768,infonce,random,327,5.584826365194687,,,,,,infonce,random,1m,within,True
medial_canthus,7.703030586242676,6.947146892547607,4.811131954193115,14.015316009521484,followup_50k_landmark_probe,celeb_within,geometry-fixedcompute-1m-infonce-random-50ksteps,50000,backbone,g4,32768,infonce,random,327,5.584826365194687,,,,,,infonce,random,1m,within,True
sclera_inferior,5.7018609046936035,4.872754096984863,4.164501190185547,10.25927448272705,followup_50k_landmark_probe,celeb_within,geometry-fixedcompute-1m-infonce-random-50ksteps,50000,backbone,g4,32768,infonce,random,327,5.584826365194687,,,,,,infonce,random,1m,within,True
sclera_superior,4.670046806335449,3.969661951065064,3.3401567935943604,8.247023582458496,followup_50k_landmark_probe,celeb_within,geometry-fixedcompute-1m-infonce-random-50ksteps,50000,backbone,g4,32768,infonce,random,327,5.584826365194687,,,,,,infonce,random,1m,within,True
iris_centroid,5.7153587341308585,4.5833282470703125,4.5229997634887695,10.450270652770996,followup_50k_landmark_probe,celeb_within,geometry-fixedcompute-10k-lejepa-random-50ksteps,50000,backbone,g4,32768,lejepa,random,227,6.357393569633608,,,,,,lejepa,random,10k,within,True
iris_inferior,6.151045322418213,5.120949745178223,4.716413497924805,11.553704261779785,followup_50k_landmark_probe,celeb_within,geometry-fixedcompute-10k-lejepa-random-50ksteps,50000,backbone,g4,32768,lejepa,random,227,6.357393569633608,,,,,,lejepa,random,10k,within,True
iris_superior,6.4860992431640625,5.5006680488586435,4.761340618133545,12.014548301696776,followup_50k_landmark_probe,celeb_within,geometry-fixedcompute-10k-lejepa-random-50ksteps,50000,backbone,g4,32768,lejepa,random,227,6.357393569633608,,,,,,lejepa,random,10k,within,True
lateral_canthus,8.225140571594237,6.959536075592041,5.998923778533936,14.953221321105955,followup_50k_landmark_probe,celeb_within,geometry-fixedcompute-10k-lejepa-random-50ksteps,50000,backbone,g4,32768,lejepa,random,227,6.357393569633608,,,,,,lejepa,random,10k,within,True
lid_inferior,5.774425983428955,4.735064506530762,4.588566780090332,10.888054847717283,followup_50k_landmark_probe,celeb_within,geometry-fixedcompute-10k-lejepa-random-50ksteps,50000,backbone,g4,32768,lejepa,random,227,6.357393569633608,,,,,,lejepa,random,10k,within,True
lid_superior,6.527668476104736,5.63476037979126,4.929701805114746,12.08453369140625,followup_50k_landmark_probe,celeb_within,geometry-fixedcompute-10k-lejepa-random-50ksteps,50000,backbone,g4,32768,lejepa,random,227,6.357393569633608,,,,,,lejepa,random,10k,within,True
medial_canthus,8.835013389587402,7.7877745628356925,5.809122562408447,15.736080169677734,followup_50k_landmark_probe,celeb_within,geometry-fixedcompute-10k-lejepa-random-50ksteps,50000,backbone,g4,32768,lejepa,random,227,6.357393569633608,,,,,,lejepa,random,10k,within,True
sclera_inferior,6.775632858276367,5.423111915588379,5.1231513023376465,12.604706764221193,followup_50k_landmark_probe,celeb_within,geometry-fixedcompute-10k-lejepa-random-50ksteps,50000,backbone,g4,32768,lejepa,random,227,6.357393569633608,,,,,,lejepa,random,10k,within,True
sclera_superior,5.663753032684326,4.657167911529541,4.560516834259033,10.768058776855467,followup_50k_landmark_probe,celeb_within,geometry-fixedcompute-10k-lejepa-random-50ksteps,50000,backbone,g4,32768,lejepa,random,227,6.357393569633608,,,,,,lejepa,random,10k,within,True
iris_centroid,5.768564224243164,4.597914695739746,4.548146724700928,10.692642211914062,followup_50k_landmark_probe,celeb_within,geometry-fixedcompute-100k-lejepa-random-50ksteps,50000,backbone,g4,32768,lejepa,random,423,6.017746026398705,,,,,,lejepa,random,100k,within,True
iris_inferior,6.232423305511475,5.107128620147705,4.761516571044922,11.243819236755373,followup_50k_landmark_probe,celeb_within,geometry-fixedcompute-100k-lejepa-random-50ksteps,50000,backbone,g4,32768,lejepa,random,423,6.017746026398705,,,,,,lejepa,random,100k,within,True
iris_superior,6.284914016723633,5.355691909790039,4.712771415710449,11.238741874694824,followup_50k_landmark_probe,celeb_within,geometry-fixedcompute-100k-lejepa-random-50ksteps,50000,backbone,g4,32768,lejepa,random,423,6.017746026398705,,,,,,lejepa,random,100k,within,True
lateral_canthus,8.039079666137695,6.726297855377197,7.051044940948486,14.00913143157959,followup_50k_landmark_probe,celeb_within,geometry-fixedcompute-100k-lejepa-random-50ksteps,50000,backbone,g4,32768,lejepa,random,423,6.017746026398705,,,,,,lejepa,random,100k,within,True
lid_inferior,5.399624824523926,4.304209232330321,4.571364402770996,10.36460018157959,followup_50k_landmark_probe,celeb_within,geometry-fixedcompute-100k-lejepa-random-50ksteps,50000,backbone,g4,32768,lejepa,random,423,6.017746026398705,,,,,,lejepa,random,100k,within,True
lid_superior,6.08930778503418,4.967557430267334,4.91505765914917,11.706801414489744,followup_50k_landmark_probe,celeb_within,geometry-fixedcompute-100k-lejepa-random-50ksteps,50000,backbone,g4,32768,lejepa,random,423,6.017746026398705,,,,,,lejepa,random,100k,within,True
medial_canthus,8.785216331481934,7.785824298858643,5.722960948944093,16.55999755859375,followup_50k_landmark_probe,celeb_within,geometry-fixedcompute-100k-lejepa-random-50ksteps,50000,backbone,g4,32768,lejepa,random,423,6.017746026398705,,,,,,lejepa,random,100k,within,True
sclera_inferior,6.546035289764403,5.112149715423584,5.24889612197876,12.889974594116213,followup_50k_landmark_probe,celeb_within,geometry-fixedcompute-100k-lejepa-random-50ksteps,50000,backbone,g4,32768,lejepa,random,423,6.017746026398705,,,,,,lejepa,random,100k,within,True
sclera_superior,5.392138481140137,4.263833999633788,4.549815654754639,10.24327278137207,followup_50k_landmark_probe,celeb_within,geometry-fixedcompute-100k-lejepa-random-50ksteps,50000,backbone,g4,32768,lejepa,random,423,6.017746026398705,,,,,,lejepa,random,100k,within,True
iris_centroid,5.422924041748047,4.437449455261231,4.232457160949707,9.502307891845703,followup_50k_landmark_probe,celeb_within,geometry-fixedcompute-1m-lejepa-random-50ksteps,50000,backbone,g4,32768,lejepa,random,610,6.0942042173583655,,,,,,lejepa,random,1m,within,True
iris_inferior,6.045564651489258,5.150367736816406,4.461309909820557,10.70873737335205,followup_50k_landmark_probe,celeb_within,geometry-fixedcompute-1m-lejepa-random-50ksteps,50000,backbone,g4,32768,lejepa,random,610,6.0942042173583655,,,,,,lejepa,random,1m,within,True
iris_superior,5.993342876434326,5.0215983390808105,4.4885287284851065,10.588674545288086,followup_50k_landmark_probe,celeb_within,geometry-fixedcompute-1m-lejepa-random-50ksteps,50000,backbone,g4,32768,lejepa,random,610,6.0942042173583655,,,,,,lejepa,random,1m,within,True
lateral_canthus,7.725895881652832,6.431140422821045,6.047698497772218,14.664443016052244,followup_50k_landmark_probe,celeb_within,geometry-fixedcompute-1m-lejepa-random-50ksteps,50000,backbone,g4,32768,lejepa,random,610,6.0942042173583655,,,,,,lejepa,random,1m,within,True
lid_inferior,5.337689399719238,4.281400680541991,4.298593997955321,10.082806587219238,followup_50k_landmark_probe,celeb_within,geometry-fixedcompute-1m-lejepa-random-50ksteps,50000,backbone,g4,32768,lejepa,random,610,6.0942042173583655,,,,,,lejepa,random,1m,within,True
lid_superior,6.066668510437013,5.110109806060791,4.544583320617676,10.704259872436523,followup_50k_landmark_probe,celeb_within,geometry-fixedcompute-1m-lejepa-random-50ksteps,50000,backbone,g4,32768,lejepa,random,610,6.0942042173583655,,,,,,lejepa,random,1m,within,True
medial_canthus,8.535758972167969,7.5323662757873535,5.795233726501465,14.43384075164795,followup_50k_landmark_probe,celeb_within,geometry-fixedcompute-1m-lejepa-random-50ksteps,50000,backbone,g4,32768,lejepa,random,610,6.0942042173583655,,,,,,lejepa,random,1m,within,True
sclera_inferior,6.171100616455077,5.099839687347412,4.581375598907472,10.791956901550293,followup_50k_landmark_probe,celeb_within,geometry-fixedcompute-1m-lejepa-random-50ksteps,50000,backbone,g4,32768,lejepa,random,610,6.0942042173583655,,,,,,lejepa,random,1m,within,True
sclera_superior,5.392049789428711,4.349891662597656,4.330620288848877,10.178196907043457,followup_50k_landmark_probe,celeb_within,geometry-fixedcompute-1m-lejepa-random-50ksteps,50000,backbone,g4,32768,lejepa,random,610,6.0942042173583655,,,,,,lejepa,random,1m,within,True
iris_centroid,6.1741485595703125,5.299550533294678,4.0959343910217285,10.949891090393066,followup_50k_landmark_probe,celeb_within,geometry-fixedcompute-10k-vicreg-random-50ksteps,50000,backbone,g4,32768,vicreg,random,341,6.406201193241474,,,,,,vicreg,random,10k,within,True
iris_inferior,6.826976299285889,5.9393863677978525,4.385363578796387,12.776721000671387,followup_50k_landmark_probe,celeb_within,geometry-fixedcompute-10k-vicreg-random-50ksteps,50000,backbone,g4,32768,vicreg,random,341,6.406201193241474,,,,,,vicreg,random,10k,within,True
iris_superior,6.263998031616211,5.2395453453063965,4.179926872253418,11.639209747314453,followup_50k_landmark_probe,celeb_within,geometry-fixedcompute-10k-vicreg-random-50ksteps,50000,backbone,g4,32768,vicreg,random,341,6.406201193241474,,,,,,vicreg,random,10k,within,True
lateral_canthus,7.89592170715332,7.106621265411378,5.084300518035889,14.212698936462402,followup_50k_landmark_probe,celeb_within,geometry-fixedcompute-10k-vicreg-random-50ksteps,50000,backbone,g4,32768,vicreg,random,341,6.406201193241474,,,,,,vicreg,random,10k,within,True
lid_inferior,5.5126004219055185,4.518019676208496,3.9724371433258057,9.8113431930542,followup_50k_landmark_probe,celeb_within,geometry-fixedcompute-10k-vicreg-random-50ksteps,50000,backbone,g4,32768,vicreg,random,341,6.406201193241474,,,,,,vicreg,random,10k,within,True
lid_superior,6.549114227294923,5.777218341827393,4.505678653717041,12.020873069763185,followup_50k_landmark_probe,celeb_within,geometry-fixedcompute-10k-vicreg-random-50ksteps,50000,backbone,g4,32768,vicreg,random,341,6.406201193241474,,,,,,vicreg,random,10k,within,True
medial_canthus,8.405562400817871,6.732369899749756,6.174509525299072,15.185200691223145,followup_50k_landmark_probe,celeb_within,geometry-fixedcompute-10k-vicreg-random-50ksteps,50000,backbone,g4,32768,vicreg,random,341,6.406201193241474,,,,,,vicreg,random,10k,within,True
sclera_inferior,6.477235794067383,5.602858543395996,4.540028095245361,11.491015434265135,followup_50k_landmark_probe,celeb_within,geometry-fixedcompute-10k-vicreg-random-50ksteps,50000,backbone,g4,32768,vicreg,random,341,6.406201193241474,,,,,,vicreg,random,10k,within,True
sclera_superior,5.5720109939575195,4.5027427673339835,3.9548046588897705,10.072221755981444,followup_50k_landmark_probe,celeb_within,geometry-fixedcompute-10k-vicreg-random-50ksteps,50000,backbone,g4,32768,vicreg,random,341,6.406201193241474,,,,,,vicreg,random,10k,within,True
iris_centroid,4.964590072631836,4.2521347999572745,3.3984215259552,9.109209060668944,followup_50k_landmark_probe,celeb_within,geometry-fixedcompute-100k-vicreg-random-50ksteps,50000,backbone,g4,32768,vicreg,random,285,5.773190920470191,,,,,,vicreg,random,100k,within,True
iris_inferior,5.538666725158691,4.8294334411621085,3.6204192638397217,10.196398735046387,followup_50k_landmark_probe,celeb_within,geometry-fixedcompute-100k-vicreg-random-50ksteps,50000,backbone,g4,32768,vicreg,random,285,5.773190920470191,,,,,,vicreg,random,100k,within,True
iris_superior,5.508781909942627,4.4615559577941895,3.7699925899505615,10.475674629211426,followup_50k_landmark_probe,celeb_within,geometry-fixedcompute-100k-vicreg-random-50ksteps,50000,backbone,g4,32768,vicreg,random,285,5.773190920470191,,,,,,vicreg,random,100k,within,True
lateral_canthus,6.9997239112854,5.95837926864624,4.967238903045653,13.338616371154785,followup_50k_landmark_probe,celeb_within,geometry-fixedcompute-100k-vicreg-random-50ksteps,50000,backbone,g4,32768,vicreg,random,285,5.773190920470191,,,,,,vicreg,random,100k,within,True
lid_inferior,4.732088565826416,3.8851354122161865,3.485300779342652,8.917573928833008,followup_50k_landmark_probe,celeb_within,geometry-fixedcompute-100k-vicreg-random-50ksteps,50000,backbone,g4,32768,vicreg,random,285,5.773190920470191,,,,,,vicreg,random,100k,within,True
lid_superior,5.290915966033936,4.442694187164307,3.762697458267212,9.576424598693848,followup_50k_landmark_probe,celeb_within,geometry-fixedcompute-100k-vicreg-random-50ksteps,50000,backbone,g4,32768,vicreg,random,285,5.773190920470191,,,,,,vicreg,random,100k,within,True
medial_canthus,7.622364521026611,6.6684465408325195,5.16561222076416,14.110235214233398,followup_50k_landmark_probe,celeb_within,geometry-fixedcompute-100k-vicreg-random-50ksteps,50000,backbone,g4,32768,vicreg,random,285,5.773190920470191,,,,,,vicreg,random,100k,within,True
sclera_inferior,5.706300735473633,4.8363447189331055,3.9131999015808105,10.361223220825195,followup_50k_landmark_probe,celeb_within,geometry-fixedcompute-100k-vicreg-random-50ksteps,50000,backbone,g4,32768,vicreg,random,285,5.773190920470191,,,,,,vicreg,random,100k,within,True
sclera_superior,4.8348422050476065,4.007183074951172,3.487030029296875,8.890593528747559,followup_50k_landmark_probe,celeb_within,geometry-fixedcompute-100k-vicreg-random-50ksteps,50000,backbone,g4,32768,vicreg,random,285,5.773190920470191,,,,,,vicreg,random,100k,within,True
iris_centroid,5.251453876495361,4.373483657836913,3.5701944828033447,9.343008041381836,followup_50k_landmark_probe,celeb_within,geometry-fixedcompute-1m-vicreg-random-50ksteps,50000,backbone,g4,32768,vicreg,random,278,5.707865087060982,,,,,,vicreg,random,1m,within,True
iris_inferior,5.831115245819093,5.184763908386231,3.772694826126098,10.409845352172852,followup_50k_landmark_probe,celeb_within,geometry-fixedcompute-1m-vicreg-random-50ksteps,50000,backbone,g4,32768,vicreg,random,278,5.707865087060982,,,,,,vicreg,random,1m,within,True
iris_superior,5.674212455749513,4.921188831329347,3.872778654098511,10.163166999816896,followup_50k_landmark_probe,celeb_within,geometry-fixedcompute-1m-vicreg-random-50ksteps,50000,backbone,g4,32768,vicreg,random,278,5.707865087060982,,,,,,vicreg,random,1m,within,True
lateral_canthus,6.9475836753845215,6.228059768676758,4.439581394195557,12.017097473144533,followup_50k_landmark_probe,celeb_within,geometry-fixedcompute-1m-vicreg-random-50ksteps,50000,backbone,g4,32768,vicreg,random,278,5.707865087060982,,,,,,vicreg,random,1m,within,True
lid_inferior,5.18436336517334,4.430440425872803,3.775475025177002,9.460326194763184,followup_50k_landmark_probe,celeb_within,geometry-fixedcompute-1m-vicreg-random-50ksteps,50000,backbone,g4,32768,vicreg,random,278,5.707865087060982,,,,,,vicreg,random,1m,within,True
lid_superior,5.721467018127441,4.98889684677124,4.0062289237976065,10.11748504638672,followup_50k_landmark_probe,celeb_within,geometry-fixedcompute-1m-vicreg-random-50ksteps,50000,backbone,g4,32768,vicreg,random,278,5.707865087060982,,,,,,vicreg,random,1m,within,True
medial_canthus,7.7093262672424325,6.609931468963622,5.075415134429932,13.76768398284912,followup_50k_landmark_probe,celeb_within,geometry-fixedcompute-1m-vicreg-random-50ksteps,50000,backbone,g4,32768,vicreg,random,278,5.707865087060982,,,,,,vicreg,random,1m,within,True
sclera_inferior,5.941314220428468,5.0968594551086435,4.273805618286134,10.90701389312744,followup_50k_landmark_probe,celeb_within,geometry-fixedcompute-1m-vicreg-random-50ksteps,50000,backbone,g4,32768,vicreg,random,278,5.707865087060982,,,,,,vicreg,random,1m,within,True
sclera_superior,5.237999439239502,4.366978168487549,3.7951481342315687,9.367997169494627,followup_50k_landmark_probe,celeb_within,geometry-fixedcompute-1m-vicreg-random-50ksteps,50000,backbone,g4,32768,vicreg,random,278,5.707865087060982,,,,,,vicreg,random,1m,within,True
iris_centroid,11.896520614624025,10.48995590209961,8.399160385131836,21.6800594329834,followup_50k_landmark_probe,celeb_within,baseline-imagenet,0,backbone,g4,32768,baseline,imagenet,159,12.637835711077914,,,,,,baseline,imagenet,baseline,within,True
iris_inferior,12.7207670211792,10.924392700195312,9.07004165649414,22.809551239013672,followup_50k_landmark_probe,celeb_within,baseline-imagenet,0,backbone,g4,32768,baseline,imagenet,159,12.637835711077914,,,,,,baseline,imagenet,baseline,within,True
iris_superior,11.681320190429688,10.018597602844238,8.16282844543457,21.15741729736328,followup_50k_landmark_probe,celeb_within,baseline-imagenet,0,backbone,g4,32768,baseline,imagenet,159,12.637835711077914,,,,,,baseline,imagenet,baseline,within,True
lateral_canthus,15.6416654586792,12.387621879577635,13.232592582702635,27.44222450256348,followup_50k_landmark_probe,celeb_within,baseline-imagenet,0,backbone,g4,32768,baseline,imagenet,159,12.637835711077914,,,,,,baseline,imagenet,baseline,within,True
lid_inferior,11.384214401245115,9.64508056640625,8.205963134765625,20.280323028564453,followup_50k_landmark_probe,celeb_within,baseline-imagenet,0,backbone,g4,32768,baseline,imagenet,159,12.637835711077914,,,,,,baseline,imagenet,baseline,within,True
lid_superior,12.113414764404295,10.668323516845703,8.306797027587889,22.114877700805664,followup_50k_landmark_probe,celeb_within,baseline-imagenet,0,backbone,g4,32768,baseline,imagenet,159,12.637835711077914,,,,,,baseline,imagenet,baseline,within,True
medial_canthus,17.626258850097656,14.133620262145994,13.355742454528807,33.77138900756836,followup_50k_landmark_probe,celeb_within,baseline-imagenet,0,backbone,g4,32768,baseline,imagenet,159,12.637835711077914,,,,,,baseline,imagenet,baseline,within,True
sclera_inferior,12.512409210205078,10.607623100280762,8.821032524108887,23.39450836181641,followup_50k_landmark_probe,celeb_within,baseline-imagenet,0,backbone,g4,32768,baseline,imagenet,159,12.637835711077914,,,,,,baseline,imagenet,baseline,within,True
sclera_superior,11.405562400817873,9.583518028259276,8.264361381530763,20.40635108947754,followup_50k_landmark_probe,celeb_within,baseline-imagenet,0,backbone,g4,32768,baseline,imagenet,159,12.637835711077914,,,,,,baseline,imagenet,baseline,within,True
iris_centroid,14.884923934936525,13.130985260009766,10.001179695129396,27.216766357421875,followup_50k_landmark_probe,celeb_within,geometry-fixedcompute-10k-infonce-imagenet-50ksteps,50000,backbone,g4,32768,infonce,imagenet,104,13.283551742470332,,,,,,infonce,imagenet,10k,within,True
iris_inferior,16.197118759155273,14.271246910095215,10.73500156402588,29.934051513671875,followup_50k_landmark_probe,celeb_within,geometry-fixedcompute-10k-infonce-imagenet-50ksteps,50000,backbone,g4,32768,infonce,imagenet,104,13.283551742470332,,,,,,infonce,imagenet,10k,within,True
iris_superior,14.035611152648926,11.919583320617676,9.47937297821045,24.99058532714844,followup_50k_landmark_probe,celeb_within,geometry-fixedcompute-10k-infonce-imagenet-50ksteps,50000,backbone,g4,32768,infonce,imagenet,104,13.283551742470332,,,,,,infonce,imagenet,10k,within,True
lateral_canthus,16.46377944946289,14.66125202178955,10.760467529296877,31.180116653442386,followup_50k_landmark_probe,celeb_within,geometry-fixedcompute-10k-infonce-imagenet-50ksteps,50000,backbone,g4,32768,infonce,imagenet,104,13.283551742470332,,,,,,infonce,imagenet,10k,within,True
lid_inferior,14.465719223022461,12.871088027954102,9.934814453125,26.753969192504886,followup_50k_landmark_probe,celeb_within,geometry-fixedcompute-10k-infonce-imagenet-50ksteps,50000,backbone,g4,32768,infonce,imagenet,104,13.283551742470332,,,,,,infonce,imagenet,10k,within,True
lid_superior,13.983624458312988,12.350576400756836,9.424742698669434,24.159873962402344,followup_50k_landmark_probe,celeb_within,geometry-fixedcompute-10k-infonce-imagenet-50ksteps,50000,backbone,g4,32768,infonce,imagenet,104,13.283551742470332,,,,,,infonce,imagenet,10k,within,True
medial_canthus,18.73371696472168,16.299983978271484,12.648119926452635,34.350948333740234,followup_50k_landmark_probe,celeb_within,geometry-fixedcompute-10k-infonce-imagenet-50ksteps,50000,backbone,g4,32768,infonce,imagenet,104,13.283551742470332,,,,,,infonce,imagenet,10k,within,True
sclera_inferior,15.975729942321776,13.406576156616213,10.862848281860352,29.99368476867676,followup_50k_landmark_probe,celeb_within,geometry-fixedcompute-10k-infonce-imagenet-50ksteps,50000,backbone,g4,32768,infonce,imagenet,104,13.283551742470332,,,,,,infonce,imagenet,10k,within,True
sclera_superior,14.341588020324707,12.740983963012695,9.908187866210938,26.56623077392578,followup_50k_landmark_probe,celeb_within,geometry-fixedcompute-10k-infonce-imagenet-50ksteps,50000,backbone,g4,32768,infonce,imagenet,104,13.283551742470332,,,,,,infonce,imagenet,10k,within,True
iris_centroid,6.349393844604492,5.2303123474121085,4.973556041717528,12.079833984375,followup_50k_landmark_probe,celeb_within,geometry-fixedcompute-100k-infonce-imagenet-50ksteps,50000,backbone,g4,32768,infonce,imagenet,545,6.6569355485217825,,,,,,infonce,imagenet,100k,within,True
iris_inferior,6.876087188720702,5.610060691833496,5.2114830017089835,13.032282829284668,followup_50k_landmark_probe,celeb_within,geometry-fixedcompute-100k-infonce-imagenet-50ksteps,50000,backbone,g4,32768,infonce,imagenet,545,6.6569355485217825,,,,,,infonce,imagenet,100k,within,True
iris_superior,6.740973472595215,5.527956008911133,5.09527063369751,12.538914680480955,followup_50k_landmark_probe,celeb_within,geometry-fixedcompute-100k-infonce-imagenet-50ksteps,50000,backbone,g4,32768,infonce,imagenet,545,6.6569355485217825,,,,,,infonce,imagenet,100k,within,True
lateral_canthus,7.694187641143799,6.833444118499756,5.631622791290282,13.18676471710205,followup_50k_landmark_probe,celeb_within,geometry-fixedcompute-100k-infonce-imagenet-50ksteps,50000,backbone,g4,32768,infonce,imagenet,545,6.6569355485217825,,,,,,infonce,imagenet,100k,within,True
lid_inferior,6.286633968353272,5.142442226409912,5.011282920837402,11.875825881958008,followup_50k_landmark_probe,celeb_within,geometry-fixedcompute-100k-infonce-imagenet-50ksteps,50000,backbone,g4,32768,infonce,imagenet,545,6.6569355485217825,,,,,,infonce,imagenet,100k,within,True
lid_superior,6.690754413604736,5.494321346282959,5.304207801818848,12.368216514587402,followup_50k_landmark_probe,celeb_within,geometry-fixedcompute-100k-infonce-imagenet-50ksteps,50000,backbone,g4,32768,infonce,imagenet,545,6.6569355485217825,,,,,,infonce,imagenet,100k,within,True
medial_canthus,7.789246082305907,6.64864444732666,5.479421615600586,14.574249267578125,followup_50k_landmark_probe,celeb_within,geometry-fixedcompute-100k-infonce-imagenet-50ksteps,50000,backbone,g4,32768,infonce,imagenet,545,6.6569355485217825,,,,,,infonce,imagenet,100k,within,True
sclera_inferior,7.023090839385986,5.7817139625549325,5.616900444030762,12.702327728271484,followup_50k_landmark_probe,celeb_within,geometry-fixedcompute-100k-infonce-imagenet-50ksteps,50000,backbone,g4,32768,infonce,imagenet,545,6.6569355485217825,,,,,,infonce,imagenet,100k,within,True
sclera_superior,6.340292930603027,5.18511962890625,5.013306617736816,11.877603530883787,followup_50k_landmark_probe,celeb_within,geometry-fixedcompute-100k-infonce-imagenet-50ksteps,50000,backbone,g4,32768,infonce,imagenet,545,6.6569355485217825,,,,,,infonce,imagenet,100k,within,True
iris_centroid,6.2190189361572275,5.037517070770264,4.846372127532959,11.609848976135256,followup_50k_landmark_probe,celeb_within,geometry-fixedcompute-1m-infonce-imagenet-50ksteps,50000,backbone,g4,32768,infonce,imagenet,450,6.660763784835899,,,,,,infonce,imagenet,1m,within,True
iris_inferior,6.705249786376952,5.847380638122559,4.941057205200195,12.011266708374025,followup_50k_landmark_probe,celeb_within,geometry-fixedcompute-1m-infonce-imagenet-50ksteps,50000,backbone,g4,32768,infonce,imagenet,450,6.660763784835899,,,,,,infonce,imagenet,1m,within,True
iris_superior,6.700451374053955,5.545601844787598,4.9607505798339835,12.083643913269045,followup_50k_landmark_probe,celeb_within,geometry-fixedcompute-1m-infonce-imagenet-50ksteps,50000,backbone,g4,32768,infonce,imagenet,450,6.660763784835899,,,,,,infonce,imagenet,1m,within,True
lateral_canthus,8.014063835144043,7.192271709442139,6.182447910308838,14.514463424682615,followup_50k_landmark_probe,celeb_within,geometry-fixedcompute-1m-infonce-imagenet-50ksteps,50000,backbone,g4,32768,infonce,imagenet,450,6.660763784835899,,,,,,infonce,imagenet,1m,within,True
lid_inferior,6.218636989593506,4.992657661437988,4.8348422050476065,11.384658813476562,followup_50k_landmark_probe,celeb_within,geometry-fixedcompute-1m-infonce-imagenet-50ksteps,50000,backbone,g4,32768,infonce,imagenet,450,6.660763784835899,,,,,,infonce,imagenet,1m,within,True
lid_superior,6.593864440917969,5.393324375152588,5.24868631362915,13.105170249938965,followup_50k_landmark_probe,celeb_within,geometry-fixedcompute-1m-infonce-imagenet-50ksteps,50000,backbone,g4,32768,infonce,imagenet,450,6.660763784835899,,,,,,infonce,imagenet,1m,within,True
medial_canthus,8.301255226135254,7.181577205657959,5.873598098754883,14.943812370300293,followup_50k_landmark_probe,celeb_within,geometry-fixedcompute-1m-infonce-imagenet-50ksteps,50000,backbone,g4,32768,infonce,imagenet,450,6.660763784835899,,,,,,infonce,imagenet,1m,within,True
sclera_inferior,6.8774919509887695,5.589148044586182,5.306929111480713,13.16262912750244,followup_50k_landmark_probe,celeb_within,geometry-fixedcompute-1m-infonce-imagenet-50ksteps,50000,backbone,g4,32768,infonce,imagenet,450,6.660763784835899,,,,,,infonce,imagenet,1m,within,True
sclera_superior,6.281500816345215,5.189157009124756,4.80912971496582,11.222329139709473,followup_50k_landmark_probe,celeb_within,geometry-fixedcompute-1m-infonce-imagenet-50ksteps,50000,backbone,g4,32768,infonce,imagenet,450,6.660763784835899,,,,,,infonce,imagenet,1m,within,True
iris_centroid,11.28217315673828,10.027532577514648,7.8022027015686035,20.41062355041504,followup_50k_landmark_probe,celeb_within,geometry-fixedcompute-10k-lejepa-imagenet-50ksteps,50000,backbone,g4,32768,lejepa,imagenet,500,11.766206668374315,,,,,,lejepa,imagenet,10k,within,True
iris_inferior,12.311192512512207,11.019576072692873,8.335357666015625,21.4998722076416,followup_50k_landmark_probe,celeb_within,geometry-fixedcompute-10k-lejepa-imagenet-50ksteps,50000,backbone,g4,32768,lejepa,imagenet,500,11.766206668374315,,,,,,lejepa,imagenet,10k,within,True
iris_superior,11.167632102966307,9.839781761169434,7.542441368103027,19.97923469543457,followup_50k_landmark_probe,celeb_within,geometry-fixedcompute-10k-lejepa-imagenet-50ksteps,50000,backbone,g4,32768,lejepa,imagenet,500,11.766206668374315,,,,,,lejepa,imagenet,10k,within,True
lateral_canthus,13.421880722045898,11.612165451049805,9.922168731689453,24.610958099365234,followup_50k_landmark_probe,celeb_within,geometry-fixedcompute-10k-lejepa-imagenet-50ksteps,50000,backbone,g4,32768,lejepa,imagenet,500,11.766206668374315,,,,,,lejepa,imagenet,10k,within,True
lid_inferior,11.13003921508789,9.760626792907717,7.688279151916504,20.516307830810547,followup_50k_landmark_probe,celeb_within,geometry-fixedcompute-10k-lejepa-imagenet-50ksteps,50000,backbone,g4,32768,lejepa,imagenet,500,11.766206668374315,,,,,,lejepa,imagenet,10k,within,True
lid_superior,11.181164741516113,10.034284591674805,7.5459208488464355,20.196924209594727,followup_50k_landmark_probe,celeb_within,geometry-fixedcompute-10k-lejepa-imagenet-50ksteps,50000,backbone,g4,32768,lejepa,imagenet,500,11.766206668374315,,,,,,lejepa,imagenet,10k,within,True
medial_canthus,14.923299789428713,12.176465034484865,11.314770698547365,27.354135513305664,followup_50k_landmark_probe,celeb_within,geometry-fixedcompute-10k-lejepa-imagenet-50ksteps,50000,backbone,g4,32768,lejepa,imagenet,500,11.766206668374315,,,,,,lejepa,imagenet,10k,within,True
sclera_inferior,12.626825332641602,11.328660011291506,8.700057983398438,22.447555541992188,followup_50k_landmark_probe,celeb_within,geometry-fixedcompute-10k-lejepa-imagenet-50ksteps,50000,backbone,g4,32768,lejepa,imagenet,500,11.766206668374315,,,,,,lejepa,imagenet,10k,within,True
sclera_superior,11.101369857788086,9.749417304992676,7.661524772644043,20.297260284423828,followup_50k_landmark_probe,celeb_within,geometry-fixedcompute-10k-lejepa-imagenet-50ksteps,50000,backbone,g4,32768,lejepa,imagenet,500,11.766206668374315,,,,,,lejepa,imagenet,10k,within,True
iris_centroid,7.950376033782959,6.903261661529541,5.294384479522705,14.133094787597654,followup_50k_landmark_probe,celeb_within,geometry-fixedcompute-100k-lejepa-imagenet-50ksteps,50000,backbone,g4,32768,lejepa,imagenet,369,7.924697021317612,,,,,,lejepa,imagenet,100k,within,True
iris_inferior,8.467708587646483,7.460981845855713,5.510606288909912,15.004497528076172,followup_50k_landmark_probe,celeb_within,geometry-fixedcompute-100k-lejepa-imagenet-50ksteps,50000,backbone,g4,32768,lejepa,imagenet,369,7.924697021317612,,,,,,lejepa,imagenet,100k,within,True
iris_superior,8.029949188232424,7.158435821533202,5.320101737976074,14.172832489013672,followup_50k_landmark_probe,celeb_within,geometry-fixedcompute-100k-lejepa-imagenet-50ksteps,50000,backbone,g4,32768,lejepa,imagenet,369,7.924697021317612,,,,,,lejepa,imagenet,100k,within,True
lateral_canthus,8.304638862609862,6.8667945861816415,5.7199039459228525,15.68236255645752,followup_50k_landmark_probe,celeb_within,geometry-fixedcompute-100k-lejepa-imagenet-50ksteps,50000,backbone,g4,32768,lejepa,imagenet,369,7.924697021317612,,,,,,lejepa,imagenet,100k,within,True
lid_inferior,7.841441631317139,6.715232372283936,5.473280906677246,14.072877883911133,followup_50k_landmark_probe,celeb_within,geometry-fixedcompute-100k-lejepa-imagenet-50ksteps,50000,backbone,g4,32768,lejepa,imagenet,369,7.924697021317612,,,,,,lejepa,imagenet,100k,within,True
lid_superior,8.083839416503906,6.872342109680176,5.516071319580078,14.79536247253418,followup_50k_landmark_probe,celeb_within,geometry-fixedcompute-100k-lejepa-imagenet-50ksteps,50000,backbone,g4,32768,lejepa,imagenet,369,7.924697021317612,,,,,,lejepa,imagenet,100k,within,True
medial_canthus,9.88126277923584,8.638350486755371,6.385210990905763,17.198331832885742,followup_50k_landmark_probe,celeb_within,geometry-fixedcompute-100k-lejepa-imagenet-50ksteps,50000,backbone,g4,32768,lejepa,imagenet,369,7.924697021317612,,,,,,lejepa,imagenet,100k,within,True
sclera_inferior,8.858384132385254,7.891844749450684,5.967247486114503,16.842044830322266,followup_50k_landmark_probe,celeb_within,geometry-fixedcompute-100k-lejepa-imagenet-50ksteps,50000,backbone,g4,32768,lejepa,imagenet,369,7.924697021317612,,,,,,lejepa,imagenet,100k,within,True
sclera_superior,7.7417869567871085,6.678333759307861,5.438825607299805,13.928730010986328,followup_50k_landmark_probe,celeb_within,geometry-fixedcompute-100k-lejepa-imagenet-50ksteps,50000,backbone,g4,32768,lejepa,imagenet,369,7.924697021317612,,,,,,lejepa,imagenet,100k,within,True
iris_centroid,7.6168274879455575,6.351107120513916,5.447134971618652,13.493764877319336,followup_50k_landmark_probe,celeb_within,geometry-fixedcompute-1m-lejepa-imagenet-50ksteps,50000,backbone,g4,32768,lejepa,imagenet,277,7.86246519661992,,,,,,lejepa,imagenet,1m,within,True
iris_inferior,8.212091445922853,7.218557834625244,5.686881065368652,14.530561447143555,followup_50k_landmark_probe,celeb_within,geometry-fixedcompute-1m-lejepa-imagenet-50ksteps,50000,backbone,g4,32768,lejepa,imagenet,277,7.86246519661992,,,,,,lejepa,imagenet,1m,within,True
iris_superior,7.832111835479736,6.771642208099365,5.465428829193115,13.82852554321289,followup_50k_landmark_probe,celeb_within,geometry-fixedcompute-1m-lejepa-imagenet-50ksteps,50000,backbone,g4,32768,lejepa,imagenet,277,7.86246519661992,,,,,,lejepa,imagenet,1m,within,True
lateral_canthus,8.528345108032228,7.067617416381836,6.04827356338501,15.94133186340332,followup_50k_landmark_probe,celeb_within,geometry-fixedcompute-1m-lejepa-imagenet-50ksteps,50000,backbone,g4,32768,lejepa,imagenet,277,7.86246519661992,,,,,,lejepa,imagenet,1m,within,True
lid_inferior,7.5959553718566895,6.2839412689208975,5.59897518157959,13.91241455078125,followup_50k_landmark_probe,celeb_within,geometry-fixedcompute-1m-lejepa-imagenet-50ksteps,50000,backbone,g4,32768,lejepa,imagenet,277,7.86246519661992,,,,,,lejepa,imagenet,1m,within,True
lid_superior,7.646796226501465,6.406747341156006,5.7921576499938965,14.400898933410645,followup_50k_landmark_probe,celeb_within,geometry-fixedcompute-1m-lejepa-imagenet-50ksteps,50000,backbone,g4,32768,lejepa,imagenet,277,7.86246519661992,,,,,,lejepa,imagenet,1m,within,True
medial_canthus,10.362197875976562,9.13385009765625,7.167878150939941,17.606163024902344,followup_50k_landmark_probe,celeb_within,geometry-fixedcompute-1m-lejepa-imagenet-50ksteps,50000,backbone,g4,32768,lejepa,imagenet,277,7.86246519661992,,,,,,lejepa,imagenet,1m,within,True
sclera_inferior,8.322195053100586,7.235546588897705,6.0829973220825195,14.972679138183596,followup_50k_landmark_probe,celeb_within,geometry-fixedcompute-1m-lejepa-imagenet-50ksteps,50000,backbone,g4,32768,lejepa,imagenet,277,7.86246519661992,,,,,,lejepa,imagenet,1m,within,True
sclera_superior,7.6988487243652335,6.463456630706787,5.61615514755249,14.055161476135256,followup_50k_landmark_probe,celeb_within,geometry-fixedcompute-1m-lejepa-imagenet-50ksteps,50000,backbone,g4,32768,lejepa,imagenet,277,7.86246519661992,,,,,,lejepa,imagenet,1m,within,True
iris_centroid,9.18723964691162,8.179221153259277,5.994790554046631,15.917304039001465,followup_50k_landmark_probe,celeb_within,geometry-fixedcompute-10k-vicreg-imagenet-50ksteps,50000,backbone,g4,32768,vicreg,imagenet,376,9.720518685429473,,,,,,vicreg,imagenet,10k,within,True
iris_inferior,10.024439811706543,9.070765495300293,6.381389617919923,17.865867614746094,followup_50k_landmark_probe,celeb_within,geometry-fixedcompute-10k-vicreg-imagenet-50ksteps,50000,backbone,g4,32768,vicreg,imagenet,376,9.720518685429473,,,,,,vicreg,imagenet,10k,within,True
iris_superior,9.057921409606934,7.8125505447387695,5.9618239402771,15.252942085266113,followup_50k_landmark_probe,celeb_within,geometry-fixedcompute-10k-vicreg-imagenet-50ksteps,50000,backbone,g4,32768,vicreg,imagenet,376,9.720518685429473,,,,,,vicreg,imagenet,10k,within,True
lateral_canthus,10.247159957885742,8.819811820983887,7.463014125823975,18.63999366760254,followup_50k_landmark_probe,celeb_within,geometry-fixedcompute-10k-vicreg-imagenet-50ksteps,50000,backbone,g4,32768,vicreg,imagenet,376,9.720518685429473,,,,,,vicreg,imagenet,10k,within,True
lid_inferior,8.645247459411621,7.545991897583008,5.932262897491455,15.101672172546387,followup_50k_landmark_probe,celeb_within,geometry-fixedcompute-10k-vicreg-imagenet-50ksteps,50000,backbone,g4,32768,vicreg,imagenet,376,9.720518685429473,,,,,,vicreg,imagenet,10k,within,True
lid_superior,9.096485137939453,8.330783843994139,6.026655673980713,15.684286117553713,followup_50k_landmark_probe,celeb_within,geometry-fixedcompute-10k-vicreg-imagenet-50ksteps,50000,backbone,g4,32768,vicreg,imagenet,376,9.720518685429473,,,,,,vicreg,imagenet,10k,within,True
medial_canthus,12.281811714172365,10.386941909790039,8.559359550476074,22.978368759155284,followup_50k_landmark_probe,celeb_within,geometry-fixedcompute-10k-vicreg-imagenet-50ksteps,50000,backbone,g4,32768,vicreg,imagenet,376,9.720518685429473,,,,,,vicreg,imagenet,10k,within,True
sclera_inferior,9.946094512939453,8.798287391662598,6.898711204528809,17.300910949707028,followup_50k_landmark_probe,celeb_within,geometry-fixedcompute-10k-vicreg-imagenet-50ksteps,50000,backbone,g4,32768,vicreg,imagenet,376,9.720518685429473,,,,,,vicreg,imagenet,10k,within,True
sclera_superior,8.783844947814941,7.77094030380249,5.969904899597168,15.431344032287598,followup_50k_landmark_probe,celeb_within,geometry-fixedcompute-10k-vicreg-imagenet-50ksteps,50000,backbone,g4,32768,vicreg,imagenet,376,9.720518685429473,,,,,,vicreg,imagenet,10k,within,True
iris_centroid,6.363091468811035,5.49412202835083,4.523711681365967,12.06000804901123,followup_50k_landmark_probe,celeb_within,geometry-fixedcompute-100k-vicreg-imagenet-50ksteps,50000,backbone,g4,32768,vicreg,imagenet,282,6.830241461269192,,,,,,vicreg,imagenet,100k,within,True
iris_inferior,6.6846275329589835,5.600654125213623,4.6609625816345215,12.096473693847654,followup_50k_landmark_probe,celeb_within,geometry-fixedcompute-100k-vicreg-imagenet-50ksteps,50000,backbone,g4,32768,vicreg,imagenet,282,6.830241461269192,,,,,,vicreg,imagenet,100k,within,True
iris_superior,6.93660306930542,6.084489822387695,4.640069007873535,12.256011009216307,followup_50k_landmark_probe,celeb_within,geometry-fixedcompute-100k-vicreg-imagenet-50ksteps,50000,backbone,g4,32768,vicreg,imagenet,282,6.830241461269192,,,,,,vicreg,imagenet,100k,within,True
lateral_canthus,7.976318359375,6.861025810241699,4.893186092376709,14.202421188354492,followup_50k_landmark_probe,celeb_within,geometry-fixedcompute-100k-vicreg-imagenet-50ksteps,50000,backbone,g4,32768,vicreg,imagenet,282,6.830241461269192,,,,,,vicreg,imagenet,100k,within,True
lid_inferior,6.155789852142334,5.289743423461914,4.409121513366699,11.579843521118164,followup_50k_landmark_probe,celeb_within,geometry-fixedcompute-100k-vicreg-imagenet-50ksteps,50000,backbone,g4,32768,vicreg,imagenet,282,6.830241461269192,,,,,,vicreg,imagenet,100k,within,True
lid_superior,6.948091983795166,5.7559027671813965,5.005274295806885,13.119097709655762,followup_50k_landmark_probe,celeb_within,geometry-fixedcompute-100k-vicreg-imagenet-50ksteps,50000,backbone,g4,32768,vicreg,imagenet,282,6.830241461269192,,,,,,vicreg,imagenet,100k,within,True
medial_canthus,8.663025856018066,6.905982494354247,5.8885560035705575,15.744915962219238,followup_50k_landmark_probe,celeb_within,geometry-fixedcompute-100k-vicreg-imagenet-50ksteps,50000,backbone,g4,32768,vicreg,imagenet,282,6.830241461269192,,,,,,vicreg,imagenet,100k,within,True
sclera_inferior,6.876315593719482,5.86943244934082,4.755150318145752,12.92402172088623,followup_50k_landmark_probe,celeb_within,geometry-fixedcompute-100k-vicreg-imagenet-50ksteps,50000,backbone,g4,32768,vicreg,imagenet,282,6.830241461269192,,,,,,vicreg,imagenet,100k,within,True
sclera_superior,6.168859004974365,5.297677993774414,4.4289679527282715,11.457202911376953,followup_50k_landmark_probe,celeb_within,geometry-fixedcompute-100k-vicreg-imagenet-50ksteps,50000,backbone,g4,32768,vicreg,imagenet,282,6.830241461269192,,,,,,vicreg,imagenet,100k,within,True
iris_centroid,6.6000657081604,5.330854892730713,4.749125480651856,12.167854309082033,followup_50k_landmark_probe,celeb_within,geometry-fixedcompute-1m-vicreg-imagenet-50ksteps,50000,backbone,g4,32768,vicreg,imagenet,421,6.777458224791647,,,,,,vicreg,imagenet,1m,within,True
iris_inferior,6.860495090484619,6.047303199768066,4.91752290725708,12.176168441772461,followup_50k_landmark_probe,celeb_within,geometry-fixedcompute-1m-vicreg-imagenet-50ksteps,50000,backbone,g4,32768,vicreg,imagenet,421,6.777458224791647,,,,,,vicreg,imagenet,1m,within,True
iris_superior,6.892098426818848,5.707351207733153,5.014764785766602,12.639484405517578,followup_50k_landmark_probe,celeb_within,geometry-fixedcompute-1m-vicreg-imagenet-50ksteps,50000,backbone,g4,32768,vicreg,imagenet,421,6.777458224791647,,,,,,vicreg,imagenet,1m,within,True
lateral_canthus,7.60066032409668,6.587766647338867,4.673288822174072,14.037882804870605,followup_50k_landmark_probe,celeb_within,geometry-fixedcompute-1m-vicreg-imagenet-50ksteps,50000,backbone,g4,32768,vicreg,imagenet,421,6.777458224791647,,,,,,vicreg,imagenet,1m,within,True
lid_inferior,6.4924378395080575,5.316027641296387,4.81360387802124,11.83928108215332,followup_50k_landmark_probe,celeb_within,geometry-fixedcompute-1m-vicreg-imagenet-50ksteps,50000,backbone,g4,32768,vicreg,imagenet,421,6.777458224791647,,,,,,vicreg,imagenet,1m,within,True
lid_superior,7.2305870056152335,6.009904384613037,5.32370662689209,14.054192543029785,followup_50k_landmark_probe,celeb_within,geometry-fixedcompute-1m-vicreg-imagenet-50ksteps,50000,backbone,g4,32768,vicreg,imagenet,421,6.777458224791647,,,,,,vicreg,imagenet,1m,within,True
medial_canthus,8.278630256652832,7.0661678314208975,5.6869330406188965,15.59130859375,followup_50k_landmark_probe,celeb_within,geometry-fixedcompute-1m-vicreg-imagenet-50ksteps,50000,backbone,g4,32768,vicreg,imagenet,421,6.777458224791647,,,,,,vicreg,imagenet,1m,within,True
sclera_inferior,7.17287540435791,6.182246685028076,5.209150314331055,13.409646034240724,followup_50k_landmark_probe,celeb_within,geometry-fixedcompute-1m-vicreg-imagenet-50ksteps,50000,backbone,g4,32768,vicreg,imagenet,421,6.777458224791647,,,,,,vicreg,imagenet,1m,within,True
sclera_superior,6.55975866317749,5.245495319366455,4.82926082611084,11.86052417755127,followup_50k_landmark_probe,celeb_within,geometry-fixedcompute-1m-vicreg-imagenet-50ksteps,50000,backbone,g4,32768,vicreg,imagenet,421,6.777458224791647,,,,,,vicreg,imagenet,1m,within,True
iris_centroid,6.331987380981445,5.173513412475586,5.5707974433898935,11.208792686462402,external_vit_landmark_probe,celeb_within,baseline-dinov2-vitb14,0,patch_tokens,g4,12288,external_baseline,dinov2,313,6.2854035721450545,dinov2,vitb14,14.0,LVD-142M,patch_tokens_g4,external_baseline,dinov2,baseline,within,True
iris_inferior,6.897909164428711,5.813613414764403,5.993457794189452,12.372148513793945,external_vit_landmark_probe,celeb_within,baseline-dinov2-vitb14,0,patch_tokens,g4,12288,external_baseline,dinov2,313,6.2854035721450545,dinov2,vitb14,14.0,LVD-142M,patch_tokens_g4,external_baseline,dinov2,baseline,within,True
iris_superior,6.736023426055907,5.727694034576416,5.61200475692749,11.702014923095705,external_vit_landmark_probe,celeb_within,baseline-dinov2-vitb14,0,patch_tokens,g4,12288,external_baseline,dinov2,313,6.2854035721450545,dinov2,vitb14,14.0,LVD-142M,patch_tokens_g4,external_baseline,dinov2,baseline,within,True
lateral_canthus,7.178365707397461,6.184612274169923,6.237961292266847,12.367012977600098,external_vit_landmark_probe,celeb_within,baseline-dinov2-vitb14,0,patch_tokens,g4,12288,external_baseline,dinov2,313,6.2854035721450545,dinov2,vitb14,14.0,LVD-142M,patch_tokens_g4,external_baseline,dinov2,baseline,within,True
lid_inferior,6.141685962677003,4.738809585571289,5.693472385406494,11.473695755004885,external_vit_landmark_probe,celeb_within,baseline-dinov2-vitb14,0,patch_tokens,g4,12288,external_baseline,dinov2,313,6.2854035721450545,dinov2,vitb14,14.0,LVD-142M,patch_tokens_g4,external_baseline,dinov2,baseline,within,True
lid_superior,7.014355182647705,5.710258483886719,6.112300395965576,13.037793159484865,external_vit_landmark_probe,celeb_within,baseline-dinov2-vitb14,0,patch_tokens,g4,12288,external_baseline,dinov2,313,6.2854035721450545,dinov2,vitb14,14.0,LVD-142M,patch_tokens_g4,external_baseline,dinov2,baseline,within,True
medial_canthus,8.54796028137207,7.1882591247558585,6.7076148986816415,15.0464448928833,external_vit_landmark_probe,celeb_within,baseline-dinov2-vitb14,0,patch_tokens,g4,12288,external_baseline,dinov2,313,6.2854035721450545,dinov2,vitb14,14.0,LVD-142M,patch_tokens_g4,external_baseline,dinov2,baseline,within,True
sclera_inferior,6.688490390777588,5.49053955078125,5.755686283111572,11.78870677947998,external_vit_landmark_probe,celeb_within,baseline-dinov2-vitb14,0,patch_tokens,g4,12288,external_baseline,dinov2,313,6.2854035721450545,dinov2,vitb14,14.0,LVD-142M,patch_tokens_g4,external_baseline,dinov2,baseline,within,True
sclera_superior,6.185730457305907,4.768362045288086,5.691227912902832,11.483232498168945,external_vit_landmark_probe,celeb_within,baseline-dinov2-vitb14,0,patch_tokens,g4,12288,external_baseline,dinov2,313,6.2854035721450545,dinov2,vitb14,14.0,LVD-142M,patch_tokens_g4,external_baseline,dinov2,baseline,within,True
iris_centroid,6.384421825408936,5.250797748565674,4.997289180755615,10.98078155517578,external_vit_landmark_probe,celeb_within,baseline-mae-vitb16-in1k-pretrain,0,patch_tokens,g4,12288,external_baseline,mae,421,6.516235239518796,mae,vitb16,16.0,ImageNet-1K,patch_tokens_g4,external_baseline,mae,baseline,within,True
iris_inferior,6.765406608581543,5.707102298736572,5.315646171569824,11.164340019226074,external_vit_landmark_probe,celeb_within,baseline-mae-vitb16-in1k-pretrain,0,patch_tokens,g4,12288,external_baseline,mae,421,6.516235239518796,mae,vitb16,16.0,ImageNet-1K,patch_tokens_g4,external_baseline,mae,baseline,within,True
iris_superior,6.727025032043457,5.870220184326173,5.149020195007324,11.332737922668455,external_vit_landmark_probe,celeb_within,baseline-mae-vitb16-in1k-pretrain,0,patch_tokens,g4,12288,external_baseline,mae,421,6.516235239518796,mae,vitb16,16.0,ImageNet-1K,patch_tokens_g4,external_baseline,mae,baseline,within,True
lateral_canthus,8.27820873260498,7.254729270935059,5.672395706176758,15.083369255065918,external_vit_landmark_probe,celeb_within,baseline-mae-vitb16-in1k-pretrain,0,patch_tokens,g4,12288,external_baseline,mae,421,6.516235239518796,mae,vitb16,16.0,ImageNet-1K,patch_tokens_g4,external_baseline,mae,baseline,within,True
lid_inferior,6.1946563720703125,5.2270240783691415,4.904026508331299,10.578484535217283,external_vit_landmark_probe,celeb_within,baseline-mae-vitb16-in1k-pretrain,0,patch_tokens,g4,12288,external_baseline,mae,421,6.516235239518796,mae,vitb16,16.0,ImageNet-1K,patch_tokens_g4,external_baseline,mae,baseline,within,True
lid_superior,7.1888957023620605,6.057416915893555,5.516072750091553,12.16269302368164,external_vit_landmark_probe,celeb_within,baseline-mae-vitb16-in1k-pretrain,0,patch_tokens,g4,12288,external_baseline,mae,421,6.516235239518796,mae,vitb16,16.0,ImageNet-1K,patch_tokens_g4,external_baseline,mae,baseline,within,True
medial_canthus,8.286982536315918,6.950434684753418,5.5346031188964835,14.47921657562256,external_vit_landmark_probe,celeb_within,baseline-mae-vitb16-in1k-pretrain,0,patch_tokens,g4,12288,external_baseline,mae,421,6.516235239518796,mae,vitb16,16.0,ImageNet-1K,patch_tokens_g4,external_baseline,mae,baseline,within,True
sclera_inferior,6.671642780303955,5.5029072761535645,5.4199299812316895,11.501834869384766,external_vit_landmark_probe,celeb_within,baseline-mae-vitb16-in1k-pretrain,0,patch_tokens,g4,12288,external_baseline,mae,421,6.516235239518796,mae,vitb16,16.0,ImageNet-1K,patch_tokens_g4,external_baseline,mae,baseline,within,True
sclera_superior,6.181431770324707,5.1385416984558105,4.936644077301025,10.516349792480467,external_vit_landmark_probe,celeb_within,baseline-mae-vitb16-in1k-pretrain,0,patch_tokens,g4,12288,external_baseline,mae,421,6.516235239518796,mae,vitb16,16.0,ImageNet-1K,patch_tokens_g4,external_baseline,mae,baseline,within,True
iris_centroid,4.306920528411865,3.5139949321746826,4.224637031555177,7.225081443786621,followup_50k_landmark_probe,celeb_within,baseline-seginit,0,backbone,g4,32768,baseline,seg_init,513,4.7943275144191375,,,,,,baseline,,baseline,within,False
iris_inferior,4.7015509605407715,3.9077563285827637,4.522699356079102,8.279874801635742,followup_50k_landmark_probe,celeb_within,baseline-seginit,0,backbone,g4,32768,baseline,seg_init,513,4.7943275144191375,,,,,,baseline,,baseline,within,False
iris_superior,4.96284294128418,4.330975532531738,4.361077308654785,8.815707206726074,followup_50k_landmark_probe,celeb_within,baseline-seginit,0,backbone,g4,32768,baseline,seg_init,513,4.7943275144191375,,,,,,baseline,,baseline,within,False
lateral_canthus,6.795750141143799,5.64555549621582,6.494872093200684,11.82131576538086,followup_50k_landmark_probe,celeb_within,baseline-seginit,0,backbone,g4,32768,baseline,seg_init,513,4.7943275144191375,,,,,,baseline,,baseline,within,False
lid_inferior,4.257225036621094,3.4318044185638428,4.2990384101867685,7.541609287261963,followup_50k_landmark_probe,celeb_within,baseline-seginit,0,backbone,g4,32768,baseline,seg_init,513,4.7943275144191375,,,,,,baseline,,baseline,within,False
lid_superior,4.6221466064453125,3.8094332218170166,4.493539810180664,7.816892623901367,followup_50k_landmark_probe,celeb_within,baseline-seginit,0,backbone,g4,32768,baseline,seg_init,513,4.7943275144191375,,,,,,baseline,,baseline,within,False
medial_canthus,7.166330337524414,5.882932186126709,6.28328275680542,12.780374526977539,followup_50k_landmark_probe,celeb_within,baseline-seginit,0,backbone,g4,32768,baseline,seg_init,513,4.7943275144191375,,,,,,baseline,,baseline,within,False
sclera_inferior,4.583240509033203,3.7971484661102295,4.651400089263916,7.796437740325928,followup_50k_landmark_probe,celeb_within,baseline-seginit,0,backbone,g4,32768,baseline,seg_init,513,4.7943275144191375,,,,,,baseline,,baseline,within,False
sclera_superior,4.319884300231934,3.5674543380737305,4.3131608963012695,7.559120178222656,followup_50k_landmark_probe,celeb_within,baseline-seginit,0,backbone,g4,32768,baseline,seg_init,513,4.7943275144191375,,,,,,baseline,,baseline,within,False
iris_centroid,13.878243446350098,11.80025863647461,9.872359275817873,25.0709171295166,followup_50k_landmark_probe,celeb_within,geometry-fixedcompute-10k-infonce-seginit-50ksteps,50000,backbone,g4,32768,infonce,seg_init,385,11.937893992564714,,,,,,infonce,,10k,within,False
iris_inferior,14.97229290008545,12.955204963684082,10.514663696289062,27.73240852355957,followup_50k_landmark_probe,celeb_within,geometry-fixedcompute-10k-infonce-seginit-50ksteps,50000,backbone,g4,32768,infonce,seg_init,385,11.937893992564714,,,,,,infonce,,10k,within,False
iris_superior,13.201848030090332,11.085577964782717,9.326035499572754,23.49664306640625,followup_50k_landmark_probe,celeb_within,geometry-fixedcompute-10k-infonce-seginit-50ksteps,50000,backbone,g4,32768,infonce,seg_init,385,11.937893992564714,,,,,,infonce,,10k,within,False
lateral_canthus,16.035497665405273,14.1327486038208,10.17308521270752,29.722108840942386,followup_50k_landmark_probe,celeb_within,geometry-fixedcompute-10k-infonce-seginit-50ksteps,50000,backbone,g4,32768,infonce,seg_init,385,11.937893992564714,,,,,,infonce,,10k,within,False
lid_inferior,13.612338066101074,11.482593536376953,9.65554904937744,24.74860572814941,followup_50k_landmark_probe,celeb_within,geometry-fixedcompute-10k-infonce-seginit-50ksteps,50000,backbone,g4,32768,infonce,seg_init,385,11.937893992564714,,,,,,infonce,,10k,within,False
lid_superior,13.027603149414062,10.714527130126953,9.350080490112305,23.706417083740234,followup_50k_landmark_probe,celeb_within,geometry-fixedcompute-10k-infonce-seginit-50ksteps,50000,backbone,g4,32768,infonce,seg_init,385,11.937893992564714,,,,,,infonce,,10k,within,False
medial_canthus,17.8743953704834,14.838900566101074,12.479546546936035,32.487422943115234,followup_50k_landmark_probe,celeb_within,geometry-fixedcompute-10k-infonce-seginit-50ksteps,50000,backbone,g4,32768,infonce,seg_init,385,11.937893992564714,,,,,,infonce,,10k,within,False
sclera_inferior,14.644086837768555,11.98247528076172,10.614192962646484,27.38804817199707,followup_50k_landmark_probe,celeb_within,geometry-fixedcompute-10k-infonce-seginit-50ksteps,50000,backbone,g4,32768,infonce,seg_init,385,11.937893992564714,,,,,,infonce,,10k,within,False
sclera_superior,13.739103317260742,11.577959060668945,9.720160484313963,24.898456573486328,followup_50k_landmark_probe,celeb_within,geometry-fixedcompute-10k-infonce-seginit-50ksteps,50000,backbone,g4,32768,infonce,seg_init,385,11.937893992564714,,,,,,infonce,,10k,within,False
iris_centroid,7.361405849456787,6.28810453414917,6.0614495277404785,13.380590438842773,followup_50k_landmark_probe,celeb_within,geometry-fixedcompute-100k-infonce-seginit-50ksteps,50000,backbone,g4,32768,infonce,seg_init,749,7.3676566504389855,,,,,,infonce,,100k,within,False
iris_inferior,7.9987993240356445,6.827624797821045,6.205460071563722,14.251826286315918,followup_50k_landmark_probe,celeb_within,geometry-fixedcompute-100k-infonce-seginit-50ksteps,50000,backbone,g4,32768,infonce,seg_init,749,7.3676566504389855,,,,,,infonce,,100k,within,False
iris_superior,7.578099727630615,6.46857213973999,6.008187770843506,13.205682754516602,followup_50k_landmark_probe,celeb_within,geometry-fixedcompute-100k-infonce-seginit-50ksteps,50000,backbone,g4,32768,infonce,seg_init,749,7.3676566504389855,,,,,,infonce,,100k,within,False
lateral_canthus,8.520562171936035,7.150769233703612,6.377377510070801,15.633746147155762,followup_50k_landmark_probe,celeb_within,geometry-fixedcompute-100k-infonce-seginit-50ksteps,50000,backbone,g4,32768,infonce,seg_init,749,7.3676566504389855,,,,,,infonce,,100k,within,False
lid_inferior,7.253342151641847,6.088696002960205,5.920576095581055,13.20736312866211,followup_50k_landmark_probe,celeb_within,geometry-fixedcompute-100k-infonce-seginit-50ksteps,50000,backbone,g4,32768,infonce,seg_init,749,7.3676566504389855,,,,,,infonce,,100k,within,False
lid_superior,7.319711685180664,6.102278709411621,5.9743852615356445,14.210152626037598,followup_50k_landmark_probe,celeb_within,geometry-fixedcompute-100k-infonce-seginit-50ksteps,50000,backbone,g4,32768,infonce,seg_init,749,7.3676566504389855,,,,,,infonce,,100k,within,False
medial_canthus,9.499972343444824,7.807943820953369,7.0620927810668945,17.6956787109375,followup_50k_landmark_probe,celeb_within,geometry-fixedcompute-100k-infonce-seginit-50ksteps,50000,backbone,g4,32768,infonce,seg_init,749,7.3676566504389855,,,,,,infonce,,100k,within,False
sclera_inferior,8.01455020904541,6.673581123352051,6.601200580596924,14.375078201293945,followup_50k_landmark_probe,celeb_within,geometry-fixedcompute-100k-infonce-seginit-50ksteps,50000,backbone,g4,32768,infonce,seg_init,749,7.3676566504389855,,,,,,infonce,,100k,within,False
sclera_superior,7.283856391906737,6.136162757873535,5.92563533782959,13.123270988464355,followup_50k_landmark_probe,celeb_within,geometry-fixedcompute-100k-infonce-seginit-50ksteps,50000,backbone,g4,32768,infonce,seg_init,749,7.3676566504389855,,,,,,infonce,,100k,within,False
iris_centroid,7.021852970123291,6.004225254058838,5.227951526641847,12.590765953063965,followup_50k_landmark_probe,celeb_within,geometry-fixedcompute-1m-infonce-seginit-50ksteps,50000,backbone,g4,32768,infonce,seg_init,828,6.87445065232574,,,,,,infonce,,1m,within,False
iris_inferior,7.4044318199157715,6.160036087036133,5.422280788421631,13.307537078857422,followup_50k_landmark_probe,celeb_within,geometry-fixedcompute-1m-infonce-seginit-50ksteps,50000,backbone,g4,32768,infonce,seg_init,828,6.87445065232574,,,,,,infonce,,1m,within,False
iris_superior,7.071638107299805,5.892991542816162,5.294426441192627,12.716147422790527,followup_50k_landmark_probe,celeb_within,geometry-fixedcompute-1m-infonce-seginit-50ksteps,50000,backbone,g4,32768,infonce,seg_init,828,6.87445065232574,,,,,,infonce,,1m,within,False
lateral_canthus,8.013395309448242,6.568605422973633,6.233580589294434,14.15447998046875,followup_50k_landmark_probe,celeb_within,geometry-fixedcompute-1m-infonce-seginit-50ksteps,50000,backbone,g4,32768,infonce,seg_init,828,6.87445065232574,,,,,,infonce,,1m,within,False
lid_inferior,6.812840461730957,5.730115413665772,5.308615207672119,12.384177207946776,followup_50k_landmark_probe,celeb_within,geometry-fixedcompute-1m-infonce-seginit-50ksteps,50000,backbone,g4,32768,infonce,seg_init,828,6.87445065232574,,,,,,infonce,,1m,within,False
lid_superior,6.674872398376465,5.510493755340576,5.144808769226074,12.299534797668455,followup_50k_landmark_probe,celeb_within,geometry-fixedcompute-1m-infonce-seginit-50ksteps,50000,backbone,g4,32768,infonce,seg_init,828,6.87445065232574,,,,,,infonce,,1m,within,False
medial_canthus,8.505352973937987,7.16791582107544,5.987075328826903,15.801797866821287,followup_50k_landmark_probe,celeb_within,geometry-fixedcompute-1m-infonce-seginit-50ksteps,50000,backbone,g4,32768,infonce,seg_init,828,6.87445065232574,,,,,,infonce,,1m,within,False
sclera_inferior,7.7626872062683105,6.4961371421813965,5.917567729949951,13.945205688476562,followup_50k_landmark_probe,celeb_within,geometry-fixedcompute-1m-infonce-seginit-50ksteps,50000,backbone,g4,32768,infonce,seg_init,828,6.87445065232574,,,,,,infonce,,1m,within,False
sclera_superior,6.757595539093018,5.60862398147583,5.285956859588623,12.072524070739744,followup_50k_landmark_probe,celeb_within,geometry-fixedcompute-1m-infonce-seginit-50ksteps,50000,backbone,g4,32768,infonce,seg_init,828,6.87445065232574,,,,,,infonce,,1m,within,False
iris_centroid,10.895781517028807,9.132779121398926,7.670489311218263,20.433984756469727,followup_50k_landmark_probe,celeb_within,geometry-fixedcompute-10k-lejepa-seginit-50ksteps,50000,backbone,g4,32768,lejepa,seg_init,984,10.523387830765524,,,,,,lejepa,,10k,within,False
iris_inferior,12.021332740783693,10.38510036468506,8.250414848327638,22.473468780517575,followup_50k_landmark_probe,celeb_within,geometry-fixedcompute-10k-lejepa-seginit-50ksteps,50000,backbone,g4,32768,lejepa,seg_init,984,10.523387830765524,,,,,,lejepa,,10k,within,False
iris_superior,10.334834098815918,8.888684272766113,7.398604869842528,19.401514053344727,followup_50k_landmark_probe,celeb_within,geometry-fixedcompute-10k-lejepa-seginit-50ksteps,50000,backbone,g4,32768,lejepa,seg_init,984,10.523387830765524,,,,,,lejepa,,10k,within,False
lateral_canthus,12.66074275970459,10.741302490234377,8.061630249023438,22.60067749023437,followup_50k_landmark_probe,celeb_within,geometry-fixedcompute-10k-lejepa-seginit-50ksteps,50000,backbone,g4,32768,lejepa,seg_init,984,10.523387830765524,,,,,,lejepa,,10k,within,False
lid_inferior,10.51809310913086,8.785588264465332,7.5799055099487305,20.43069648742676,followup_50k_landmark_probe,celeb_within,geometry-fixedcompute-10k-lejepa-seginit-50ksteps,50000,backbone,g4,32768,lejepa,seg_init,984,10.523387830765524,,,,,,lejepa,,10k,within,False
lid_superior,10.441400527954102,8.301998138427733,7.706316471099853,20.00766563415528,followup_50k_landmark_probe,celeb_within,geometry-fixedcompute-10k-lejepa-seginit-50ksteps,50000,backbone,g4,32768,lejepa,seg_init,984,10.523387830765524,,,,,,lejepa,,10k,within,False
medial_canthus,14.981172561645508,12.93463897705078,10.593717575073242,28.200176239013672,followup_50k_landmark_probe,celeb_within,geometry-fixedcompute-10k-lejepa-seginit-50ksteps,50000,backbone,g4,32768,lejepa,seg_init,984,10.523387830765524,,,,,,lejepa,,10k,within,False
sclera_inferior,11.992023468017578,9.77988338470459,8.30136775970459,22.832448959350586,followup_50k_landmark_probe,celeb_within,geometry-fixedcompute-10k-lejepa-seginit-50ksteps,50000,backbone,g4,32768,lejepa,seg_init,984,10.523387830765524,,,,,,lejepa,,10k,within,False
sclera_superior,10.620199203491213,8.821229934692383,7.6284546852111825,20.500274658203125,followup_50k_landmark_probe,celeb_within,geometry-fixedcompute-10k-lejepa-seginit-50ksteps,50000,backbone,g4,32768,lejepa,seg_init,984,10.523387830765524,,,,,,lejepa,,10k,within,False
iris_centroid,6.886903762817383,5.804901123046875,4.8059401512146,13.145742416381836,followup_50k_landmark_probe,celeb_within,geometry-fixedcompute-100k-lejepa-seginit-50ksteps,50000,backbone,g4,32768,lejepa,seg_init,367,6.936820577402584,,,,,,lejepa,,100k,within,False
iris_inferior,7.472518444061278,6.350210666656494,5.065924167633057,13.872919082641602,followup_50k_landmark_probe,celeb_within,geometry-fixedcompute-100k-lejepa-seginit-50ksteps,50000,backbone,g4,32768,lejepa,seg_init,367,6.936820577402584,,,,,,lejepa,,100k,within,False
iris_superior,7.169312000274657,5.897047996520996,4.926635265350342,13.196706771850586,followup_50k_landmark_probe,celeb_within,geometry-fixedcompute-100k-lejepa-seginit-50ksteps,50000,backbone,g4,32768,lejepa,seg_init,367,6.936820577402584,,,,,,lejepa,,100k,within,False
lateral_canthus,8.949362754821777,7.599047660827638,6.23454475402832,16.547815322875973,followup_50k_landmark_probe,celeb_within,geometry-fixedcompute-100k-lejepa-seginit-50ksteps,50000,backbone,g4,32768,lejepa,seg_init,367,6.936820577402584,,,,,,lejepa,,100k,within,False
lid_inferior,6.650774002075195,5.293455600738525,4.830888271331787,12.35287380218506,followup_50k_landmark_probe,celeb_within,geometry-fixedcompute-100k-lejepa-seginit-50ksteps,50000,backbone,g4,32768,lejepa,seg_init,367,6.936820577402584,,,,,,lejepa,,100k,within,False
lid_superior,6.85964822769165,5.505884647369385,4.97577428817749,12.910831451416016,followup_50k_landmark_probe,celeb_within,geometry-fixedcompute-100k-lejepa-seginit-50ksteps,50000,backbone,g4,32768,lejepa,seg_init,367,6.936820577402584,,,,,,lejepa,,100k,within,False
medial_canthus,9.489904403686523,7.9050750732421875,6.8136863708496085,17.319337844848633,followup_50k_landmark_probe,celeb_within,geometry-fixedcompute-100k-lejepa-seginit-50ksteps,50000,backbone,g4,32768,lejepa,seg_init,367,6.936820577402584,,,,,,lejepa,,100k,within,False
sclera_inferior,7.625191688537598,6.325716495513916,5.071758270263672,13.747950553894045,followup_50k_landmark_probe,celeb_within,geometry-fixedcompute-100k-lejepa-seginit-50ksteps,50000,backbone,g4,32768,lejepa,seg_init,367,6.936820577402584,,,,,,lejepa,,100k,within,False
sclera_superior,6.679566860198975,5.328412055969238,4.850605487823486,12.548951148986815,followup_50k_landmark_probe,celeb_within,geometry-fixedcompute-100k-lejepa-seginit-50ksteps,50000,backbone,g4,32768,lejepa,seg_init,367,6.936820577402584,,,,,,lejepa,,100k,within,False
iris_centroid,6.52177619934082,5.428024291992188,4.552743911743164,12.134535789489744,followup_50k_landmark_probe,celeb_within,geometry-fixedcompute-1m-lejepa-seginit-50ksteps,50000,backbone,g4,32768,lejepa,seg_init,422,6.840308634961237,,,,,,lejepa,,1m,within,False
iris_inferior,7.076921463012695,5.996857643127441,4.7832303047180185,13.025365829467773,followup_50k_landmark_probe,celeb_within,geometry-fixedcompute-1m-lejepa-seginit-50ksteps,50000,backbone,g4,32768,lejepa,seg_init,422,6.840308634961237,,,,,,lejepa,,1m,within,False
iris_superior,6.937693595886231,5.9523773193359375,4.678933143615723,12.69253158569336,followup_50k_landmark_probe,celeb_within,geometry-fixedcompute-1m-lejepa-seginit-50ksteps,50000,backbone,g4,32768,lejepa,seg_init,422,6.840308634961237,,,,,,lejepa,,1m,within,False
lateral_canthus,8.289009094238281,7.351054668426514,5.419818878173828,15.340521812438965,followup_50k_landmark_probe,celeb_within,geometry-fixedcompute-1m-lejepa-seginit-50ksteps,50000,backbone,g4,32768,lejepa,seg_init,422,6.840308634961237,,,,,,lejepa,,1m,within,False
lid_inferior,6.30704927444458,5.2112226486206055,4.531116962432861,11.58845329284668,followup_50k_landmark_probe,celeb_within,geometry-fixedcompute-1m-lejepa-seginit-50ksteps,50000,backbone,g4,32768,lejepa,seg_init,422,6.840308634961237,,,,,,lejepa,,1m,within,False
lid_superior,6.597014904022218,5.442826747894287,4.7870354652404785,12.769567489624025,followup_50k_landmark_probe,celeb_within,geometry-fixedcompute-1m-lejepa-seginit-50ksteps,50000,backbone,g4,32768,lejepa,seg_init,422,6.840308634961237,,,,,,lejepa,,1m,within,False
medial_canthus,8.872214317321777,7.45721435546875,6.2861061096191415,15.46870231628418,followup_50k_landmark_probe,celeb_within,geometry-fixedcompute-1m-lejepa-seginit-50ksteps,50000,backbone,g4,32768,lejepa,seg_init,422,6.840308634961237,,,,,,lejepa,,1m,within,False
sclera_inferior,7.13356876373291,6.034960746765138,4.879514694213867,13.220760345458984,followup_50k_landmark_probe,celeb_within,geometry-fixedcompute-1m-lejepa-seginit-50ksteps,50000,backbone,g4,32768,lejepa,seg_init,422,6.840308634961237,,,,,,lejepa,,1m,within,False
sclera_superior,6.3132262229919425,5.246370315551758,4.5409836769104,11.704509735107422,followup_50k_landmark_probe,celeb_within,geometry-fixedcompute-1m-lejepa-seginit-50ksteps,50000,backbone,g4,32768,lejepa,seg_init,422,6.840308634961237,,,,,,lejepa,,1m,within,False
iris_centroid,11.6148099899292,10.274182319641113,7.74772310256958,21.47769546508789,followup_50k_landmark_probe,celeb_within,geometry-fixedcompute-10k-vicreg-seginit-50ksteps,50000,backbone,g4,32768,vicreg,seg_init,987,11.31740989580832,,,,,,vicreg,,10k,within,False
iris_inferior,12.85792350769043,11.348217964172365,8.388611793518066,23.82539939880371,followup_50k_landmark_probe,celeb_within,geometry-fixedcompute-10k-vicreg-seginit-50ksteps,50000,backbone,g4,32768,vicreg,seg_init,987,11.31740989580832,,,,,,vicreg,,10k,within,False
iris_superior,11.050397872924805,9.744158744812012,7.397847652435303,20.6776065826416,followup_50k_landmark_probe,celeb_within,geometry-fixedcompute-10k-vicreg-seginit-50ksteps,50000,backbone,g4,32768,vicreg,seg_init,987,11.31740989580832,,,,,,vicreg,,10k,within,False
lateral_canthus,12.612728118896484,11.188270568847656,8.059648513793945,23.957143783569336,followup_50k_landmark_probe,celeb_within,geometry-fixedcompute-10k-vicreg-seginit-50ksteps,50000,backbone,g4,32768,vicreg,seg_init,987,11.31740989580832,,,,,,vicreg,,10k,within,False
lid_inferior,11.253677368164062,9.701600074768066,7.553056716918945,21.390764236450195,followup_50k_landmark_probe,celeb_within,geometry-fixedcompute-10k-vicreg-seginit-50ksteps,50000,backbone,g4,32768,vicreg,seg_init,987,11.31740989580832,,,,,,vicreg,,10k,within,False
lid_superior,11.16448974609375,9.525640487670898,7.67204475402832,20.60542297363281,followup_50k_landmark_probe,celeb_within,geometry-fixedcompute-10k-vicreg-seginit-50ksteps,50000,backbone,g4,32768,vicreg,seg_init,987,11.31740989580832,,,,,,vicreg,,10k,within,False
medial_canthus,14.514280319213867,12.597460746765135,9.664363861083984,26.48050880432129,followup_50k_landmark_probe,celeb_within,geometry-fixedcompute-10k-vicreg-seginit-50ksteps,50000,backbone,g4,32768,vicreg,seg_init,987,11.31740989580832,,,,,,vicreg,,10k,within,False
sclera_inferior,12.430974960327148,10.545774459838867,8.329475402832031,24.466693878173828,followup_50k_landmark_probe,celeb_within,geometry-fixedcompute-10k-vicreg-seginit-50ksteps,50000,backbone,g4,32768,vicreg,seg_init,987,11.31740989580832,,,,,,vicreg,,10k,within,False
sclera_superior,11.36248016357422,9.841118812561037,7.612727642059326,21.54475975036621,followup_50k_landmark_probe,celeb_within,geometry-fixedcompute-10k-vicreg-seginit-50ksteps,50000,backbone,g4,32768,vicreg,seg_init,987,11.31740989580832,,,,,,vicreg,,10k,within,False
iris_centroid,7.460756778717041,6.039772987365723,6.105251789093018,13.429548263549805,followup_50k_landmark_probe,celeb_within,geometry-fixedcompute-100k-vicreg-seginit-50ksteps,50000,backbone,g4,32768,vicreg,seg_init,968,7.044782732353836,,,,,,vicreg,,100k,within,False
iris_inferior,8.115589141845701,6.943469047546388,6.2811760902404785,14.715677261352539,followup_50k_landmark_probe,celeb_within,geometry-fixedcompute-100k-vicreg-seginit-50ksteps,50000,backbone,g4,32768,vicreg,seg_init,968,7.044782732353836,,,,,,vicreg,,100k,within,False
iris_superior,7.532407283782959,6.058605194091798,6.043425559997559,13.033111572265625,followup_50k_landmark_probe,celeb_within,geometry-fixedcompute-100k-vicreg-seginit-50ksteps,50000,backbone,g4,32768,vicreg,seg_init,968,7.044782732353836,,,,,,vicreg,,100k,within,False
lateral_canthus,8.632357597351074,7.010659217834473,6.855481147766112,15.668951988220215,followup_50k_landmark_probe,celeb_within,geometry-fixedcompute-100k-vicreg-seginit-50ksteps,50000,backbone,g4,32768,vicreg,seg_init,968,7.044782732353836,,,,,,vicreg,,100k,within,False
lid_inferior,7.188066005706787,5.917905330657959,6.084035873413086,13.80601406097412,followup_50k_landmark_probe,celeb_within,geometry-fixedcompute-100k-vicreg-seginit-50ksteps,50000,backbone,g4,32768,vicreg,seg_init,968,7.044782732353836,,,,,,vicreg,,100k,within,False
lid_superior,7.109295845031737,5.545973300933838,6.1647796630859375,12.603354454040527,followup_50k_landmark_probe,celeb_within,geometry-fixedcompute-100k-vicreg-seginit-50ksteps,50000,backbone,g4,32768,vicreg,seg_init,968,7.044782732353836,,,,,,vicreg,,100k,within,False
medial_canthus,9.061359405517578,7.816543102264403,6.60355281829834,16.67180061340332,followup_50k_landmark_probe,celeb_within,geometry-fixedcompute-100k-vicreg-seginit-50ksteps,50000,backbone,g4,32768,vicreg,seg_init,968,7.044782732353836,,,,,,vicreg,,100k,within,False
sclera_inferior,8.041836738586426,6.686838626861572,6.671811103820801,14.89123249053955,followup_50k_landmark_probe,celeb_within,geometry-fixedcompute-100k-vicreg-seginit-50ksteps,50000,backbone,g4,32768,vicreg,seg_init,968,7.044782732353836,,,,,,vicreg,,100k,within,False
sclera_superior,7.192594528198242,5.964030742645264,6.090195655822754,13.7528076171875,followup_50k_landmark_probe,celeb_within,geometry-fixedcompute-100k-vicreg-seginit-50ksteps,50000,backbone,g4,32768,vicreg,seg_init,968,7.044782732353836,,,,,,vicreg,,100k,within,False
iris_centroid,6.484808921813965,5.284950256347656,5.34128475189209,11.929217338562012,followup_50k_landmark_probe,celeb_within,geometry-fixedcompute-1m-vicreg-seginit-50ksteps,50000,backbone,g4,32768,vicreg,seg_init,774,6.585232200518331,,,,,,vicreg,,1m,within,False
iris_inferior,7.017624855041504,5.58408260345459,5.553069591522217,13.246515274047852,followup_50k_landmark_probe,celeb_within,geometry-fixedcompute-1m-vicreg-seginit-50ksteps,50000,backbone,g4,32768,vicreg,seg_init,774,6.585232200518331,,,,,,vicreg,,1m,within,False
iris_superior,6.771098613739014,5.5929741859436035,5.516703605651856,12.459144592285154,followup_50k_landmark_probe,celeb_within,geometry-fixedcompute-1m-vicreg-seginit-50ksteps,50000,backbone,g4,32768,vicreg,seg_init,774,6.585232200518331,,,,,,vicreg,,1m,within,False
lateral_canthus,8.122175216674805,6.940267086029053,6.078897953033447,15.036982536315918,followup_50k_landmark_probe,celeb_within,geometry-fixedcompute-1m-vicreg-seginit-50ksteps,50000,backbone,g4,32768,vicreg,seg_init,774,6.585232200518331,,,,,,vicreg,,1m,within,False
lid_inferior,6.404592037200928,5.057677745819092,5.253026008605957,11.626016616821287,followup_50k_landmark_probe,celeb_within,geometry-fixedcompute-1m-vicreg-seginit-50ksteps,50000,backbone,g4,32768,vicreg,seg_init,774,6.585232200518331,,,,,,vicreg,,1m,within,False
lid_superior,6.418428421020508,5.117043972015381,5.440524101257324,12.037107467651367,followup_50k_landmark_probe,celeb_within,geometry-fixedcompute-1m-vicreg-seginit-50ksteps,50000,backbone,g4,32768,vicreg,seg_init,774,6.585232200518331,,,,,,vicreg,,1m,within,False
medial_canthus,8.34855842590332,7.0480217933654785,5.801833152770996,15.28915023803711,followup_50k_landmark_probe,celeb_within,geometry-fixedcompute-1m-vicreg-seginit-50ksteps,50000,backbone,g4,32768,vicreg,seg_init,774,6.585232200518331,,,,,,vicreg,,1m,within,False
sclera_inferior,7.2142767906188965,5.708600044250487,5.8847270011901855,13.682343482971193,followup_50k_landmark_probe,celeb_within,geometry-fixedcompute-1m-vicreg-seginit-50ksteps,50000,backbone,g4,32768,vicreg,seg_init,774,6.585232200518331,,,,,,vicreg,,1m,within,False
sclera_superior,6.379332542419434,5.091296195983887,5.242439270019531,11.507441520690918,followup_50k_landmark_probe,celeb_within,geometry-fixedcompute-1m-vicreg-seginit-50ksteps,50000,backbone,g4,32768,vicreg,seg_init,774,6.585232200518331,,,,,,vicreg,,1m,within,False
iris_centroid,6.6965370178222665,5.84304141998291,4.2045016288757315,12.316510200500488,followup_50k_landmark_probe,cfd_within,baseline-random,0,backbone,gap,2048,baseline,random,795,13.72930145263672,,,,,,baseline,random,baseline,within,True
iris_inferior,7.1285905838012695,6.416578769683838,4.381375312805177,12.258416175842285,followup_50k_landmark_probe,cfd_within,baseline-random,0,backbone,gap,2048,baseline,random,795,13.72930145263672,,,,,,baseline,random,baseline,within,True
iris_superior,6.696315288543701,6.0344905853271475,4.1873626708984375,12.448426246643065,followup_50k_landmark_probe,cfd_within,baseline-random,0,backbone,gap,2048,baseline,random,795,13.72930145263672,,,,,,baseline,random,baseline,within,True
lateral_canthus,30.346769332885746,22.537036895751964,24.589962005615234,72.0992431640625,followup_50k_landmark_probe,cfd_within,baseline-random,0,backbone,gap,2048,baseline,random,795,13.72930145263672,,,,,,baseline,random,baseline,within,True
lid_inferior,6.707310199737549,6.2752952575683585,3.9570400714874254,11.892372131347654,followup_50k_landmark_probe,cfd_within,baseline-random,0,backbone,gap,2048,baseline,random,795,13.72930145263672,,,,,,baseline,random,baseline,within,True
lid_superior,8.658538818359375,7.678274631500244,5.228850841522217,15.19278621673584,followup_50k_landmark_probe,cfd_within,baseline-random,0,backbone,gap,2048,baseline,random,795,13.72930145263672,,,,,,baseline,random,baseline,within,True
medial_canthus,36.28564453125,26.838825225830078,30.076128005981445,84.3733139038086,followup_50k_landmark_probe,cfd_within,baseline-random,0,backbone,gap,2048,baseline,random,795,13.72930145263672,,,,,,baseline,random,baseline,within,True
sclera_inferior,7.518894672393799,6.483134746551514,5.201051712036133,13.175639152526855,followup_50k_landmark_probe,cfd_within,baseline-random,0,backbone,gap,2048,baseline,random,795,13.72930145263672,,,,,,baseline,random,baseline,within,True
sclera_superior,6.707319736480713,6.29374361038208,3.952134847640991,11.909357070922852,followup_50k_landmark_probe,cfd_within,baseline-random,0,backbone,gap,2048,baseline,random,795,13.72930145263672,,,,,,baseline,random,baseline,within,True
iris_centroid,4.927836418151856,4.375808238983153,2.9662380218505864,9.106358528137207,followup_50k_landmark_probe,cfd_within,geometry-fixedcompute-10k-infonce-random-50ksteps,50000,backbone,gap,2048,infonce,random,985,5.629683494567871,,,,,,infonce,random,10k,within,True
iris_inferior,5.435667514801025,4.977511405944824,3.1269414424896236,8.985456466674805,followup_50k_landmark_probe,cfd_within,geometry-fixedcompute-10k-infonce-random-50ksteps,50000,backbone,gap,2048,infonce,random,985,5.629683494567871,,,,,,infonce,random,10k,within,True
iris_superior,5.016952037811278,4.343088626861571,3.055182695388794,9.17168140411377,followup_50k_landmark_probe,cfd_within,geometry-fixedcompute-10k-infonce-random-50ksteps,50000,backbone,gap,2048,infonce,random,985,5.629683494567871,,,,,,infonce,random,10k,within,True
lateral_canthus,6.752958297729492,5.919674873352051,4.394910812377931,11.856098175048828,followup_50k_landmark_probe,cfd_within,geometry-fixedcompute-10k-infonce-random-50ksteps,50000,backbone,gap,2048,infonce,random,985,5.629683494567871,,,,,,infonce,random,10k,within,True
lid_inferior,5.316410541534424,5.255148887634277,2.8787882328033447,9.217982292175293,followup_50k_landmark_probe,cfd_within,geometry-fixedcompute-10k-infonce-random-50ksteps,50000,backbone,gap,2048,infonce,random,985,5.629683494567871,,,,,,infonce,random,10k,within,True
lid_superior,6.060046672821045,5.3582730293273935,3.5448200702667236,10.433547973632812,followup_50k_landmark_probe,cfd_within,geometry-fixedcompute-10k-infonce-random-50ksteps,50000,backbone,gap,2048,infonce,random,985,5.629683494567871,,,,,,infonce,random,10k,within,True
medial_canthus,7.522005081176758,6.678055763244629,5.120176315307617,12.265064239501953,followup_50k_landmark_probe,cfd_within,geometry-fixedcompute-10k-infonce-random-50ksteps,50000,backbone,gap,2048,infonce,random,985,5.629683494567871,,,,,,infonce,random,10k,within,True
sclera_inferior,5.747757911682129,5.300039291381836,3.149165391921997,10.138104438781738,followup_50k_landmark_probe,cfd_within,geometry-fixedcompute-10k-infonce-random-50ksteps,50000,backbone,gap,2048,infonce,random,985,5.629683494567871,,,,,,infonce,random,10k,within,True
sclera_superior,5.305155277252197,5.21244478225708,2.8699991703033447,9.235480308532717,followup_50k_landmark_probe,cfd_within,geometry-fixedcompute-10k-infonce-random-50ksteps,50000,backbone,gap,2048,infonce,random,985,5.629683494567871,,,,,,infonce,random,10k,within,True
iris_centroid,4.1356682777404785,3.66033935546875,2.5808124542236333,7.70831823348999,followup_50k_landmark_probe,cfd_within,geometry-fixedcompute-100k-infonce-random-50ksteps,50000,backbone,gap,2048,infonce,random,961,4.88153076171875,,,,,,infonce,random,100k,within,True
iris_inferior,4.663549423217773,4.28070068359375,2.7590267658233643,8.324150085449219,followup_50k_landmark_probe,cfd_within,geometry-fixedcompute-100k-infonce-random-50ksteps,50000,backbone,gap,2048,infonce,random,961,4.88153076171875,,,,,,infonce,random,100k,within,True
iris_superior,4.329363822937012,4.099172592163087,2.6426730155944824,7.986551761627197,followup_50k_landmark_probe,cfd_within,geometry-fixedcompute-100k-infonce-random-50ksteps,50000,backbone,gap,2048,infonce,random,961,4.88153076171875,,,,,,infonce,random,100k,within,True
lateral_canthus,6.05838680267334,4.9855079650878915,4.1258039474487305,11.51803493499756,followup_50k_landmark_probe,cfd_within,geometry-fixedcompute-100k-infonce-random-50ksteps,50000,backbone,gap,2048,infonce,random,961,4.88153076171875,,,,,,infonce,random,100k,within,True
lid_inferior,4.263609886169434,4.034761905670166,2.543646812438965,7.064381122589111,followup_50k_landmark_probe,cfd_within,geometry-fixedcompute-100k-infonce-random-50ksteps,50000,backbone,gap,2048,infonce,random,961,4.88153076171875,,,,,,infonce,random,100k,within,True
lid_superior,5.209165573120117,4.551758766174316,3.3952059745788574,10.341526985168457,followup_50k_landmark_probe,cfd_within,geometry-fixedcompute-100k-infonce-random-50ksteps,50000,backbone,gap,2048,infonce,random,961,4.88153076171875,,,,,,infonce,random,100k,within,True
medial_canthus,6.6262078285217285,5.537820816040039,4.103980541229248,11.597090721130373,followup_50k_landmark_probe,cfd_within,geometry-fixedcompute-100k-infonce-random-50ksteps,50000,backbone,gap,2048,infonce,random,961,4.88153076171875,,,,,,infonce,random,100k,within,True
sclera_inferior,4.9336934089660645,4.3483428955078125,3.1930062770843506,9.969722747802734,followup_50k_landmark_probe,cfd_within,geometry-fixedcompute-100k-infonce-random-50ksteps,50000,backbone,gap,2048,infonce,random,961,4.88153076171875,,,,,,infonce,random,100k,within,True
sclera_superior,4.254554271697998,4.072625160217285,2.524054765701294,6.8453288078308105,followup_50k_landmark_probe,cfd_within,geometry-fixedcompute-100k-infonce-random-50ksteps,50000,backbone,gap,2048,infonce,random,961,4.88153076171875,,,,,,infonce,random,100k,within,True
iris_centroid,4.577384471893311,4.006328582763672,2.5705549716949463,8.055404663085938,followup_50k_landmark_probe,cfd_within,geometry-fixedcompute-1m-infonce-random-50ksteps,50000,backbone,gap,2048,infonce,random,975,5.134476661682129,,,,,,infonce,random,1m,within,True
iris_inferior,5.04241418838501,4.71984338760376,2.873829364776612,9.180150032043457,followup_50k_landmark_probe,cfd_within,geometry-fixedcompute-1m-infonce-random-50ksteps,50000,backbone,gap,2048,infonce,random,975,5.134476661682129,,,,,,infonce,random,1m,within,True
iris_superior,4.813608646392822,4.289388656616212,2.556567668914795,8.224640846252441,followup_50k_landmark_probe,cfd_within,geometry-fixedcompute-1m-infonce-random-50ksteps,50000,backbone,gap,2048,infonce,random,975,5.134476661682129,,,,,,infonce,random,1m,within,True
lateral_canthus,6.475188732147218,5.55332088470459,3.948969841003418,10.954554557800293,followup_50k_landmark_probe,cfd_within,geometry-fixedcompute-1m-infonce-random-50ksteps,50000,backbone,gap,2048,infonce,random,975,5.134476661682129,,,,,,infonce,random,1m,within,True
lid_inferior,4.801026344299316,4.353485107421875,2.804608106613159,8.333831787109375,followup_50k_landmark_probe,cfd_within,geometry-fixedcompute-1m-infonce-random-50ksteps,50000,backbone,gap,2048,infonce,random,975,5.134476661682129,,,,,,infonce,random,1m,within,True
lid_superior,5.727157115936278,4.69126033782959,3.94801664352417,11.525925636291506,followup_50k_landmark_probe,cfd_within,geometry-fixedcompute-1m-infonce-random-50ksteps,50000,backbone,gap,2048,infonce,random,975,5.134476661682129,,,,,,infonce,random,1m,within,True
medial_canthus,6.651162147521973,5.758530616760254,4.166767120361328,11.20876693725586,followup_50k_landmark_probe,cfd_within,geometry-fixedcompute-1m-infonce-random-50ksteps,50000,backbone,gap,2048,infonce,random,975,5.134476661682129,,,,,,infonce,random,1m,within,True
sclera_inferior,5.213929653167725,4.693484306335449,2.9851713180541988,9.49078369140625,followup_50k_landmark_probe,cfd_within,geometry-fixedcompute-1m-infonce-random-50ksteps,50000,backbone,gap,2048,infonce,random,975,5.134476661682129,,,,,,infonce,random,1m,within,True
sclera_superior,4.820803642272949,4.32433032989502,2.8155770301818848,8.293092727661133,followup_50k_landmark_probe,cfd_within,geometry-fixedcompute-1m-infonce-random-50ksteps,50000,backbone,gap,2048,infonce,random,975,5.134476661682129,,,,,,infonce,random,1m,within,True
iris_centroid,5.822468280792236,5.158805847167969,3.6694767475128174,10.227267265319824,followup_50k_landmark_probe,cfd_within,geometry-fixedcompute-10k-lejepa-random-50ksteps,50000,backbone,gap,2048,lejepa,random,984,6.580477714538574,,,,,,lejepa,random,10k,within,True
iris_inferior,6.170838356018066,5.4993929862976065,3.938951015472412,10.94015407562256,followup_50k_landmark_probe,cfd_within,geometry-fixedcompute-10k-lejepa-random-50ksteps,50000,backbone,gap,2048,lejepa,random,984,6.580477714538574,,,,,,lejepa,random,10k,within,True
iris_superior,5.977004051208496,5.479389190673828,3.661288022994995,10.623779296875,followup_50k_landmark_probe,cfd_within,geometry-fixedcompute-10k-lejepa-random-50ksteps,50000,backbone,gap,2048,lejepa,random,984,6.580477714538574,,,,,,lejepa,random,10k,within,True
lateral_canthus,7.532000541687013,6.636986255645753,4.988121032714844,14.356670379638672,followup_50k_landmark_probe,cfd_within,geometry-fixedcompute-10k-lejepa-random-50ksteps,50000,backbone,gap,2048,lejepa,random,984,6.580477714538574,,,,,,lejepa,random,10k,within,True
lid_inferior,5.916901588439941,5.376905918121338,3.532003164291382,10.417876243591307,followup_50k_landmark_probe,cfd_within,geometry-fixedcompute-10k-lejepa-random-50ksteps,50000,backbone,gap,2048,lejepa,random,984,6.580477714538574,,,,,,lejepa,random,10k,within,True
lid_superior,8.171677589416504,6.866208076477051,5.02899169921875,15.32122039794922,followup_50k_landmark_probe,cfd_within,geometry-fixedcompute-10k-lejepa-random-50ksteps,50000,backbone,gap,2048,lejepa,random,984,6.580477714538574,,,,,,lejepa,random,10k,within,True
medial_canthus,7.9254212379455575,6.85163688659668,5.66430139541626,15.127556800842285,followup_50k_landmark_probe,cfd_within,geometry-fixedcompute-10k-lejepa-random-50ksteps,50000,backbone,gap,2048,lejepa,random,984,6.580477714538574,,,,,,lejepa,random,10k,within,True
sclera_inferior,6.198634624481201,5.407464027404785,4.354089260101318,10.49985122680664,followup_50k_landmark_probe,cfd_within,geometry-fixedcompute-10k-lejepa-random-50ksteps,50000,backbone,gap,2048,lejepa,random,984,6.580477714538574,,,,,,lejepa,random,10k,within,True
sclera_superior,5.888296604156494,5.316255569458008,3.5422728061676025,10.546581268310547,followup_50k_landmark_probe,cfd_within,geometry-fixedcompute-10k-lejepa-random-50ksteps,50000,backbone,gap,2048,lejepa,random,984,6.580477714538574,,,,,,lejepa,random,10k,within,True
iris_centroid,5.854462623596191,5.167725563049316,3.602344036102295,9.943748474121094,followup_50k_landmark_probe,cfd_within,geometry-fixedcompute-100k-lejepa-random-50ksteps,50000,backbone,gap,2048,lejepa,random,981,6.437655925750732,,,,,,lejepa,random,100k,within,True
iris_inferior,6.2990498542785645,5.547138214111328,3.8263461589813232,11.049080848693848,followup_50k_landmark_probe,cfd_within,geometry-fixedcompute-100k-lejepa-random-50ksteps,50000,backbone,gap,2048,lejepa,random,981,6.437655925750732,,,,,,lejepa,random,100k,within,True
iris_superior,5.8823981285095215,5.238999366760254,3.525104522705078,10.359286308288574,followup_50k_landmark_probe,cfd_within,geometry-fixedcompute-100k-lejepa-random-50ksteps,50000,backbone,gap,2048,lejepa,random,981,6.437655925750732,,,,,,lejepa,random,100k,within,True
lateral_canthus,7.789881706237793,6.535118579864503,5.47579288482666,13.794705390930176,followup_50k_landmark_probe,cfd_within,geometry-fixedcompute-100k-lejepa-random-50ksteps,50000,backbone,gap,2048,lejepa,random,981,6.437655925750732,,,,,,lejepa,random,100k,within,True
lid_inferior,5.792417526245117,5.059417724609375,3.6273622512817374,10.501840591430664,followup_50k_landmark_probe,cfd_within,geometry-fixedcompute-100k-lejepa-random-50ksteps,50000,backbone,gap,2048,lejepa,random,981,6.437655925750732,,,,,,lejepa,random,100k,within,True
lid_superior,8.345527648925781,7.473759651184082,5.150140285491943,15.18040370941162,followup_50k_landmark_probe,cfd_within,geometry-fixedcompute-100k-lejepa-random-50ksteps,50000,backbone,gap,2048,lejepa,random,981,6.437655925750732,,,,,,lejepa,random,100k,within,True
medial_canthus,8.159586906433105,6.95457124710083,5.61430549621582,14.973230361938475,followup_50k_landmark_probe,cfd_within,geometry-fixedcompute-100k-lejepa-random-50ksteps,50000,backbone,gap,2048,lejepa,random,981,6.437655925750732,,,,,,lejepa,random,100k,within,True
sclera_inferior,6.301581382751465,5.500563144683838,4.3134355545043945,10.336054801940918,followup_50k_landmark_probe,cfd_within,geometry-fixedcompute-100k-lejepa-random-50ksteps,50000,backbone,gap,2048,lejepa,random,981,6.437655925750732,,,,,,lejepa,random,100k,within,True
sclera_superior,5.815005779266357,5.1131792068481445,3.6558470726013184,10.593995094299316,followup_50k_landmark_probe,cfd_within,geometry-fixedcompute-100k-lejepa-random-50ksteps,50000,backbone,gap,2048,lejepa,random,981,6.437655925750732,,,,,,lejepa,random,100k,within,True
iris_centroid,5.161152362823486,4.3067893981933585,3.3305041790008545,8.665988922119139,followup_50k_landmark_probe,cfd_within,geometry-fixedcompute-1m-lejepa-random-50ksteps,50000,backbone,gap,2048,lejepa,random,949,5.6525630950927725,,,,,,lejepa,random,1m,within,True
iris_inferior,5.58470344543457,5.065083026885986,3.3850457668304443,9.228163719177246,followup_50k_landmark_probe,cfd_within,geometry-fixedcompute-1m-lejepa-random-50ksteps,50000,backbone,gap,2048,lejepa,random,949,5.6525630950927725,,,,,,lejepa,random,1m,within,True
iris_superior,5.3103060722351065,5.018048286437988,3.5145466327667236,9.66826629638672,followup_50k_landmark_probe,cfd_within,geometry-fixedcompute-1m-lejepa-random-50ksteps,50000,backbone,gap,2048,lejepa,random,949,5.6525630950927725,,,,,,lejepa,random,1m,within,True
lateral_canthus,6.986159324645996,5.852943420410156,4.716151714324951,12.5028076171875,followup_50k_landmark_probe,cfd_within,geometry-fixedcompute-1m-lejepa-random-50ksteps,50000,backbone,gap,2048,lejepa,random,949,5.6525630950927725,,,,,,lejepa,random,1m,within,True
lid_inferior,5.129236221313477,4.671387672424316,3.287829875946045,8.802668571472168,followup_50k_landmark_probe,cfd_within,geometry-fixedcompute-1m-lejepa-random-50ksteps,50000,backbone,gap,2048,lejepa,random,949,5.6525630950927725,,,,,,lejepa,random,1m,within,True
lid_superior,7.819789409637451,6.877772331237793,4.871124267578125,14.33058261871338,followup_50k_landmark_probe,cfd_within,geometry-fixedcompute-1m-lejepa-random-50ksteps,50000,backbone,gap,2048,lejepa,random,949,5.6525630950927725,,,,,,lejepa,random,1m,within,True
medial_canthus,7.052974224090576,6.396143913269043,4.299139499664307,12.480862617492676,followup_50k_landmark_probe,cfd_within,geometry-fixedcompute-1m-lejepa-random-50ksteps,50000,backbone,gap,2048,lejepa,random,949,5.6525630950927725,,,,,,lejepa,random,1m,within,True
sclera_inferior,5.6246843338012695,4.8987388610839835,3.9967529773712163,10.080765724182127,followup_50k_landmark_probe,cfd_within,geometry-fixedcompute-1m-lejepa-random-50ksteps,50000,backbone,gap,2048,lejepa,random,949,5.6525630950927725,,,,,,lejepa,random,1m,within,True
sclera_superior,5.106405258178711,4.542767524719238,3.313339948654175,8.802058219909668,followup_50k_landmark_probe,cfd_within,geometry-fixedcompute-1m-lejepa-random-50ksteps,50000,backbone,gap,2048,lejepa,random,949,5.6525630950927725,,,,,,lejepa,random,1m,within,True
iris_centroid,4.804810523986816,4.3285436630249015,2.9302635192871094,8.715140342712402,followup_50k_landmark_probe,cfd_within,geometry-fixedcompute-10k-vicreg-random-50ksteps,50000,backbone,gap,2048,vicreg,random,999,5.312017917633057,,,,,,vicreg,random,10k,within,True
iris_inferior,5.303351402282715,4.749414920806885,3.0669922828674316,9.524214744567873,followup_50k_landmark_probe,cfd_within,geometry-fixedcompute-10k-vicreg-random-50ksteps,50000,backbone,gap,2048,vicreg,random,999,5.312017917633057,,,,,,vicreg,random,10k,within,True
iris_superior,4.909167289733887,4.41301155090332,2.9828121662139893,8.747777938842772,followup_50k_landmark_probe,cfd_within,geometry-fixedcompute-10k-vicreg-random-50ksteps,50000,backbone,gap,2048,vicreg,random,999,5.312017917633057,,,,,,vicreg,random,10k,within,True
lateral_canthus,6.756441116333008,5.8032875061035165,4.747569561004639,12.057693481445312,followup_50k_landmark_probe,cfd_within,geometry-fixedcompute-10k-vicreg-random-50ksteps,50000,backbone,gap,2048,vicreg,random,999,5.312017917633057,,,,,,vicreg,random,10k,within,True
lid_inferior,5.255180358886719,4.708005905151367,2.8961548805236816,9.208120346069336,followup_50k_landmark_probe,cfd_within,geometry-fixedcompute-10k-vicreg-random-50ksteps,50000,backbone,gap,2048,vicreg,random,999,5.312017917633057,,,,,,vicreg,random,10k,within,True
lid_superior,5.732866287231445,4.764300346374512,3.748171329498291,11.457365036010742,followup_50k_landmark_probe,cfd_within,geometry-fixedcompute-10k-vicreg-random-50ksteps,50000,backbone,gap,2048,vicreg,random,999,5.312017917633057,,,,,,vicreg,random,10k,within,True
medial_canthus,7.556910514831543,6.584432125091553,5.917239189147949,11.569037437438965,followup_50k_landmark_probe,cfd_within,geometry-fixedcompute-10k-vicreg-random-50ksteps,50000,backbone,gap,2048,vicreg,random,999,5.312017917633057,,,,,,vicreg,random,10k,within,True
sclera_inferior,5.483419418334961,4.808492183685303,3.4852983951568604,9.739686965942383,followup_50k_landmark_probe,cfd_within,geometry-fixedcompute-10k-vicreg-random-50ksteps,50000,backbone,gap,2048,vicreg,random,999,5.312017917633057,,,,,,vicreg,random,10k,within,True
sclera_superior,5.243607997894287,4.700458526611328,2.8973267078399663,9.211865425109863,followup_50k_landmark_probe,cfd_within,geometry-fixedcompute-10k-vicreg-random-50ksteps,50000,backbone,gap,2048,vicreg,random,999,5.312017917633057,,,,,,vicreg,random,10k,within,True
iris_centroid,4.0718727111816415,3.8046159744262695,2.5747437477111816,7.6473917961120605,followup_50k_landmark_probe,cfd_within,geometry-fixedcompute-100k-vicreg-random-50ksteps,50000,backbone,gap,2048,vicreg,random,957,4.949226379394531,,,,,,vicreg,random,100k,within,True
iris_inferior,4.635769844055176,4.131803035736084,2.761265277862549,8.306096076965332,followup_50k_landmark_probe,cfd_within,geometry-fixedcompute-100k-vicreg-random-50ksteps,50000,backbone,gap,2048,vicreg,random,957,4.949226379394531,,,,,,vicreg,random,100k,within,True
iris_superior,4.289408206939696,3.9433753490448,2.4795174598693848,7.344500541687013,followup_50k_landmark_probe,cfd_within,geometry-fixedcompute-100k-vicreg-random-50ksteps,50000,backbone,gap,2048,vicreg,random,957,4.949226379394531,,,,,,vicreg,random,100k,within,True
lateral_canthus,5.594396114349365,4.884725570678711,3.773240089416504,10.431755065917967,followup_50k_landmark_probe,cfd_within,geometry-fixedcompute-100k-vicreg-random-50ksteps,50000,backbone,gap,2048,vicreg,random,957,4.949226379394531,,,,,,vicreg,random,100k,within,True
lid_inferior,4.333590507507323,4.084315299987793,2.5831995010375977,7.603147983551025,followup_50k_landmark_probe,cfd_within,geometry-fixedcompute-100k-vicreg-random-50ksteps,50000,backbone,gap,2048,vicreg,random,957,4.949226379394531,,,,,,vicreg,random,100k,within,True
lid_superior,5.127269744873047,4.318513870239259,3.4656641483306885,10.322823524475098,followup_50k_landmark_probe,cfd_within,geometry-fixedcompute-100k-vicreg-random-50ksteps,50000,backbone,gap,2048,vicreg,random,957,4.949226379394531,,,,,,vicreg,random,100k,within,True
medial_canthus,6.6371707916259775,5.770187854766847,4.343418598175049,11.60122013092041,followup_50k_landmark_probe,cfd_within,geometry-fixedcompute-100k-vicreg-random-50ksteps,50000,backbone,gap,2048,vicreg,random,957,4.949226379394531,,,,,,vicreg,random,100k,within,True
sclera_inferior,4.629656791687012,4.0712547302246085,2.9411127567291264,8.539937019348145,followup_50k_landmark_probe,cfd_within,geometry-fixedcompute-100k-vicreg-random-50ksteps,50000,backbone,gap,2048,vicreg,random,957,4.949226379394531,,,,,,vicreg,random,100k,within,True
sclera_superior,4.330682277679443,4.0719733238220215,2.5792009830474854,7.456214904785156,followup_50k_landmark_probe,cfd_within,geometry-fixedcompute-100k-vicreg-random-50ksteps,50000,backbone,gap,2048,vicreg,random,957,4.949226379394531,,,,,,vicreg,random,100k,within,True
iris_centroid,4.339174747467041,3.9939785003662114,2.662382364273072,7.9567012786865225,followup_50k_landmark_probe,cfd_within,geometry-fixedcompute-1m-vicreg-random-50ksteps,50000,backbone,gap,2048,vicreg,random,1000,4.948784828186035,,,,,,vicreg,random,1m,within,True
iris_inferior,4.84588623046875,4.336290359497069,2.8679909706115723,8.928511619567871,followup_50k_landmark_probe,cfd_within,geometry-fixedcompute-1m-vicreg-random-50ksteps,50000,backbone,gap,2048,vicreg,random,1000,4.948784828186035,,,,,,vicreg,random,1m,within,True
iris_superior,4.63081693649292,4.17708158493042,2.656696557998657,7.946165084838867,followup_50k_landmark_probe,cfd_within,geometry-fixedcompute-1m-vicreg-random-50ksteps,50000,backbone,gap,2048,vicreg,random,1000,4.948784828186035,,,,,,vicreg,random,1m,within,True
lateral_canthus,5.906937599182129,5.302103996276856,3.6068060398101807,10.250676155090332,followup_50k_landmark_probe,cfd_within,geometry-fixedcompute-1m-vicreg-random-50ksteps,50000,backbone,gap,2048,vicreg,random,1000,4.948784828186035,,,,,,vicreg,random,1m,within,True
lid_inferior,4.578948020935059,4.273531913757323,2.6810874938964844,8.16817569732666,followup_50k_landmark_probe,cfd_within,geometry-fixedcompute-1m-vicreg-random-50ksteps,50000,backbone,gap,2048,vicreg,random,1000,4.948784828186035,,,,,,vicreg,random,1m,within,True
lid_superior,5.407843112945557,4.465280055999756,3.606990575790405,11.488835334777832,followup_50k_landmark_probe,cfd_within,geometry-fixedcompute-1m-vicreg-random-50ksteps,50000,backbone,gap,2048,vicreg,random,1000,4.948784828186035,,,,,,vicreg,random,1m,within,True
medial_canthus,6.381351947784424,5.658313751220702,3.732245683670044,11.345259666442873,followup_50k_landmark_probe,cfd_within,geometry-fixedcompute-1m-vicreg-random-50ksteps,50000,backbone,gap,2048,vicreg,random,1000,4.948784828186035,,,,,,vicreg,random,1m,within,True
sclera_inferior,4.915994644165039,4.26407527923584,3.180720329284668,8.91076374053955,followup_50k_landmark_probe,cfd_within,geometry-fixedcompute-1m-vicreg-random-50ksteps,50000,backbone,gap,2048,vicreg,random,1000,4.948784828186035,,,,,,vicreg,random,1m,within,True
sclera_superior,4.571800708770752,4.2590956687927255,2.696669101715088,8.077263832092285,followup_50k_landmark_probe,cfd_within,geometry-fixedcompute-1m-vicreg-random-50ksteps,50000,backbone,gap,2048,vicreg,random,1000,4.948784828186035,,,,,,vicreg,random,1m,within,True
iris_centroid,9.01649284362793,7.731810569763184,5.514106750488281,16.57711410522461,followup_50k_landmark_probe,cfd_within,baseline-imagenet,0,backbone,gap,2048,baseline,imagenet,802,12.257145881652832,,,,,,baseline,imagenet,baseline,within,True
iris_inferior,9.832059860229492,8.581855773925781,5.977311611175537,17.770906448364258,followup_50k_landmark_probe,cfd_within,baseline-imagenet,0,backbone,gap,2048,baseline,imagenet,802,12.257145881652832,,,,,,baseline,imagenet,baseline,within,True
iris_superior,8.588947296142576,7.465546607971191,5.2004661560058585,15.659804344177244,followup_50k_landmark_probe,cfd_within,baseline-imagenet,0,backbone,gap,2048,baseline,imagenet,802,12.257145881652832,,,,,,baseline,imagenet,baseline,within,True
lateral_canthus,19.509920120239254,12.667627334594727,18.47867774963379,53.22093963623047,followup_50k_landmark_probe,cfd_within,baseline-imagenet,0,backbone,gap,2048,baseline,imagenet,802,12.257145881652832,,,,,,baseline,imagenet,baseline,within,True
lid_inferior,8.89454174041748,7.534594535827638,5.310862064361572,17.016080856323242,followup_50k_landmark_probe,cfd_within,baseline-imagenet,0,backbone,gap,2048,baseline,imagenet,802,12.257145881652832,,,,,,baseline,imagenet,baseline,within,True
lid_superior,9.929695129394533,8.376276016235353,6.216817378997803,18.3939151763916,followup_50k_landmark_probe,cfd_within,baseline-imagenet,0,backbone,gap,2048,baseline,imagenet,802,12.257145881652832,,,,,,baseline,imagenet,baseline,within,True
medial_canthus,20.093297958374023,11.496519088745115,22.327651977539066,42.70959091186523,followup_50k_landmark_probe,cfd_within,baseline-imagenet,0,backbone,gap,2048,baseline,imagenet,802,12.257145881652832,,,,,,baseline,imagenet,baseline,within,True
sclera_inferior,10.12571907043457,8.82012939453125,6.230507850646973,17.64885139465332,followup_50k_landmark_probe,cfd_within,baseline-imagenet,0,backbone,gap,2048,baseline,imagenet,802,12.257145881652832,,,,,,baseline,imagenet,baseline,within,True
sclera_superior,8.908247947692871,7.534790992736816,5.281756401062012,16.740791320800778,followup_50k_landmark_probe,cfd_within,baseline-imagenet,0,backbone,gap,2048,baseline,imagenet,802,12.257145881652832,,,,,,baseline,imagenet,baseline,within,True
iris_centroid,10.123333930969238,9.180512428283693,6.321005821228027,19.615943908691406,followup_50k_landmark_probe,cfd_within,geometry-fixedcompute-10k-infonce-imagenet-50ksteps,50000,backbone,gap,2048,infonce,imagenet,925,12.378300666809082,,,,,,infonce,imagenet,10k,within,True
iris_inferior,10.926040649414062,9.834493637084961,6.706565856933594,20.935035705566406,followup_50k_landmark_probe,cfd_within,geometry-fixedcompute-10k-infonce-imagenet-50ksteps,50000,backbone,gap,2048,infonce,imagenet,925,12.378300666809082,,,,,,infonce,imagenet,10k,within,True
iris_superior,9.693562507629396,8.886547088623047,5.995169162750244,18.62771987915039,followup_50k_landmark_probe,cfd_within,geometry-fixedcompute-10k-infonce-imagenet-50ksteps,50000,backbone,gap,2048,infonce,imagenet,925,12.378300666809082,,,,,,infonce,imagenet,10k,within,True
lateral_canthus,21.542680740356445,17.265914916992188,17.681631088256836,50.53201675415039,followup_50k_landmark_probe,cfd_within,geometry-fixedcompute-10k-infonce-imagenet-50ksteps,50000,backbone,gap,2048,infonce,imagenet,925,12.378300666809082,,,,,,infonce,imagenet,10k,within,True
lid_inferior,10.199274063110352,9.060731887817383,6.132706165313722,18.661386489868164,followup_50k_landmark_probe,cfd_within,geometry-fixedcompute-10k-infonce-imagenet-50ksteps,50000,backbone,gap,2048,infonce,imagenet,925,12.378300666809082,,,,,,infonce,imagenet,10k,within,True
lid_superior,11.290881156921387,9.962865829467773,6.691140174865723,21.558839797973643,followup_50k_landmark_probe,cfd_within,geometry-fixedcompute-10k-infonce-imagenet-50ksteps,50000,backbone,gap,2048,infonce,imagenet,925,12.378300666809082,,,,,,infonce,imagenet,10k,within,True
medial_canthus,24.39404296875,19.29620361328125,19.06606674194336,52.38348388671875,followup_50k_landmark_probe,cfd_within,geometry-fixedcompute-10k-infonce-imagenet-50ksteps,50000,backbone,gap,2048,infonce,imagenet,925,12.378300666809082,,,,,,infonce,imagenet,10k,within,True
sclera_inferior,11.19620132446289,9.851554870605467,6.609974384307861,22.103458404541016,followup_50k_landmark_probe,cfd_within,geometry-fixedcompute-10k-infonce-imagenet-50ksteps,50000,backbone,gap,2048,infonce,imagenet,925,12.378300666809082,,,,,,infonce,imagenet,10k,within,True
sclera_superior,10.196937561035156,9.149288177490234,6.142155170440674,19.083053588867188,followup_50k_landmark_probe,cfd_within,geometry-fixedcompute-10k-infonce-imagenet-50ksteps,50000,backbone,gap,2048,infonce,imagenet,925,12.378300666809082,,,,,,infonce,imagenet,10k,within,True
iris_centroid,5.7364349365234375,5.336640357971191,3.478359699249268,9.854806900024414,followup_50k_landmark_probe,cfd_within,geometry-fixedcompute-100k-infonce-imagenet-50ksteps,50000,backbone,gap,2048,infonce,imagenet,969,7.085031032562256,,,,,,infonce,imagenet,100k,within,True
iris_inferior,6.167525768280028,5.664741039276122,3.7698454856872563,10.759363174438477,followup_50k_landmark_probe,cfd_within,geometry-fixedcompute-100k-infonce-imagenet-50ksteps,50000,backbone,gap,2048,infonce,imagenet,969,7.085031032562256,,,,,,infonce,imagenet,100k,within,True
iris_superior,5.7539305686950675,5.426386833190918,3.3545243740081787,10.164989471435547,followup_50k_landmark_probe,cfd_within,geometry-fixedcompute-100k-infonce-imagenet-50ksteps,50000,backbone,gap,2048,infonce,imagenet,969,7.085031032562256,,,,,,infonce,imagenet,100k,within,True
lateral_canthus,8.8577299118042,8.002473831176758,6.0306129455566415,15.822021484375,followup_50k_landmark_probe,cfd_within,geometry-fixedcompute-100k-infonce-imagenet-50ksteps,50000,backbone,gap,2048,infonce,imagenet,969,7.085031032562256,,,,,,infonce,imagenet,100k,within,True
lid_inferior,5.618261814117432,5.1732215881347665,3.4367403984069824,9.539928436279297,followup_50k_landmark_probe,cfd_within,geometry-fixedcompute-100k-infonce-imagenet-50ksteps,50000,backbone,gap,2048,infonce,imagenet,969,7.085031032562256,,,,,,infonce,imagenet,100k,within,True
lid_superior,7.942007541656494,6.9027042388916025,4.734564304351807,14.442991256713867,followup_50k_landmark_probe,cfd_within,geometry-fixedcompute-100k-infonce-imagenet-50ksteps,50000,backbone,gap,2048,infonce,imagenet,969,7.085031032562256,,,,,,infonce,imagenet,100k,within,True
medial_canthus,9.360673904418944,7.847975254058838,7.487617015838622,16.506393432617188,followup_50k_landmark_probe,cfd_within,geometry-fixedcompute-100k-infonce-imagenet-50ksteps,50000,backbone,gap,2048,infonce,imagenet,969,7.085031032562256,,,,,,infonce,imagenet,100k,within,True
sclera_inferior,6.389660358428955,5.899526119232178,4.117568492889403,10.841700553894043,followup_50k_landmark_probe,cfd_within,geometry-fixedcompute-100k-infonce-imagenet-50ksteps,50000,backbone,gap,2048,infonce,imagenet,969,7.085031032562256,,,,,,infonce,imagenet,100k,within,True
sclera_superior,5.610264778137207,5.21140193939209,3.4408485889434814,9.510863304138184,followup_50k_landmark_probe,cfd_within,geometry-fixedcompute-100k-infonce-imagenet-50ksteps,50000,backbone,gap,2048,infonce,imagenet,969,7.085031032562256,,,,,,infonce,imagenet,100k,within,True
iris_centroid,5.787912845611572,5.161686897277832,3.847071647644043,10.01106071472168,followup_50k_landmark_probe,cfd_within,geometry-fixedcompute-1m-infonce-imagenet-50ksteps,50000,backbone,gap,2048,infonce,imagenet,996,7.221372127532959,,,,,,infonce,imagenet,1m,within,True
iris_inferior,6.2165422439575195,5.656569004058838,4.094846725463866,10.87049961090088,followup_50k_landmark_probe,cfd_within,geometry-fixedcompute-1m-infonce-imagenet-50ksteps,50000,backbone,gap,2048,infonce,imagenet,996,7.221372127532959,,,,,,infonce,imagenet,1m,within,True
iris_superior,5.854728698730469,5.205343246459961,3.8260676860809326,10.740503311157227,followup_50k_landmark_probe,cfd_within,geometry-fixedcompute-1m-infonce-imagenet-50ksteps,50000,backbone,gap,2048,infonce,imagenet,996,7.221372127532959,,,,,,infonce,imagenet,1m,within,True
lateral_canthus,9.236507415771484,7.032076835632324,9.160249710083008,16.34170913696289,followup_50k_landmark_probe,cfd_within,geometry-fixedcompute-1m-infonce-imagenet-50ksteps,50000,backbone,gap,2048,infonce,imagenet,996,7.221372127532959,,,,,,infonce,imagenet,1m,within,True
lid_inferior,5.855113506317139,5.376506805419922,3.8699162006378174,9.690285682678224,followup_50k_landmark_probe,cfd_within,geometry-fixedcompute-1m-infonce-imagenet-50ksteps,50000,backbone,gap,2048,infonce,imagenet,996,7.221372127532959,,,,,,infonce,imagenet,1m,within,True
lid_superior,8.160491943359375,7.139372825622559,5.1924638748168945,15.665709495544435,followup_50k_landmark_probe,cfd_within,geometry-fixedcompute-1m-infonce-imagenet-50ksteps,50000,backbone,gap,2048,infonce,imagenet,996,7.221372127532959,,,,,,infonce,imagenet,1m,within,True
medial_canthus,10.031620979309082,7.286114692687987,9.991338729858398,19.316118240356445,followup_50k_landmark_probe,cfd_within,geometry-fixedcompute-1m-infonce-imagenet-50ksteps,50000,backbone,gap,2048,infonce,imagenet,996,7.221372127532959,,,,,,infonce,imagenet,1m,within,True
sclera_inferior,6.47942590713501,5.571883201599121,4.392338752746582,11.493021965026855,followup_50k_landmark_probe,cfd_within,geometry-fixedcompute-1m-infonce-imagenet-50ksteps,50000,backbone,gap,2048,infonce,imagenet,996,7.221372127532959,,,,,,infonce,imagenet,1m,within,True
sclera_superior,5.829625129699707,5.255087852478027,3.878801107406616,9.76556396484375,followup_50k_landmark_probe,cfd_within,geometry-fixedcompute-1m-infonce-imagenet-50ksteps,50000,backbone,gap,2048,infonce,imagenet,996,7.221372127532959,,,,,,infonce,imagenet,1m,within,True
iris_centroid,8.848347663879395,7.753671169281006,5.16064453125,16.523735046386722,followup_50k_landmark_probe,cfd_within,geometry-fixedcompute-10k-lejepa-imagenet-50ksteps,50000,backbone,gap,2048,lejepa,imagenet,901,10.604616165161133,,,,,,lejepa,imagenet,10k,within,True
iris_inferior,9.58508586883545,8.622394561767576,5.646468162536621,17.177724838256836,followup_50k_landmark_probe,cfd_within,geometry-fixedcompute-10k-lejepa-imagenet-50ksteps,50000,backbone,gap,2048,lejepa,imagenet,901,10.604616165161133,,,,,,lejepa,imagenet,10k,within,True
iris_superior,8.427490234375,7.398293495178223,4.8739190101623535,15.743104934692385,followup_50k_landmark_probe,cfd_within,geometry-fixedcompute-10k-lejepa-imagenet-50ksteps,50000,backbone,gap,2048,lejepa,imagenet,901,10.604616165161133,,,,,,lejepa,imagenet,10k,within,True
lateral_canthus,17.798274993896484,13.978065490722654,14.231528282165527,36.26519775390625,followup_50k_landmark_probe,cfd_within,geometry-fixedcompute-10k-lejepa-imagenet-50ksteps,50000,backbone,gap,2048,lejepa,imagenet,901,10.604616165161133,,,,,,lejepa,imagenet,10k,within,True
lid_inferior,8.640165328979492,8.4312744140625,5.00083065032959,15.712713241577148,followup_50k_landmark_probe,cfd_within,geometry-fixedcompute-10k-lejepa-imagenet-50ksteps,50000,backbone,gap,2048,lejepa,imagenet,901,10.604616165161133,,,,,,lejepa,imagenet,10k,within,True
lid_superior,9.4547758102417,8.91541862487793,5.404670715332031,17.713180541992188,followup_50k_landmark_probe,cfd_within,geometry-fixedcompute-10k-lejepa-imagenet-50ksteps,50000,backbone,gap,2048,lejepa,imagenet,901,10.604616165161133,,,,,,lejepa,imagenet,10k,within,True
medial_canthus,18.62111473083496,14.81204605102539,15.15224838256836,39.62354278564453,followup_50k_landmark_probe,cfd_within,geometry-fixedcompute-10k-lejepa-imagenet-50ksteps,50000,backbone,gap,2048,lejepa,imagenet,901,10.604616165161133,,,,,,lejepa,imagenet,10k,within,True
sclera_inferior,9.442132949829102,8.313495635986326,5.782856464385986,17.52860450744629,followup_50k_landmark_probe,cfd_within,geometry-fixedcompute-10k-lejepa-imagenet-50ksteps,50000,backbone,gap,2048,lejepa,imagenet,901,10.604616165161133,,,,,,lejepa,imagenet,10k,within,True
sclera_superior,8.655076026916504,8.390701293945312,5.0155863761901855,15.74046516418457,followup_50k_landmark_probe,cfd_within,geometry-fixedcompute-10k-lejepa-imagenet-50ksteps,50000,backbone,gap,2048,lejepa,imagenet,901,10.604616165161133,,,,,,lejepa,imagenet,10k,within,True
iris_centroid,6.860125541687013,6.419496059417725,3.971461057662964,12.044819831848145,followup_50k_landmark_probe,cfd_within,geometry-fixedcompute-100k-lejepa-imagenet-50ksteps,50000,backbone,gap,2048,lejepa,imagenet,939,8.073100090026855,,,,,,lejepa,imagenet,100k,within,True
iris_inferior,7.5160040855407715,6.83126163482666,4.359492301940918,12.50603199005127,followup_50k_landmark_probe,cfd_within,geometry-fixedcompute-100k-lejepa-imagenet-50ksteps,50000,backbone,gap,2048,lejepa,imagenet,939,8.073100090026855,,,,,,lejepa,imagenet,100k,within,True
iris_superior,6.718883991241455,6.058728218078612,3.7439987659454346,11.31959342956543,followup_50k_landmark_probe,cfd_within,geometry-fixedcompute-100k-lejepa-imagenet-50ksteps,50000,backbone,gap,2048,lejepa,imagenet,939,8.073100090026855,,,,,,lejepa,imagenet,100k,within,True
lateral_canthus,12.706210136413574,9.941118240356444,11.78311252593994,20.70130157470703,followup_50k_landmark_probe,cfd_within,geometry-fixedcompute-100k-lejepa-imagenet-50ksteps,50000,backbone,gap,2048,lejepa,imagenet,939,8.073100090026855,,,,,,lejepa,imagenet,100k,within,True
lid_inferior,7.067751884460449,6.659505844116211,3.921900749206543,12.014633178710938,followup_50k_landmark_probe,cfd_within,geometry-fixedcompute-100k-lejepa-imagenet-50ksteps,50000,backbone,gap,2048,lejepa,imagenet,939,8.073100090026855,,,,,,lejepa,imagenet,100k,within,True
lid_superior,7.7650389671325675,7.3449058532714835,4.438501358032227,14.023003578186035,followup_50k_landmark_probe,cfd_within,geometry-fixedcompute-100k-lejepa-imagenet-50ksteps,50000,backbone,gap,2048,lejepa,imagenet,939,8.073100090026855,,,,,,lejepa,imagenet,100k,within,True
medial_canthus,13.051602363586426,8.68634033203125,13.72157382965088,22.7360897064209,followup_50k_landmark_probe,cfd_within,geometry-fixedcompute-100k-lejepa-imagenet-50ksteps,50000,backbone,gap,2048,lejepa,imagenet,939,8.073100090026855,,,,,,lejepa,imagenet,100k,within,True
sclera_inferior,7.580659866333008,6.544940948486327,4.7149739265441895,13.535062789916992,followup_50k_landmark_probe,cfd_within,geometry-fixedcompute-100k-lejepa-imagenet-50ksteps,50000,backbone,gap,2048,lejepa,imagenet,939,8.073100090026855,,,,,,lejepa,imagenet,100k,within,True
sclera_superior,7.063351631164551,6.66859245300293,3.9296581745147705,12.007452964782715,followup_50k_landmark_probe,cfd_within,geometry-fixedcompute-100k-lejepa-imagenet-50ksteps,50000,backbone,gap,2048,lejepa,imagenet,939,8.073100090026855,,,,,,lejepa,imagenet,100k,within,True
iris_centroid,6.451999187469482,6.212784767150879,3.753716230392456,11.654444694519045,followup_50k_landmark_probe,cfd_within,geometry-fixedcompute-1m-lejepa-imagenet-50ksteps,50000,backbone,gap,2048,lejepa,imagenet,992,8.020255088806152,,,,,,lejepa,imagenet,1m,within,True
iris_inferior,7.11046838760376,6.882414817810059,4.0256757736206055,12.661705017089846,followup_50k_landmark_probe,cfd_within,geometry-fixedcompute-1m-lejepa-imagenet-50ksteps,50000,backbone,gap,2048,lejepa,imagenet,992,8.020255088806152,,,,,,lejepa,imagenet,1m,within,True
iris_superior,6.288891315460205,5.593001365661621,3.721498727798462,11.404491424560547,followup_50k_landmark_probe,cfd_within,geometry-fixedcompute-1m-lejepa-imagenet-50ksteps,50000,backbone,gap,2048,lejepa,imagenet,992,8.020255088806152,,,,,,lejepa,imagenet,1m,within,True
lateral_canthus,11.165791511535645,8.466183662414549,11.24876880645752,18.2973861694336,followup_50k_landmark_probe,cfd_within,geometry-fixedcompute-1m-lejepa-imagenet-50ksteps,50000,backbone,gap,2048,lejepa,imagenet,992,8.020255088806152,,,,,,lejepa,imagenet,1m,within,True
lid_inferior,6.726422309875487,6.163306713104247,3.909968852996826,11.791946411132812,followup_50k_landmark_probe,cfd_within,geometry-fixedcompute-1m-lejepa-imagenet-50ksteps,50000,backbone,gap,2048,lejepa,imagenet,992,8.020255088806152,,,,,,lejepa,imagenet,1m,within,True
lid_superior,7.412275314331055,7.0252323150634775,4.360133171081543,13.257184028625488,followup_50k_landmark_probe,cfd_within,geometry-fixedcompute-1m-lejepa-imagenet-50ksteps,50000,backbone,gap,2048,lejepa,imagenet,992,8.020255088806152,,,,,,lejepa,imagenet,1m,within,True
medial_canthus,12.392783164978027,9.334781646728516,11.583863258361815,22.81571388244629,followup_50k_landmark_probe,cfd_within,geometry-fixedcompute-1m-lejepa-imagenet-50ksteps,50000,backbone,gap,2048,lejepa,imagenet,992,8.020255088806152,,,,,,lejepa,imagenet,1m,within,True
sclera_inferior,6.953420162200928,6.415572166442871,4.0474419593811035,11.860681533813475,followup_50k_landmark_probe,cfd_within,geometry-fixedcompute-1m-lejepa-imagenet-50ksteps,50000,backbone,gap,2048,lejepa,imagenet,992,8.020255088806152,,,,,,lejepa,imagenet,1m,within,True
sclera_superior,6.7253570556640625,6.1801109313964835,3.9056978225708012,11.902015686035154,followup_50k_landmark_probe,cfd_within,geometry-fixedcompute-1m-lejepa-imagenet-50ksteps,50000,backbone,gap,2048,lejepa,imagenet,992,8.020255088806152,,,,,,lejepa,imagenet,1m,within,True
iris_centroid,7.5147705078125,6.7095947265625,3.912288427352905,12.27373504638672,followup_50k_landmark_probe,cfd_within,geometry-fixedcompute-10k-vicreg-imagenet-50ksteps,50000,backbone,gap,2048,vicreg,imagenet,982,8.97541332244873,,,,,,vicreg,imagenet,10k,within,True
iris_inferior,8.217555046081543,7.640159606933594,4.391096115112306,13.787991523742676,followup_50k_landmark_probe,cfd_within,geometry-fixedcompute-10k-vicreg-imagenet-50ksteps,50000,backbone,gap,2048,vicreg,imagenet,982,8.97541332244873,,,,,,vicreg,imagenet,10k,within,True
iris_superior,7.179384708404541,6.33510160446167,3.8321149349212646,12.120750427246096,followup_50k_landmark_probe,cfd_within,geometry-fixedcompute-10k-vicreg-imagenet-50ksteps,50000,backbone,gap,2048,vicreg,imagenet,982,8.97541332244873,,,,,,vicreg,imagenet,10k,within,True
lateral_canthus,12.528210639953613,10.948385238647461,8.823440551757812,24.13788414001465,followup_50k_landmark_probe,cfd_within,geometry-fixedcompute-10k-vicreg-imagenet-50ksteps,50000,backbone,gap,2048,vicreg,imagenet,982,8.97541332244873,,,,,,vicreg,imagenet,10k,within,True
lid_inferior,7.4160261154174805,6.79996395111084,3.969038963317871,13.030235290527346,followup_50k_landmark_probe,cfd_within,geometry-fixedcompute-10k-vicreg-imagenet-50ksteps,50000,backbone,gap,2048,vicreg,imagenet,982,8.97541332244873,,,,,,vicreg,imagenet,10k,within,True
lid_superior,9.358474731445312,8.377361297607424,5.49320125579834,17.459657669067386,followup_50k_landmark_probe,cfd_within,geometry-fixedcompute-10k-vicreg-imagenet-50ksteps,50000,backbone,gap,2048,vicreg,imagenet,982,8.97541332244873,,,,,,vicreg,imagenet,10k,within,True
medial_canthus,13.340474128723145,10.516746520996094,10.945363998413086,27.70710182189941,followup_50k_landmark_probe,cfd_within,geometry-fixedcompute-10k-vicreg-imagenet-50ksteps,50000,backbone,gap,2048,vicreg,imagenet,982,8.97541332244873,,,,,,vicreg,imagenet,10k,within,True
sclera_inferior,8.104156494140625,7.420371055603027,4.79395866394043,14.20533275604248,followup_50k_landmark_probe,cfd_within,geometry-fixedcompute-10k-vicreg-imagenet-50ksteps,50000,backbone,gap,2048,vicreg,imagenet,982,8.97541332244873,,,,,,vicreg,imagenet,10k,within,True
sclera_superior,7.413593292236327,6.842439651489258,3.998658657073975,13.04808235168457,followup_50k_landmark_probe,cfd_within,geometry-fixedcompute-10k-vicreg-imagenet-50ksteps,50000,backbone,gap,2048,vicreg,imagenet,982,8.97541332244873,,,,,,vicreg,imagenet,10k,within,True
iris_centroid,5.95722246170044,5.319665908813477,3.3236293792724614,10.5553560256958,followup_50k_landmark_probe,cfd_within,geometry-fixedcompute-100k-vicreg-imagenet-50ksteps,50000,backbone,gap,2048,vicreg,imagenet,999,7.111922264099121,,,,,,vicreg,imagenet,100k,within,True
iris_inferior,6.372779369354247,5.802765846252441,3.448781728744507,10.657050132751463,followup_50k_landmark_probe,cfd_within,geometry-fixedcompute-100k-vicreg-imagenet-50ksteps,50000,backbone,gap,2048,vicreg,imagenet,999,7.111922264099121,,,,,,vicreg,imagenet,100k,within,True
iris_superior,6.052341938018799,5.430365085601807,3.4603977203369136,10.736637115478516,followup_50k_landmark_probe,cfd_within,geometry-fixedcompute-100k-vicreg-imagenet-50ksteps,50000,backbone,gap,2048,vicreg,imagenet,999,7.111922264099121,,,,,,vicreg,imagenet,100k,within,True
lateral_canthus,9.2070951461792,7.6046810150146475,7.40025520324707,17.42683219909668,followup_50k_landmark_probe,cfd_within,geometry-fixedcompute-100k-vicreg-imagenet-50ksteps,50000,backbone,gap,2048,vicreg,imagenet,999,7.111922264099121,,,,,,vicreg,imagenet,100k,within,True
lid_inferior,5.807587623596191,5.266139030456543,3.4868466854095463,10.444223403930664,followup_50k_landmark_probe,cfd_within,geometry-fixedcompute-100k-vicreg-imagenet-50ksteps,50000,backbone,gap,2048,vicreg,imagenet,999,7.111922264099121,,,,,,vicreg,imagenet,100k,within,True
lid_superior,8.072546005249022,7.461483955383301,4.911039352416992,14.374213218688965,followup_50k_landmark_probe,cfd_within,geometry-fixedcompute-100k-vicreg-imagenet-50ksteps,50000,backbone,gap,2048,vicreg,imagenet,999,7.111922264099121,,,,,,vicreg,imagenet,100k,within,True
medial_canthus,10.833213806152344,8.410978317260742,10.007014274597168,21.58186912536621,followup_50k_landmark_probe,cfd_within,geometry-fixedcompute-100k-vicreg-imagenet-50ksteps,50000,backbone,gap,2048,vicreg,imagenet,999,7.111922264099121,,,,,,vicreg,imagenet,100k,within,True
sclera_inferior,6.466598033905028,6.032217979431152,3.808342933654785,10.91558837890625,followup_50k_landmark_probe,cfd_within,geometry-fixedcompute-100k-vicreg-imagenet-50ksteps,50000,backbone,gap,2048,vicreg,imagenet,999,7.111922264099121,,,,,,vicreg,imagenet,100k,within,True
sclera_superior,5.790972709655763,5.287569046020508,3.4992094039916988,10.59326171875,followup_50k_landmark_probe,cfd_within,geometry-fixedcompute-100k-vicreg-imagenet-50ksteps,50000,backbone,gap,2048,vicreg,imagenet,999,7.111922264099121,,,,,,vicreg,imagenet,100k,within,True
iris_centroid,6.1391377449035645,5.488311290740967,3.7191474437713614,11.097992897033693,followup_50k_landmark_probe,cfd_within,geometry-fixedcompute-1m-vicreg-imagenet-50ksteps,50000,backbone,gap,2048,vicreg,imagenet,996,7.4894633293151855,,,,,,vicreg,imagenet,1m,within,True
iris_inferior,6.603700160980225,5.8505821228027335,4.003056526184082,11.639863967895508,followup_50k_landmark_probe,cfd_within,geometry-fixedcompute-1m-vicreg-imagenet-50ksteps,50000,backbone,gap,2048,vicreg,imagenet,996,7.4894633293151855,,,,,,vicreg,imagenet,1m,within,True
iris_superior,6.235939025878906,5.616593360900879,3.5614321231842037,11.355277061462402,followup_50k_landmark_probe,cfd_within,geometry-fixedcompute-1m-vicreg-imagenet-50ksteps,50000,backbone,gap,2048,vicreg,imagenet,996,7.4894633293151855,,,,,,vicreg,imagenet,1m,within,True
lateral_canthus,10.43443202972412,8.180908203125,7.905107975006103,21.38492774963379,followup_50k_landmark_probe,cfd_within,geometry-fixedcompute-1m-vicreg-imagenet-50ksteps,50000,backbone,gap,2048,vicreg,imagenet,996,7.4894633293151855,,,,,,vicreg,imagenet,1m,within,True
lid_inferior,6.163412094116211,5.741534233093263,3.5176777839660645,10.030041694641113,followup_50k_landmark_probe,cfd_within,geometry-fixedcompute-1m-vicreg-imagenet-50ksteps,50000,backbone,gap,2048,vicreg,imagenet,996,7.4894633293151855,,,,,,vicreg,imagenet,1m,within,True
lid_superior,8.635828971862793,7.551317691802978,5.016942501068115,15.590532302856445,followup_50k_landmark_probe,cfd_within,geometry-fixedcompute-1m-vicreg-imagenet-50ksteps,50000,backbone,gap,2048,vicreg,imagenet,996,7.4894633293151855,,,,,,vicreg,imagenet,1m,within,True
medial_canthus,11.327469825744627,8.721965789794924,9.455808639526367,20.7116756439209,followup_50k_landmark_probe,cfd_within,geometry-fixedcompute-1m-vicreg-imagenet-50ksteps,50000,backbone,gap,2048,vicreg,imagenet,996,7.4894633293151855,,,,,,vicreg,imagenet,1m,within,True
sclera_inferior,6.774638652801514,6.229441642761231,4.266127586364746,12.06796932220459,followup_50k_landmark_probe,cfd_within,geometry-fixedcompute-1m-vicreg-imagenet-50ksteps,50000,backbone,gap,2048,vicreg,imagenet,996,7.4894633293151855,,,,,,vicreg,imagenet,1m,within,True
sclera_superior,6.172091484069824,5.803240776062013,3.515217065811157,10.071756362915039,followup_50k_landmark_probe,cfd_within,geometry-fixedcompute-1m-vicreg-imagenet-50ksteps,50000,backbone,gap,2048,vicreg,imagenet,996,7.4894633293151855,,,,,,vicreg,imagenet,1m,within,True
iris_centroid,4.38251543045044,4.021312713623047,2.4580271244049072,7.89921760559082,followup_50k_landmark_probe,cfd_within,geometry-fixedcompute-10k-infonce-random-50ksteps,50000,backbone,g2,8192,infonce,random,635,4.3258867263793945,,,,,,infonce,random,10k,within,True
iris_inferior,5.282344341278076,4.6572675704956055,2.8364391326904297,9.038898468017578,followup_50k_landmark_probe,cfd_within,geometry-fixedcompute-10k-infonce-random-50ksteps,50000,backbone,g2,8192,infonce,random,635,4.3258867263793945,,,,,,infonce,random,10k,within,True
iris_superior,4.497183322906494,4.1550869941711435,2.406841278076172,8.123861312866211,followup_50k_landmark_probe,cfd_within,geometry-fixedcompute-10k-infonce-random-50ksteps,50000,backbone,g2,8192,infonce,random,635,4.3258867263793945,,,,,,infonce,random,10k,within,True
lateral_canthus,5.958016872406006,5.4101409912109375,3.2681517601013184,10.234722137451172,followup_50k_landmark_probe,cfd_within,geometry-fixedcompute-10k-infonce-random-50ksteps,50000,backbone,g2,8192,infonce,random,635,4.3258867263793945,,,,,,infonce,random,10k,within,True
lid_inferior,4.5462985038757315,4.304542541503906,2.425282716751098,7.9620909690856925,followup_50k_landmark_probe,cfd_within,geometry-fixedcompute-10k-infonce-random-50ksteps,50000,backbone,g2,8192,infonce,random,635,4.3258867263793945,,,,,,infonce,random,10k,within,True
lid_superior,4.938966274261475,4.365138530731201,3.0333192348480225,9.141148567199707,followup_50k_landmark_probe,cfd_within,geometry-fixedcompute-10k-infonce-random-50ksteps,50000,backbone,g2,8192,infonce,random,635,4.3258867263793945,,,,,,infonce,random,10k,within,True
medial_canthus,6.238590717315674,5.9345951080322275,3.496889591217041,10.765551567077637,followup_50k_landmark_probe,cfd_within,geometry-fixedcompute-10k-infonce-random-50ksteps,50000,backbone,g2,8192,infonce,random,635,4.3258867263793945,,,,,,infonce,random,10k,within,True
sclera_inferior,5.2002692222595215,4.644104957580566,2.867584228515625,9.417804718017578,followup_50k_landmark_probe,cfd_within,geometry-fixedcompute-10k-infonce-random-50ksteps,50000,backbone,g2,8192,infonce,random,635,4.3258867263793945,,,,,,infonce,random,10k,within,True
sclera_superior,4.510078430175781,4.282006740570068,2.417949914932251,8.033674240112305,followup_50k_landmark_probe,cfd_within,geometry-fixedcompute-10k-infonce-random-50ksteps,50000,backbone,g2,8192,infonce,random,635,4.3258867263793945,,,,,,infonce,random,10k,within,True
iris_centroid,3.381129026412964,3.1647920608520512,1.9652721881866453,6.109159469604492,followup_50k_landmark_probe,cfd_within,geometry-fixedcompute-100k-infonce-random-50ksteps,50000,backbone,g2,8192,infonce,random,637,3.7323181629180913,,,,,,infonce,random,100k,within,True
iris_inferior,3.953435182571411,3.6284351348876953,2.1775801181793213,6.824915885925293,followup_50k_landmark_probe,cfd_within,geometry-fixedcompute-100k-infonce-random-50ksteps,50000,backbone,g2,8192,infonce,random,637,3.7323181629180913,,,,,,infonce,random,100k,within,True
iris_superior,3.578447103500366,3.2585692405700684,2.089630365371704,6.512383460998535,followup_50k_landmark_probe,cfd_within,geometry-fixedcompute-100k-infonce-random-50ksteps,50000,backbone,g2,8192,infonce,random,637,3.7323181629180913,,,,,,infonce,random,100k,within,True
lateral_canthus,4.904603481292725,4.395611763000488,3.027962207794189,8.777124404907228,followup_50k_landmark_probe,cfd_within,geometry-fixedcompute-100k-infonce-random-50ksteps,50000,backbone,g2,8192,infonce,random,637,3.7323181629180913,,,,,,infonce,random,100k,within,True
lid_inferior,3.30364990234375,2.91321349143982,1.7197357416152954,5.392531394958496,followup_50k_landmark_probe,cfd_within,geometry-fixedcompute-100k-infonce-random-50ksteps,50000,backbone,g2,8192,infonce,random,637,3.7323181629180913,,,,,,infonce,random,100k,within,True
lid_superior,3.6031696796417236,2.888216733932495,2.590240478515625,7.032038688659668,followup_50k_landmark_probe,cfd_within,geometry-fixedcompute-100k-infonce-random-50ksteps,50000,backbone,g2,8192,infonce,random,637,3.7323181629180913,,,,,,infonce,random,100k,within,True
medial_canthus,5.6628966331481925,5.401049613952637,3.095668077468872,9.814593315124512,followup_50k_landmark_probe,cfd_within,geometry-fixedcompute-100k-infonce-random-50ksteps,50000,backbone,g2,8192,infonce,random,637,3.7323181629180913,,,,,,infonce,random,100k,within,True
sclera_inferior,4.1693944931030265,3.5137319564819336,2.696187257766724,7.714558124542236,followup_50k_landmark_probe,cfd_within,geometry-fixedcompute-100k-infonce-random-50ksteps,50000,backbone,g2,8192,infonce,random,637,3.7323181629180913,,,,,,infonce,random,100k,within,True
sclera_superior,3.3051869869232178,2.9340720176696777,1.7156618833541868,5.424181938171387,followup_50k_landmark_probe,cfd_within,geometry-fixedcompute-100k-infonce-random-50ksteps,50000,backbone,g2,8192,infonce,random,637,3.7323181629180913,,,,,,infonce,random,100k,within,True
iris_centroid,3.7724432945251465,3.6049141883850098,2.0293831825256348,6.311463832855225,followup_50k_landmark_probe,cfd_within,geometry-fixedcompute-1m-infonce-random-50ksteps,50000,backbone,g2,8192,infonce,random,585,3.933302164077759,,,,,,infonce,random,1m,within,True
iris_inferior,4.2702741622924805,3.901359081268311,2.3535048961639404,7.5759010314941415,followup_50k_landmark_probe,cfd_within,geometry-fixedcompute-1m-infonce-random-50ksteps,50000,backbone,g2,8192,infonce,random,585,3.933302164077759,,,,,,infonce,random,1m,within,True
iris_superior,3.8537771701812735,3.5826773643493652,2.0917255878448486,6.575930595397949,followup_50k_landmark_probe,cfd_within,geometry-fixedcompute-1m-infonce-random-50ksteps,50000,backbone,g2,8192,infonce,random,585,3.933302164077759,,,,,,infonce,random,1m,within,True
lateral_canthus,5.303276062011719,5.204061508178711,3.1545724868774414,9.010948181152344,followup_50k_landmark_probe,cfd_within,geometry-fixedcompute-1m-infonce-random-50ksteps,50000,backbone,g2,8192,infonce,random,585,3.933302164077759,,,,,,infonce,random,1m,within,True
lid_inferior,3.685546159744263,3.33463191986084,2.0785298347473145,6.103557109832764,followup_50k_landmark_probe,cfd_within,geometry-fixedcompute-1m-infonce-random-50ksteps,50000,backbone,g2,8192,infonce,random,585,3.933302164077759,,,,,,infonce,random,1m,within,True
lid_superior,3.9523978233337402,3.492717742919922,2.636918544769287,7.4541382789611825,followup_50k_landmark_probe,cfd_within,geometry-fixedcompute-1m-infonce-random-50ksteps,50000,backbone,g2,8192,infonce,random,585,3.933302164077759,,,,,,infonce,random,1m,within,True
medial_canthus,5.971616744995117,5.083216667175293,3.354126453399658,10.957752227783203,followup_50k_landmark_probe,cfd_within,geometry-fixedcompute-1m-infonce-random-50ksteps,50000,backbone,g2,8192,infonce,random,585,3.933302164077759,,,,,,infonce,random,1m,within,True
sclera_inferior,4.285596847534181,3.83199954032898,2.66434645652771,7.3833513259887695,followup_50k_landmark_probe,cfd_within,geometry-fixedcompute-1m-infonce-random-50ksteps,50000,backbone,g2,8192,infonce,random,585,3.933302164077759,,,,,,infonce,random,1m,within,True
sclera_superior,3.6520631313323975,3.3390860557556152,2.036956548690796,5.964711666107178,followup_50k_landmark_probe,cfd_within,geometry-fixedcompute-1m-infonce-random-50ksteps,50000,backbone,g2,8192,infonce,random,585,3.933302164077759,,,,,,infonce,random,1m,within,True
iris_centroid,3.863783836364746,3.367398500442505,2.401979684829712,7.003032684326173,followup_50k_landmark_probe,cfd_within,geometry-fixedcompute-10k-lejepa-random-50ksteps,50000,backbone,g2,8192,lejepa,random,582,4.221357345581056,,,,,,lejepa,random,10k,within,True
iris_inferior,4.3737850189208975,3.7664036750793457,2.6382677555084233,7.574490547180176,followup_50k_landmark_probe,cfd_within,geometry-fixedcompute-10k-lejepa-random-50ksteps,50000,backbone,g2,8192,lejepa,random,582,4.221357345581056,,,,,,lejepa,random,10k,within,True
iris_superior,4.079579830169679,3.5942511558532715,2.4525485038757324,7.660778522491455,followup_50k_landmark_probe,cfd_within,geometry-fixedcompute-10k-lejepa-random-50ksteps,50000,backbone,g2,8192,lejepa,random,582,4.221357345581056,,,,,,lejepa,random,10k,within,True
lateral_canthus,5.313580513000488,4.881575584411621,3.3953070640563965,9.558771133422852,followup_50k_landmark_probe,cfd_within,geometry-fixedcompute-10k-lejepa-random-50ksteps,50000,backbone,g2,8192,lejepa,random,582,4.221357345581056,,,,,,lejepa,random,10k,within,True
lid_inferior,3.9626004695892334,3.517202138900757,2.436531543731689,7.04143762588501,followup_50k_landmark_probe,cfd_within,geometry-fixedcompute-10k-lejepa-random-50ksteps,50000,backbone,g2,8192,lejepa,random,582,4.221357345581056,,,,,,lejepa,random,10k,within,True
lid_superior,4.560194969177246,3.748293399810791,3.3269920349121094,9.458346366882324,followup_50k_landmark_probe,cfd_within,geometry-fixedcompute-10k-lejepa-random-50ksteps,50000,backbone,g2,8192,lejepa,random,582,4.221357345581056,,,,,,lejepa,random,10k,within,True
medial_canthus,6.0247740745544425,5.456498146057129,3.397782802581787,10.893446922302246,followup_50k_landmark_probe,cfd_within,geometry-fixedcompute-10k-lejepa-random-50ksteps,50000,backbone,g2,8192,lejepa,random,582,4.221357345581056,,,,,,lejepa,random,10k,within,True
sclera_inferior,4.3703389167785645,3.723136425018311,3.00758695602417,8.027894020080566,followup_50k_landmark_probe,cfd_within,geometry-fixedcompute-10k-lejepa-random-50ksteps,50000,backbone,g2,8192,lejepa,random,582,4.221357345581056,,,,,,lejepa,random,10k,within,True
sclera_superior,4.024142265319823,3.6481618881225586,2.434000968933105,7.299628734588622,followup_50k_landmark_probe,cfd_within,geometry-fixedcompute-10k-lejepa-random-50ksteps,50000,backbone,g2,8192,lejepa,random,582,4.221357345581056,,,,,,lejepa,random,10k,within,True
iris_centroid,3.5999240875244136,3.156888484954834,2.231445789337158,6.212638378143311,followup_50k_landmark_probe,cfd_within,geometry-fixedcompute-100k-lejepa-random-50ksteps,50000,backbone,g2,8192,lejepa,random,713,4.042559623718262,,,,,,lejepa,random,100k,within,True
iris_inferior,4.106378078460693,3.505269765853882,2.4397447109222408,7.4515910148620605,followup_50k_landmark_probe,cfd_within,geometry-fixedcompute-100k-lejepa-random-50ksteps,50000,backbone,g2,8192,lejepa,random,713,4.042559623718262,,,,,,lejepa,random,100k,within,True
iris_superior,3.813786268234253,3.5362823009490967,2.270832300186157,6.823346138000487,followup_50k_landmark_probe,cfd_within,geometry-fixedcompute-100k-lejepa-random-50ksteps,50000,backbone,g2,8192,lejepa,random,713,4.042559623718262,,,,,,lejepa,random,100k,within,True
lateral_canthus,5.107031345367432,4.759260654449463,2.8837454319000244,8.562681198120117,followup_50k_landmark_probe,cfd_within,geometry-fixedcompute-100k-lejepa-random-50ksteps,50000,backbone,g2,8192,lejepa,random,713,4.042559623718262,,,,,,lejepa,random,100k,within,True
lid_inferior,3.6828458309173584,3.0408110618591313,2.288632392883301,6.84820556640625,followup_50k_landmark_probe,cfd_within,geometry-fixedcompute-100k-lejepa-random-50ksteps,50000,backbone,g2,8192,lejepa,random,713,4.042559623718262,,,,,,lejepa,random,100k,within,True
lid_superior,4.159762382507323,3.3232021331787114,2.9465334415435787,8.695899963378906,followup_50k_landmark_probe,cfd_within,geometry-fixedcompute-100k-lejepa-random-50ksteps,50000,backbone,g2,8192,lejepa,random,713,4.042559623718262,,,,,,lejepa,random,100k,within,True
medial_canthus,6.067615985870361,5.562914848327637,3.44722318649292,10.88454818725586,followup_50k_landmark_probe,cfd_within,geometry-fixedcompute-100k-lejepa-random-50ksteps,50000,backbone,g2,8192,lejepa,random,713,4.042559623718262,,,,,,lejepa,random,100k,within,True
sclera_inferior,4.397598743438722,3.6780734062194815,2.721782684326172,8.393902778625487,followup_50k_landmark_probe,cfd_within,geometry-fixedcompute-100k-lejepa-random-50ksteps,50000,backbone,g2,8192,lejepa,random,713,4.042559623718262,,,,,,lejepa,random,100k,within,True
sclera_superior,3.6795308589935294,3.153653621673584,2.2771832942962646,6.906678676605225,followup_50k_landmark_probe,cfd_within,geometry-fixedcompute-100k-lejepa-random-50ksteps,50000,backbone,g2,8192,lejepa,random,713,4.042559623718262,,,,,,lejepa,random,100k,within,True
iris_centroid,3.8074631690979017,3.3941702842712402,2.1297266483306885,6.7605695724487305,followup_50k_landmark_probe,cfd_within,geometry-fixedcompute-1m-lejepa-random-50ksteps,50000,backbone,g2,8192,lejepa,random,950,3.9518094062805176,,,,,,lejepa,random,1m,within,True
iris_inferior,4.355318546295166,3.9211812019348153,2.377190589904785,6.922595024108888,followup_50k_landmark_probe,cfd_within,geometry-fixedcompute-1m-lejepa-random-50ksteps,50000,backbone,g2,8192,lejepa,random,950,3.9518094062805176,,,,,,lejepa,random,1m,within,True
iris_superior,4.029209613800049,3.746383190155029,2.3536970615386963,7.121037006378174,followup_50k_landmark_probe,cfd_within,geometry-fixedcompute-1m-lejepa-random-50ksteps,50000,backbone,g2,8192,lejepa,random,950,3.9518094062805176,,,,,,lejepa,random,1m,within,True
lateral_canthus,5.080049514770508,4.599297523498535,2.9692876338958736,8.81505012512207,followup_50k_landmark_probe,cfd_within,geometry-fixedcompute-1m-lejepa-random-50ksteps,50000,backbone,g2,8192,lejepa,random,950,3.9518094062805176,,,,,,lejepa,random,1m,within,True
lid_inferior,3.693040609359741,3.445984363555908,1.98934543132782,6.0728416442871085,followup_50k_landmark_probe,cfd_within,geometry-fixedcompute-1m-lejepa-random-50ksteps,50000,backbone,g2,8192,lejepa,random,950,3.9518094062805176,,,,,,lejepa,random,1m,within,True
lid_superior,4.304080009460448,3.6479334831237793,2.760141372680664,8.597867965698242,followup_50k_landmark_probe,cfd_within,geometry-fixedcompute-1m-lejepa-random-50ksteps,50000,backbone,g2,8192,lejepa,random,950,3.9518094062805176,,,,,,lejepa,random,1m,within,True
medial_canthus,5.904491901397705,5.159560203552246,3.4092190265655518,10.694314956665039,followup_50k_landmark_probe,cfd_within,geometry-fixedcompute-1m-lejepa-random-50ksteps,50000,backbone,g2,8192,lejepa,random,950,3.9518094062805176,,,,,,lejepa,random,1m,within,True
sclera_inferior,4.585283279418945,4.2078800201416025,2.884746551513672,8.148227691650389,followup_50k_landmark_probe,cfd_within,geometry-fixedcompute-1m-lejepa-random-50ksteps,50000,backbone,g2,8192,lejepa,random,950,3.9518094062805176,,,,,,lejepa,random,1m,within,True
sclera_superior,3.6418268680572514,3.3092989921569824,1.992993712425232,5.986227512359619,followup_50k_landmark_probe,cfd_within,geometry-fixedcompute-1m-lejepa-random-50ksteps,50000,backbone,g2,8192,lejepa,random,950,3.9518094062805176,,,,,,lejepa,random,1m,within,True
iris_centroid,3.796854972839357,3.2885899543762207,2.608767509460449,6.82062292098999,followup_50k_landmark_probe,cfd_within,geometry-fixedcompute-10k-vicreg-random-50ksteps,50000,backbone,g2,8192,vicreg,random,336,4.19521427154541,,,,,,vicreg,random,10k,within,True
iris_inferior,4.317028045654297,4.073723316192627,2.784686803817749,7.8823161125183105,followup_50k_landmark_probe,cfd_within,geometry-fixedcompute-10k-vicreg-random-50ksteps,50000,backbone,g2,8192,vicreg,random,336,4.19521427154541,,,,,,vicreg,random,10k,within,True
iris_superior,4.150671482086182,3.5108907222747803,2.7751595973968506,7.725155830383301,followup_50k_landmark_probe,cfd_within,geometry-fixedcompute-10k-vicreg-random-50ksteps,50000,backbone,g2,8192,vicreg,random,336,4.19521427154541,,,,,,vicreg,random,10k,within,True
lateral_canthus,5.4488186836242685,4.88470458984375,3.0292344093322754,9.253763198852539,followup_50k_landmark_probe,cfd_within,geometry-fixedcompute-10k-vicreg-random-50ksteps,50000,backbone,g2,8192,vicreg,random,336,4.19521427154541,,,,,,vicreg,random,10k,within,True
lid_inferior,4.248277664184569,3.99128532409668,2.485884666442871,7.1361656188964835,followup_50k_landmark_probe,cfd_within,geometry-fixedcompute-10k-vicreg-random-50ksteps,50000,backbone,g2,8192,vicreg,random,336,4.19521427154541,,,,,,vicreg,random,10k,within,True
lid_superior,4.391714572906493,3.524017333984375,3.3762891292572017,8.791774749755861,followup_50k_landmark_probe,cfd_within,geometry-fixedcompute-10k-vicreg-random-50ksteps,50000,backbone,g2,8192,vicreg,random,336,4.19521427154541,,,,,,vicreg,random,10k,within,True
medial_canthus,6.366626262664795,5.624186038970947,3.6021435260772705,11.30657196044922,followup_50k_landmark_probe,cfd_within,geometry-fixedcompute-10k-vicreg-random-50ksteps,50000,backbone,g2,8192,vicreg,random,336,4.19521427154541,,,,,,vicreg,random,10k,within,True
sclera_inferior,4.5833778381347665,3.9657278060913086,3.0860400199890137,8.660615921020508,followup_50k_landmark_probe,cfd_within,geometry-fixedcompute-10k-vicreg-random-50ksteps,50000,backbone,g2,8192,vicreg,random,336,4.19521427154541,,,,,,vicreg,random,10k,within,True
sclera_superior,4.243400096893311,3.9427456855773926,2.4653260707855225,7.2342023849487305,followup_50k_landmark_probe,cfd_within,geometry-fixedcompute-10k-vicreg-random-50ksteps,50000,backbone,g2,8192,vicreg,random,336,4.19521427154541,,,,,,vicreg,random,10k,within,True
iris_centroid,3.589014768600464,3.368849754333496,2.040651559829712,6.212982654571532,followup_50k_landmark_probe,cfd_within,geometry-fixedcompute-100k-vicreg-random-50ksteps,50000,backbone,g2,8192,vicreg,random,427,3.8295087814331055,,,,,,vicreg,random,100k,within,True
iris_inferior,4.189079761505127,3.8931050300598153,2.32515811920166,7.224246025085449,followup_50k_landmark_probe,cfd_within,geometry-fixedcompute-100k-vicreg-random-50ksteps,50000,backbone,g2,8192,vicreg,random,427,3.8295087814331055,,,,,,vicreg,random,100k,within,True
iris_superior,3.7127776145935063,3.530157804489136,2.1107754707336426,6.745033264160156,followup_50k_landmark_probe,cfd_within,geometry-fixedcompute-100k-vicreg-random-50ksteps,50000,backbone,g2,8192,vicreg,random,427,3.8295087814331055,,,,,,vicreg,random,100k,within,True
lateral_canthus,4.963296890258789,4.258234977722168,2.916309356689453,8.843196868896484,followup_50k_landmark_probe,cfd_within,geometry-fixedcompute-100k-vicreg-random-50ksteps,50000,backbone,g2,8192,vicreg,random,427,3.8295087814331055,,,,,,vicreg,random,100k,within,True
lid_inferior,3.5194382667541504,3.2611603736877437,2.055072546005249,5.564260482788086,followup_50k_landmark_probe,cfd_within,geometry-fixedcompute-100k-vicreg-random-50ksteps,50000,backbone,g2,8192,vicreg,random,427,3.8295087814331055,,,,,,vicreg,random,100k,within,True
lid_superior,3.78561282157898,3.087416887283325,2.704737424850464,7.29659366607666,followup_50k_landmark_probe,cfd_within,geometry-fixedcompute-100k-vicreg-random-50ksteps,50000,backbone,g2,8192,vicreg,random,427,3.8295087814331055,,,,,,vicreg,random,100k,within,True
medial_canthus,6.004731178283691,5.217623233795166,3.5485141277313232,10.750359535217283,followup_50k_landmark_probe,cfd_within,geometry-fixedcompute-100k-vicreg-random-50ksteps,50000,backbone,g2,8192,vicreg,random,427,3.8295087814331055,,,,,,vicreg,random,100k,within,True
sclera_inferior,4.2392425537109375,3.618220329284668,2.6221656799316406,7.98722505569458,followup_50k_landmark_probe,cfd_within,geometry-fixedcompute-100k-vicreg-random-50ksteps,50000,backbone,g2,8192,vicreg,random,427,3.8295087814331055,,,,,,vicreg,random,100k,within,True
sclera_superior,3.4963905811309814,3.063506364822388,2.0645091533660893,5.550477027893066,followup_50k_landmark_probe,cfd_within,geometry-fixedcompute-100k-vicreg-random-50ksteps,50000,backbone,g2,8192,vicreg,random,427,3.8295087814331055,,,,,,vicreg,random,100k,within,True
iris_centroid,3.2732765674591064,2.7625088691711426,1.9946833848953247,5.98093318939209,followup_50k_landmark_probe,cfd_within,geometry-fixedcompute-1m-vicreg-random-50ksteps,50000,backbone,g2,8192,vicreg,random,493,3.6701471805572514,,,,,,vicreg,random,1m,within,True
iris_inferior,3.878041982650757,3.4370906352996826,2.233891248703003,6.987245559692383,followup_50k_landmark_probe,cfd_within,geometry-fixedcompute-1m-vicreg-random-50ksteps,50000,backbone,g2,8192,vicreg,random,493,3.6701471805572514,,,,,,vicreg,random,1m,within,True
iris_superior,3.5603008270263667,3.1476650238037114,2.145436763763428,6.569882392883301,followup_50k_landmark_probe,cfd_within,geometry-fixedcompute-1m-vicreg-random-50ksteps,50000,backbone,g2,8192,vicreg,random,493,3.6701471805572514,,,,,,vicreg,random,1m,within,True
lateral_canthus,4.9727935791015625,4.8255348205566415,2.763118267059326,8.327007293701174,followup_50k_landmark_probe,cfd_within,geometry-fixedcompute-1m-vicreg-random-50ksteps,50000,backbone,g2,8192,vicreg,random,493,3.6701471805572514,,,,,,vicreg,random,1m,within,True
lid_inferior,3.2976183891296387,2.993425846099853,1.992942690849304,5.689633369445801,followup_50k_landmark_probe,cfd_within,geometry-fixedcompute-1m-vicreg-random-50ksteps,50000,backbone,g2,8192,vicreg,random,493,3.6701471805572514,,,,,,vicreg,random,1m,within,True
lid_superior,4.022077560424806,3.4604012966156006,2.5780749320983887,7.4781904220581055,followup_50k_landmark_probe,cfd_within,geometry-fixedcompute-1m-vicreg-random-50ksteps,50000,backbone,g2,8192,vicreg,random,493,3.6701471805572514,,,,,,vicreg,random,1m,within,True
medial_canthus,5.558257102966309,5.061237812042236,3.110925912857056,9.549657821655273,followup_50k_landmark_probe,cfd_within,geometry-fixedcompute-1m-vicreg-random-50ksteps,50000,backbone,g2,8192,vicreg,random,493,3.6701471805572514,,,,,,vicreg,random,1m,within,True
sclera_inferior,3.9962079524993896,3.3202097415924072,2.576291561126709,7.448469161987305,followup_50k_landmark_probe,cfd_within,geometry-fixedcompute-1m-vicreg-random-50ksteps,50000,backbone,g2,8192,vicreg,random,493,3.6701471805572514,,,,,,vicreg,random,1m,within,True
sclera_superior,3.2534401416778564,2.949955463409424,2.0010325908660893,5.5934882164001465,followup_50k_landmark_probe,cfd_within,geometry-fixedcompute-1m-vicreg-random-50ksteps,50000,backbone,g2,8192,vicreg,random,493,3.6701471805572514,,,,,,vicreg,random,1m,within,True
iris_centroid,11.549593925476074,10.498699188232422,6.8573384284973145,21.76726722717285,followup_50k_landmark_probe,cfd_within,geometry-fixedcompute-10k-infonce-imagenet-50ksteps,50000,backbone,g2,8192,infonce,imagenet,286,11.392250061035154,,,,,,infonce,imagenet,10k,within,True
iris_inferior,12.60073947906494,11.837048530578613,7.438535690307617,22.592041015625,followup_50k_landmark_probe,cfd_within,geometry-fixedcompute-10k-infonce-imagenet-50ksteps,50000,backbone,g2,8192,infonce,imagenet,286,11.392250061035154,,,,,,infonce,imagenet,10k,within,True
iris_superior,10.934781074523926,9.872064590454102,6.361675262451173,19.98719787597656,followup_50k_landmark_probe,cfd_within,geometry-fixedcompute-10k-infonce-imagenet-50ksteps,50000,backbone,g2,8192,infonce,imagenet,286,11.392250061035154,,,,,,infonce,imagenet,10k,within,True
lateral_canthus,13.883466720581055,12.008392333984375,9.11936855316162,25.85550117492676,followup_50k_landmark_probe,cfd_within,geometry-fixedcompute-10k-infonce-imagenet-50ksteps,50000,backbone,g2,8192,infonce,imagenet,286,11.392250061035154,,,,,,infonce,imagenet,10k,within,True
lid_inferior,11.121712684631348,10.066336631774902,6.879840850830077,20.54751968383789,followup_50k_landmark_probe,cfd_within,geometry-fixedcompute-10k-infonce-imagenet-50ksteps,50000,backbone,g2,8192,infonce,imagenet,286,11.392250061035154,,,,,,infonce,imagenet,10k,within,True
lid_superior,11.620776176452635,10.231154441833496,6.6966795921325675,21.2174072265625,followup_50k_landmark_probe,cfd_within,geometry-fixedcompute-10k-infonce-imagenet-50ksteps,50000,backbone,g2,8192,infonce,imagenet,286,11.392250061035154,,,,,,infonce,imagenet,10k,within,True
medial_canthus,15.233957290649414,14.176660537719727,8.062433242797853,25.686676025390625,followup_50k_landmark_probe,cfd_within,geometry-fixedcompute-10k-infonce-imagenet-50ksteps,50000,backbone,g2,8192,infonce,imagenet,286,11.392250061035154,,,,,,infonce,imagenet,10k,within,True
sclera_inferior,12.495704650878904,11.425825119018555,7.899353504180907,22.95053291320801,followup_50k_landmark_probe,cfd_within,geometry-fixedcompute-10k-infonce-imagenet-50ksteps,50000,backbone,g2,8192,infonce,imagenet,286,11.392250061035154,,,,,,infonce,imagenet,10k,within,True
sclera_superior,11.160709381103516,10.114683151245117,6.898834228515625,20.576078414916992,followup_50k_landmark_probe,cfd_within,geometry-fixedcompute-10k-infonce-imagenet-50ksteps,50000,backbone,g2,8192,infonce,imagenet,286,11.392250061035154,,,,,,infonce,imagenet,10k,within,True
iris_centroid,3.777720212936402,3.3640873432159424,2.1493825912475586,6.819868087768555,followup_50k_landmark_probe,cfd_within,geometry-fixedcompute-100k-infonce-imagenet-50ksteps,50000,backbone,g2,8192,infonce,imagenet,687,4.232983589172363,,,,,,infonce,imagenet,100k,within,True
iris_inferior,4.293442726135254,3.885679006576538,2.4299070835113525,7.1697020530700675,followup_50k_landmark_probe,cfd_within,geometry-fixedcompute-100k-infonce-imagenet-50ksteps,50000,backbone,g2,8192,infonce,imagenet,687,4.232983589172363,,,,,,infonce,imagenet,100k,within,True
iris_superior,3.939150094985962,3.5825767517089844,2.240391969680786,7.0464863777160645,followup_50k_landmark_probe,cfd_within,geometry-fixedcompute-100k-infonce-imagenet-50ksteps,50000,backbone,g2,8192,infonce,imagenet,687,4.232983589172363,,,,,,infonce,imagenet,100k,within,True
lateral_canthus,5.1987032890319815,4.8220181465148935,2.9669950008392334,8.582821846008299,followup_50k_landmark_probe,cfd_within,geometry-fixedcompute-100k-infonce-imagenet-50ksteps,50000,backbone,g2,8192,infonce,imagenet,687,4.232983589172363,,,,,,infonce,imagenet,100k,within,True
lid_inferior,3.8969433307647705,3.5517606735229488,2.244394540786743,6.957720756530763,followup_50k_landmark_probe,cfd_within,geometry-fixedcompute-100k-infonce-imagenet-50ksteps,50000,backbone,g2,8192,infonce,imagenet,687,4.232983589172363,,,,,,infonce,imagenet,100k,within,True
lid_superior,3.9734079837799072,3.3122653961181636,2.691812038421631,7.257180690765381,followup_50k_landmark_probe,cfd_within,geometry-fixedcompute-100k-infonce-imagenet-50ksteps,50000,backbone,g2,8192,infonce,imagenet,687,4.232983589172363,,,,,,infonce,imagenet,100k,within,True
medial_canthus,6.115891456604004,5.555050849914551,3.3200035095214844,10.112906455993652,followup_50k_landmark_probe,cfd_within,geometry-fixedcompute-100k-infonce-imagenet-50ksteps,50000,backbone,g2,8192,infonce,imagenet,687,4.232983589172363,,,,,,infonce,imagenet,100k,within,True
sclera_inferior,4.524679183959961,4.111079216003418,2.5882582664489746,8.197982788085938,followup_50k_landmark_probe,cfd_within,geometry-fixedcompute-100k-infonce-imagenet-50ksteps,50000,backbone,g2,8192,infonce,imagenet,687,4.232983589172363,,,,,,infonce,imagenet,100k,within,True
sclera_superior,3.888261318206787,3.5586166381835938,2.243978261947632,6.8765082359313965,followup_50k_landmark_probe,cfd_within,geometry-fixedcompute-100k-infonce-imagenet-50ksteps,50000,backbone,g2,8192,infonce,imagenet,687,4.232983589172363,,,,,,infonce,imagenet,100k,within,True
iris_centroid,3.644187211990357,3.1011948585510254,2.2575337886810303,6.602818489074707,followup_50k_landmark_probe,cfd_within,geometry-fixedcompute-1m-infonce-imagenet-50ksteps,50000,backbone,g2,8192,infonce,imagenet,986,4.171798706054688,,,,,,infonce,imagenet,1m,within,True
iris_inferior,4.104280948638916,3.8553075790405273,2.478121280670166,7.459505558013916,followup_50k_landmark_probe,cfd_within,geometry-fixedcompute-1m-infonce-imagenet-50ksteps,50000,backbone,g2,8192,infonce,imagenet,986,4.171798706054688,,,,,,infonce,imagenet,1m,within,True
iris_superior,4.000429630279541,3.476103544235228,2.2990026473999023,7.1076011657714835,followup_50k_landmark_probe,cfd_within,geometry-fixedcompute-1m-infonce-imagenet-50ksteps,50000,backbone,g2,8192,infonce,imagenet,986,4.171798706054688,,,,,,infonce,imagenet,1m,within,True
lateral_canthus,5.075831890106201,4.600523471832275,2.8888771533966064,8.751743316650389,followup_50k_landmark_probe,cfd_within,geometry-fixedcompute-1m-infonce-imagenet-50ksteps,50000,backbone,g2,8192,infonce,imagenet,986,4.171798706054688,,,,,,infonce,imagenet,1m,within,True
lid_inferior,4.042704105377196,3.6835031509399414,2.181952714920044,6.956175327301025,followup_50k_landmark_probe,cfd_within,geometry-fixedcompute-1m-infonce-imagenet-50ksteps,50000,backbone,g2,8192,infonce,imagenet,986,4.171798706054688,,,,,,infonce,imagenet,1m,within,True
lid_superior,3.8349993228912354,3.2711184024810787,2.812852144241333,6.870874881744385,followup_50k_landmark_probe,cfd_within,geometry-fixedcompute-1m-infonce-imagenet-50ksteps,50000,backbone,g2,8192,infonce,imagenet,986,4.171798706054688,,,,,,infonce,imagenet,1m,within,True
medial_canthus,5.961406707763673,5.59922981262207,3.442025899887085,10.241654396057127,followup_50k_landmark_probe,cfd_within,geometry-fixedcompute-1m-infonce-imagenet-50ksteps,50000,backbone,g2,8192,infonce,imagenet,986,4.171798706054688,,,,,,infonce,imagenet,1m,within,True
sclera_inferior,4.5513176918029785,4.0127906799316415,2.8542897701263428,8.45557689666748,followup_50k_landmark_probe,cfd_within,geometry-fixedcompute-1m-infonce-imagenet-50ksteps,50000,backbone,g2,8192,infonce,imagenet,986,4.171798706054688,,,,,,infonce,imagenet,1m,within,True
sclera_superior,3.9726719856262207,3.632358074188232,2.1711018085479736,6.885648727416992,followup_50k_landmark_probe,cfd_within,geometry-fixedcompute-1m-infonce-imagenet-50ksteps,50000,backbone,g2,8192,infonce,imagenet,986,4.171798706054688,,,,,,infonce,imagenet,1m,within,True
iris_centroid,8.654292106628418,7.510167121887207,4.781693458557129,15.510354995727539,followup_50k_landmark_probe,cfd_within,geometry-fixedcompute-10k-lejepa-imagenet-50ksteps,50000,backbone,g2,8192,lejepa,imagenet,380,9.658945083618164,,,,,,lejepa,imagenet,10k,within,True
iris_inferior,9.510757446289062,8.139291763305664,5.399225234985352,16.771406173706055,followup_50k_landmark_probe,cfd_within,geometry-fixedcompute-10k-lejepa-imagenet-50ksteps,50000,backbone,g2,8192,lejepa,imagenet,380,9.658945083618164,,,,,,lejepa,imagenet,10k,within,True
iris_superior,8.162205696105957,7.393117904663086,4.384013175964356,13.78624439239502,followup_50k_landmark_probe,cfd_within,geometry-fixedcompute-10k-lejepa-imagenet-50ksteps,50000,backbone,g2,8192,lejepa,imagenet,380,9.658945083618164,,,,,,lejepa,imagenet,10k,within,True
lateral_canthus,11.760586738586426,10.06494426727295,8.443437576293945,20.82657241821289,followup_50k_landmark_probe,cfd_within,geometry-fixedcompute-10k-lejepa-imagenet-50ksteps,50000,backbone,g2,8192,lejepa,imagenet,380,9.658945083618164,,,,,,lejepa,imagenet,10k,within,True
lid_inferior,8.559020042419434,8.016422271728517,4.374479293823241,13.795411109924315,followup_50k_landmark_probe,cfd_within,geometry-fixedcompute-10k-lejepa-imagenet-50ksteps,50000,backbone,g2,8192,lejepa,imagenet,380,9.658945083618164,,,,,,lejepa,imagenet,10k,within,True
lid_superior,8.902889251708984,8.649282455444336,4.4099626541137695,14.952181816101074,followup_50k_landmark_probe,cfd_within,geometry-fixedcompute-10k-lejepa-imagenet-50ksteps,50000,backbone,g2,8192,lejepa,imagenet,380,9.658945083618164,,,,,,lejepa,imagenet,10k,within,True
medial_canthus,13.691083908081055,12.170794486999512,9.435784339904783,28.50665283203125,followup_50k_landmark_probe,cfd_within,geometry-fixedcompute-10k-lejepa-imagenet-50ksteps,50000,backbone,g2,8192,lejepa,imagenet,380,9.658945083618164,,,,,,lejepa,imagenet,10k,within,True
sclera_inferior,9.750784873962402,8.499208450317383,5.612549781799316,16.49464988708496,followup_50k_landmark_probe,cfd_within,geometry-fixedcompute-10k-lejepa-imagenet-50ksteps,50000,backbone,g2,8192,lejepa,imagenet,380,9.658945083618164,,,,,,lejepa,imagenet,10k,within,True
sclera_superior,8.575924873352049,8.05133056640625,4.399106025695801,13.711938858032227,followup_50k_landmark_probe,cfd_within,geometry-fixedcompute-10k-lejepa-imagenet-50ksteps,50000,backbone,g2,8192,lejepa,imagenet,380,9.658945083618164,,,,,,lejepa,imagenet,10k,within,True
iris_centroid,5.815990924835205,5.274846076965332,3.213008642196656,10.34649658203125,followup_50k_landmark_probe,cfd_within,geometry-fixedcompute-100k-lejepa-imagenet-50ksteps,50000,backbone,g2,8192,lejepa,imagenet,572,5.611581802368164,,,,,,lejepa,imagenet,100k,within,True
iris_inferior,6.444343566894531,6.179789543151856,3.6152732372283936,11.633801460266113,followup_50k_landmark_probe,cfd_within,geometry-fixedcompute-100k-lejepa-imagenet-50ksteps,50000,backbone,g2,8192,lejepa,imagenet,572,5.611581802368164,,,,,,lejepa,imagenet,100k,within,True
iris_superior,5.690885543823242,4.921075820922852,3.108916521072388,10.295309066772461,followup_50k_landmark_probe,cfd_within,geometry-fixedcompute-100k-lejepa-imagenet-50ksteps,50000,backbone,g2,8192,lejepa,imagenet,572,5.611581802368164,,,,,,lejepa,imagenet,100k,within,True
lateral_canthus,7.141387462615968,6.6087284088134775,4.2889671325683585,12.732330322265625,followup_50k_landmark_probe,cfd_within,geometry-fixedcompute-100k-lejepa-imagenet-50ksteps,50000,backbone,g2,8192,lejepa,imagenet,572,5.611581802368164,,,,,,lejepa,imagenet,100k,within,True
lid_inferior,5.87896728515625,5.517810821533203,3.1362028121948238,9.835352897644043,followup_50k_landmark_probe,cfd_within,geometry-fixedcompute-100k-lejepa-imagenet-50ksteps,50000,backbone,g2,8192,lejepa,imagenet,572,5.611581802368164,,,,,,lejepa,imagenet,100k,within,True
lid_superior,6.055694103240968,5.225301742553711,3.658552408218384,11.333712577819824,followup_50k_landmark_probe,cfd_within,geometry-fixedcompute-100k-lejepa-imagenet-50ksteps,50000,backbone,g2,8192,lejepa,imagenet,572,5.611581802368164,,,,,,lejepa,imagenet,100k,within,True
medial_canthus,8.770736694335938,8.233663558959961,5.4177422523498535,15.538422584533693,followup_50k_landmark_probe,cfd_within,geometry-fixedcompute-100k-lejepa-imagenet-50ksteps,50000,backbone,g2,8192,lejepa,imagenet,572,5.611581802368164,,,,,,lejepa,imagenet,100k,within,True
sclera_inferior,6.5030131340026855,5.918572425842285,3.6826705932617188,11.53463363647461,followup_50k_landmark_probe,cfd_within,geometry-fixedcompute-100k-lejepa-imagenet-50ksteps,50000,backbone,g2,8192,lejepa,imagenet,572,5.611581802368164,,,,,,lejepa,imagenet,100k,within,True
sclera_superior,5.896985530853272,5.482816219329834,3.1403794288635254,9.856578826904297,followup_50k_landmark_probe,cfd_within,geometry-fixedcompute-100k-lejepa-imagenet-50ksteps,50000,backbone,g2,8192,lejepa,imagenet,572,5.611581802368164,,,,,,lejepa,imagenet,100k,within,True
iris_centroid,5.1796417236328125,4.47208309173584,3.0699949264526367,8.95583724975586,followup_50k_landmark_probe,cfd_within,geometry-fixedcompute-1m-lejepa-imagenet-50ksteps,50000,backbone,g2,8192,lejepa,imagenet,609,5.1294941902160645,,,,,,lejepa,imagenet,1m,within,True
iris_inferior,5.769918441772461,5.209588050842285,3.474086284637451,10.14207649230957,followup_50k_landmark_probe,cfd_within,geometry-fixedcompute-1m-lejepa-imagenet-50ksteps,50000,backbone,g2,8192,lejepa,imagenet,609,5.1294941902160645,,,,,,lejepa,imagenet,1m,within,True
iris_superior,5.064743995666504,4.409489154815674,3.065423488616944,8.802202224731445,followup_50k_landmark_probe,cfd_within,geometry-fixedcompute-1m-lejepa-imagenet-50ksteps,50000,backbone,g2,8192,lejepa,imagenet,609,5.1294941902160645,,,,,,lejepa,imagenet,1m,within,True
lateral_canthus,6.861894607543945,6.3543949127197275,4.167269229888916,12.409154891967773,followup_50k_landmark_probe,cfd_within,geometry-fixedcompute-1m-lejepa-imagenet-50ksteps,50000,backbone,g2,8192,lejepa,imagenet,609,5.1294941902160645,,,,,,lejepa,imagenet,1m,within,True
lid_inferior,5.387644767761231,4.703415870666504,3.343515157699585,9.527132034301758,followup_50k_landmark_probe,cfd_within,geometry-fixedcompute-1m-lejepa-imagenet-50ksteps,50000,backbone,g2,8192,lejepa,imagenet,609,5.1294941902160645,,,,,,lejepa,imagenet,1m,within,True
lid_superior,5.485243797302246,4.884953022003174,3.6577513217926025,9.148283004760742,followup_50k_landmark_probe,cfd_within,geometry-fixedcompute-1m-lejepa-imagenet-50ksteps,50000,backbone,g2,8192,lejepa,imagenet,609,5.1294941902160645,,,,,,lejepa,imagenet,1m,within,True
medial_canthus,7.540802478790282,6.674586772918701,4.772417068481445,13.489566802978516,followup_50k_landmark_probe,cfd_within,geometry-fixedcompute-1m-lejepa-imagenet-50ksteps,50000,backbone,g2,8192,lejepa,imagenet,609,5.1294941902160645,,,,,,lejepa,imagenet,1m,within,True
sclera_inferior,5.7323241233825675,5.233846664428711,3.496575117111206,9.49629020690918,followup_50k_landmark_probe,cfd_within,geometry-fixedcompute-1m-lejepa-imagenet-50ksteps,50000,backbone,g2,8192,lejepa,imagenet,609,5.1294941902160645,,,,,,lejepa,imagenet,1m,within,True
sclera_superior,5.38528299331665,4.750692367553711,3.3635480403900133,9.534771919250488,followup_50k_landmark_probe,cfd_within,geometry-fixedcompute-1m-lejepa-imagenet-50ksteps,50000,backbone,g2,8192,lejepa,imagenet,609,5.1294941902160645,,,,,,lejepa,imagenet,1m,within,True
iris_centroid,5.583613395690918,4.781996726989746,3.2614870071411133,10.127918243408203,followup_50k_landmark_probe,cfd_within,geometry-fixedcompute-10k-vicreg-imagenet-50ksteps,50000,backbone,g2,8192,vicreg,imagenet,587,6.241809368133545,,,,,,vicreg,imagenet,10k,within,True
iris_inferior,6.234360218048097,5.429716110229492,3.649159669876098,11.022856712341307,followup_50k_landmark_probe,cfd_within,geometry-fixedcompute-10k-vicreg-imagenet-50ksteps,50000,backbone,g2,8192,vicreg,imagenet,587,6.241809368133545,,,,,,vicreg,imagenet,10k,within,True
iris_superior,5.4822916984558105,4.932838439941406,3.1835591793060303,9.394745826721193,followup_50k_landmark_probe,cfd_within,geometry-fixedcompute-10k-vicreg-imagenet-50ksteps,50000,backbone,g2,8192,vicreg,imagenet,587,6.241809368133545,,,,,,vicreg,imagenet,10k,within,True
lateral_canthus,7.625895023345947,6.626772880554199,4.192025661468507,13.025312423706055,followup_50k_landmark_probe,cfd_within,geometry-fixedcompute-10k-vicreg-imagenet-50ksteps,50000,backbone,g2,8192,vicreg,imagenet,587,6.241809368133545,,,,,,vicreg,imagenet,10k,within,True
lid_inferior,5.984345436096191,5.384665489196777,3.51171612739563,10.647073745727539,followup_50k_landmark_probe,cfd_within,geometry-fixedcompute-10k-vicreg-imagenet-50ksteps,50000,backbone,g2,8192,vicreg,imagenet,587,6.241809368133545,,,,,,vicreg,imagenet,10k,within,True
lid_superior,6.033862590789795,5.3100786209106445,3.986450910568237,11.177327156066896,followup_50k_landmark_probe,cfd_within,geometry-fixedcompute-10k-vicreg-imagenet-50ksteps,50000,backbone,g2,8192,vicreg,imagenet,587,6.241809368133545,,,,,,vicreg,imagenet,10k,within,True
medial_canthus,8.190092086791992,7.595002174377441,4.983829975128174,13.840977668762207,followup_50k_landmark_probe,cfd_within,geometry-fixedcompute-10k-vicreg-imagenet-50ksteps,50000,backbone,g2,8192,vicreg,imagenet,587,6.241809368133545,,,,,,vicreg,imagenet,10k,within,True
sclera_inferior,6.344749927520753,5.709583282470702,3.9356877803802486,12.100103378295898,followup_50k_landmark_probe,cfd_within,geometry-fixedcompute-10k-vicreg-imagenet-50ksteps,50000,backbone,g2,8192,vicreg,imagenet,587,6.241809368133545,,,,,,vicreg,imagenet,10k,within,True
sclera_superior,5.969745635986327,5.392356872558594,3.53682279586792,10.663711547851562,followup_50k_landmark_probe,cfd_within,geometry-fixedcompute-10k-vicreg-imagenet-50ksteps,50000,backbone,g2,8192,vicreg,imagenet,587,6.241809368133545,,,,,,vicreg,imagenet,10k,within,True
iris_centroid,4.133786201477052,3.9519388675689697,2.231494426727295,6.885365962982178,followup_50k_landmark_probe,cfd_within,geometry-fixedcompute-100k-vicreg-imagenet-50ksteps,50000,backbone,g2,8192,vicreg,imagenet,875,4.419285297393799,,,,,,vicreg,imagenet,100k,within,True
iris_inferior,4.630888938903809,4.318077087402344,2.567697763442993,8.211546897888184,followup_50k_landmark_probe,cfd_within,geometry-fixedcompute-100k-vicreg-imagenet-50ksteps,50000,backbone,g2,8192,vicreg,imagenet,875,4.419285297393799,,,,,,vicreg,imagenet,100k,within,True
iris_superior,4.3017849922180185,4.3816423416137695,2.284092426300049,7.238945484161378,followup_50k_landmark_probe,cfd_within,geometry-fixedcompute-100k-vicreg-imagenet-50ksteps,50000,backbone,g2,8192,vicreg,imagenet,875,4.419285297393799,,,,,,vicreg,imagenet,100k,within,True
lateral_canthus,5.508673667907715,4.6957364082336435,3.302157163619995,9.67267894744873,followup_50k_landmark_probe,cfd_within,geometry-fixedcompute-100k-vicreg-imagenet-50ksteps,50000,backbone,g2,8192,vicreg,imagenet,875,4.419285297393799,,,,,,vicreg,imagenet,100k,within,True
lid_inferior,4.108873367309569,3.7280666828155518,2.244133472442627,6.722305774688722,followup_50k_landmark_probe,cfd_within,geometry-fixedcompute-100k-vicreg-imagenet-50ksteps,50000,backbone,g2,8192,vicreg,imagenet,875,4.419285297393799,,,,,,vicreg,imagenet,100k,within,True
lid_superior,4.413237571716309,3.825572490692138,2.5717368125915527,7.670349597930907,followup_50k_landmark_probe,cfd_within,geometry-fixedcompute-100k-vicreg-imagenet-50ksteps,50000,backbone,g2,8192,vicreg,imagenet,875,4.419285297393799,,,,,,vicreg,imagenet,100k,within,True
medial_canthus,6.257499694824219,5.65084171295166,3.474912405014038,10.565740585327148,followup_50k_landmark_probe,cfd_within,geometry-fixedcompute-100k-vicreg-imagenet-50ksteps,50000,backbone,g2,8192,vicreg,imagenet,875,4.419285297393799,,,,,,vicreg,imagenet,100k,within,True
sclera_inferior,4.895304203033447,4.725872993469238,2.754596710205078,8.663263320922853,followup_50k_landmark_probe,cfd_within,geometry-fixedcompute-100k-vicreg-imagenet-50ksteps,50000,backbone,g2,8192,vicreg,imagenet,875,4.419285297393799,,,,,,vicreg,imagenet,100k,within,True
sclera_superior,4.085874557495116,3.681140899658203,2.2385809421539307,6.70890998840332,followup_50k_landmark_probe,cfd_within,geometry-fixedcompute-100k-vicreg-imagenet-50ksteps,50000,backbone,g2,8192,vicreg,imagenet,875,4.419285297393799,,,,,,vicreg,imagenet,100k,within,True
iris_centroid,4.051163196563722,3.6547110080718994,2.345348596572876,7.383265018463135,followup_50k_landmark_probe,cfd_within,geometry-fixedcompute-1m-vicreg-imagenet-50ksteps,50000,backbone,g2,8192,vicreg,imagenet,928,4.3318657875061035,,,,,,vicreg,imagenet,1m,within,True
iris_inferior,4.6640167236328125,4.204080104827882,2.59462833404541,8.606677055358888,followup_50k_landmark_probe,cfd_within,geometry-fixedcompute-1m-vicreg-imagenet-50ksteps,50000,backbone,g2,8192,vicreg,imagenet,928,4.3318657875061035,,,,,,vicreg,imagenet,1m,within,True
iris_superior,4.169142723083496,3.919812917709351,2.31176495552063,7.294382095336914,followup_50k_landmark_probe,cfd_within,geometry-fixedcompute-1m-vicreg-imagenet-50ksteps,50000,backbone,g2,8192,vicreg,imagenet,928,4.3318657875061035,,,,,,vicreg,imagenet,1m,within,True
lateral_canthus,5.290576934814453,4.7653656005859375,3.2030086517333984,9.081969261169434,followup_50k_landmark_probe,cfd_within,geometry-fixedcompute-1m-vicreg-imagenet-50ksteps,50000,backbone,g2,8192,vicreg,imagenet,928,4.3318657875061035,,,,,,vicreg,imagenet,1m,within,True
lid_inferior,4.095990180969238,3.804155111312866,2.2433133125305176,7.135383605957031,followup_50k_landmark_probe,cfd_within,geometry-fixedcompute-1m-vicreg-imagenet-50ksteps,50000,backbone,g2,8192,vicreg,imagenet,928,4.3318657875061035,,,,,,vicreg,imagenet,1m,within,True
lid_superior,4.479125499725342,3.864612579345703,2.9569239616394043,8.443349838256836,followup_50k_landmark_probe,cfd_within,geometry-fixedcompute-1m-vicreg-imagenet-50ksteps,50000,backbone,g2,8192,vicreg,imagenet,928,4.3318657875061035,,,,,,vicreg,imagenet,1m,within,True
medial_canthus,6.346127510070801,5.894833087921143,3.454881429672241,10.142301559448242,followup_50k_landmark_probe,cfd_within,geometry-fixedcompute-1m-vicreg-imagenet-50ksteps,50000,backbone,g2,8192,vicreg,imagenet,928,4.3318657875061035,,,,,,vicreg,imagenet,1m,within,True
sclera_inferior,4.871789932250977,4.441764831542969,2.9389917850494385,9.219581604003906,followup_50k_landmark_probe,cfd_within,geometry-fixedcompute-1m-vicreg-imagenet-50ksteps,50000,backbone,g2,8192,vicreg,imagenet,928,4.3318657875061035,,,,,,vicreg,imagenet,1m,within,True
sclera_superior,4.098495006561278,3.8348817825317374,2.251347780227661,7.0862531661987305,followup_50k_landmark_probe,cfd_within,geometry-fixedcompute-1m-vicreg-imagenet-50ksteps,50000,backbone,g2,8192,vicreg,imagenet,928,4.3318657875061035,,,,,,vicreg,imagenet,1m,within,True
iris_centroid,7.189419746398926,6.756175994873048,4.324463844299316,13.493127822875975,followup_50k_landmark_probe,cfd_within,geometry-fixedcompute-10k-infonce-seginit-50ksteps,50000,backbone,g2,8192,infonce,seg_init,1000,8.067421913146973,,,,,,infonce,,10k,within,False
iris_inferior,8.106941223144531,7.254039764404298,4.594452857971191,14.50728988647461,followup_50k_landmark_probe,cfd_within,geometry-fixedcompute-10k-infonce-seginit-50ksteps,50000,backbone,g2,8192,infonce,seg_init,1000,8.067421913146973,,,,,,infonce,,10k,within,False
iris_superior,6.86028528213501,6.538420677185059,4.1739912033081055,12.476899147033693,followup_50k_landmark_probe,cfd_within,geometry-fixedcompute-10k-infonce-seginit-50ksteps,50000,backbone,g2,8192,infonce,seg_init,1000,8.067421913146973,,,,,,infonce,,10k,within,False
lateral_canthus,8.883952140808105,8.385293960571289,4.980979919433594,15.458364486694336,followup_50k_landmark_probe,cfd_within,geometry-fixedcompute-10k-infonce-seginit-50ksteps,50000,backbone,g2,8192,infonce,seg_init,1000,8.067421913146973,,,,,,infonce,,10k,within,False
lid_inferior,7.036396503448486,5.880979537963867,4.3321733474731445,12.047643661499025,followup_50k_landmark_probe,cfd_within,geometry-fixedcompute-10k-infonce-seginit-50ksteps,50000,backbone,g2,8192,infonce,seg_init,1000,8.067421913146973,,,,,,infonce,,10k,within,False
lid_superior,8.843188285827637,7.956849098205566,5.359821319580078,16.040748596191403,followup_50k_landmark_probe,cfd_within,geometry-fixedcompute-10k-infonce-seginit-50ksteps,50000,backbone,g2,8192,infonce,seg_init,1000,8.067421913146973,,,,,,infonce,,10k,within,False
medial_canthus,11.07413387298584,9.249482154846193,7.544212341308594,18.9942569732666,followup_50k_landmark_probe,cfd_within,geometry-fixedcompute-10k-infonce-seginit-50ksteps,50000,backbone,g2,8192,infonce,seg_init,1000,8.067421913146973,,,,,,infonce,,10k,within,False
sclera_inferior,7.994140625,7.104480743408202,4.7421536445617685,13.963496208190918,followup_50k_landmark_probe,cfd_within,geometry-fixedcompute-10k-infonce-seginit-50ksteps,50000,backbone,g2,8192,infonce,seg_init,1000,8.067421913146973,,,,,,infonce,,10k,within,False
sclera_superior,7.045231342315674,5.861618995666504,4.3382568359375,12.105820655822756,followup_50k_landmark_probe,cfd_within,geometry-fixedcompute-10k-infonce-seginit-50ksteps,50000,backbone,g2,8192,infonce,seg_init,1000,8.067421913146973,,,,,,infonce,,10k,within,False
iris_centroid,6.786611080169678,6.257539749145508,4.19449520111084,11.093331336975098,followup_50k_landmark_probe,cfd_within,geometry-fixedcompute-100k-infonce-seginit-50ksteps,50000,backbone,g2,8192,infonce,seg_init,293,7.724586486816406,,,,,,infonce,,100k,within,False
iris_inferior,7.4137816429138175,7.068428039550781,4.526764392852783,12.53806972503662,followup_50k_landmark_probe,cfd_within,geometry-fixedcompute-100k-infonce-seginit-50ksteps,50000,backbone,g2,8192,infonce,seg_init,293,7.724586486816406,,,,,,infonce,,100k,within,False
iris_superior,6.616322994232178,5.911647319793701,4.035665035247804,11.275485038757324,followup_50k_landmark_probe,cfd_within,geometry-fixedcompute-100k-infonce-seginit-50ksteps,50000,backbone,g2,8192,infonce,seg_init,293,7.724586486816406,,,,,,infonce,,100k,within,False
lateral_canthus,7.455662250518799,6.752632141113281,4.413071155548097,13.236368179321287,followup_50k_landmark_probe,cfd_within,geometry-fixedcompute-100k-infonce-seginit-50ksteps,50000,backbone,g2,8192,infonce,seg_init,293,7.724586486816406,,,,,,infonce,,100k,within,False
lid_inferior,6.577709674835205,6.1468443870544425,4.12031888961792,11.44498062133789,followup_50k_landmark_probe,cfd_within,geometry-fixedcompute-100k-infonce-seginit-50ksteps,50000,backbone,g2,8192,infonce,seg_init,293,7.724586486816406,,,,,,infonce,,100k,within,False
lid_superior,8.346597671508789,7.357461929321289,5.331256866455078,15.266581535339355,followup_50k_landmark_probe,cfd_within,geometry-fixedcompute-100k-infonce-seginit-50ksteps,50000,backbone,g2,8192,infonce,seg_init,293,7.724586486816406,,,,,,infonce,,100k,within,False
medial_canthus,9.134533882141113,7.778961181640625,6.169351577758789,16.30349349975586,followup_50k_landmark_probe,cfd_within,geometry-fixedcompute-100k-infonce-seginit-50ksteps,50000,backbone,g2,8192,infonce,seg_init,293,7.724586486816406,,,,,,infonce,,100k,within,False
sclera_inferior,7.601912021636963,6.824431419372559,4.648174285888672,12.888813972473145,followup_50k_landmark_probe,cfd_within,geometry-fixedcompute-100k-infonce-seginit-50ksteps,50000,backbone,g2,8192,infonce,seg_init,293,7.724586486816406,,,,,,infonce,,100k,within,False
sclera_superior,6.576179504394531,6.106513977050781,4.141097545623778,11.57162380218506,followup_50k_landmark_probe,cfd_within,geometry-fixedcompute-100k-infonce-seginit-50ksteps,50000,backbone,g2,8192,infonce,seg_init,293,7.724586486816406,,,,,,infonce,,100k,within,False
iris_centroid,4.438980102539063,3.8811321258544917,2.703270673751831,7.663645267486572,followup_50k_landmark_probe,cfd_within,geometry-fixedcompute-1m-infonce-seginit-50ksteps,50000,backbone,g2,8192,infonce,seg_init,789,4.730027198791504,,,,,,infonce,,1m,within,False
iris_inferior,5.0589728355407715,4.3593969345092765,3.0601482391357417,9.419464111328123,followup_50k_landmark_probe,cfd_within,geometry-fixedcompute-1m-infonce-seginit-50ksteps,50000,backbone,g2,8192,infonce,seg_init,789,4.730027198791504,,,,,,infonce,,1m,within,False
iris_superior,4.531831741333008,3.883442640304565,2.8363239765167236,8.35528564453125,followup_50k_landmark_probe,cfd_within,geometry-fixedcompute-1m-infonce-seginit-50ksteps,50000,backbone,g2,8192,infonce,seg_init,789,4.730027198791504,,,,,,infonce,,1m,within,False
lateral_canthus,5.665029048919678,5.482492446899414,3.0093610286712646,9.632722854614258,followup_50k_landmark_probe,cfd_within,geometry-fixedcompute-1m-infonce-seginit-50ksteps,50000,backbone,g2,8192,infonce,seg_init,789,4.730027198791504,,,,,,infonce,,1m,within,False
lid_inferior,4.316372871398927,4.1176538467407235,2.597855806350708,6.994461536407472,followup_50k_landmark_probe,cfd_within,geometry-fixedcompute-1m-infonce-seginit-50ksteps,50000,backbone,g2,8192,infonce,seg_init,789,4.730027198791504,,,,,,infonce,,1m,within,False
lid_superior,6.456691265106201,5.5173301696777335,4.428299427032472,12.810781478881836,followup_50k_landmark_probe,cfd_within,geometry-fixedcompute-1m-infonce-seginit-50ksteps,50000,backbone,g2,8192,infonce,seg_init,789,4.730027198791504,,,,,,infonce,,1m,within,False
medial_canthus,6.864647388458253,6.570957660675049,4.104053020477295,11.664347648620605,followup_50k_landmark_probe,cfd_within,geometry-fixedcompute-1m-infonce-seginit-50ksteps,50000,backbone,g2,8192,infonce,seg_init,789,4.730027198791504,,,,,,infonce,,1m,within,False
sclera_inferior,5.709484577178955,4.692008972167969,3.9613699913024902,11.141356468200684,followup_50k_landmark_probe,cfd_within,geometry-fixedcompute-1m-infonce-seginit-50ksteps,50000,backbone,g2,8192,infonce,seg_init,789,4.730027198791504,,,,,,infonce,,1m,within,False
sclera_superior,4.300004959106444,4.0566654205322275,2.603531837463379,7.035458564758301,followup_50k_landmark_probe,cfd_within,geometry-fixedcompute-1m-infonce-seginit-50ksteps,50000,backbone,g2,8192,infonce,seg_init,789,4.730027198791504,,,,,,infonce,,1m,within,False
iris_centroid,7.798548698425293,7.262402534484862,4.312065124511719,13.42174243927002,followup_50k_landmark_probe,cfd_within,geometry-fixedcompute-10k-lejepa-seginit-50ksteps,50000,backbone,g2,8192,lejepa,seg_init,998,8.395931243896483,,,,,,lejepa,,10k,within,False
iris_inferior,8.541605949401855,7.794750213623048,4.843560695648193,15.064139366149902,followup_50k_landmark_probe,cfd_within,geometry-fixedcompute-10k-lejepa-seginit-50ksteps,50000,backbone,g2,8192,lejepa,seg_init,998,8.395931243896483,,,,,,lejepa,,10k,within,False
iris_superior,7.437502861022949,6.831698417663574,4.058013916015625,13.184459686279295,followup_50k_landmark_probe,cfd_within,geometry-fixedcompute-10k-lejepa-seginit-50ksteps,50000,backbone,g2,8192,lejepa,seg_init,998,8.395931243896483,,,,,,lejepa,,10k,within,False
lateral_canthus,9.211334228515623,8.108610153198242,6.036543369293213,16.025888442993164,followup_50k_landmark_probe,cfd_within,geometry-fixedcompute-10k-lejepa-seginit-50ksteps,50000,backbone,g2,8192,lejepa,seg_init,998,8.395931243896483,,,,,,lejepa,,10k,within,False
lid_inferior,7.5039801597595215,6.895429611206055,4.4355340003967285,13.101685523986815,followup_50k_landmark_probe,cfd_within,geometry-fixedcompute-10k-lejepa-seginit-50ksteps,50000,backbone,g2,8192,lejepa,seg_init,998,8.395931243896483,,,,,,lejepa,,10k,within,False
lid_superior,9.300162315368652,8.337835311889647,5.569737434387207,16.907913208007812,followup_50k_landmark_probe,cfd_within,geometry-fixedcompute-10k-lejepa-seginit-50ksteps,50000,backbone,g2,8192,lejepa,seg_init,998,8.395931243896483,,,,,,lejepa,,10k,within,False
medial_canthus,11.593460083007812,9.794269561767578,7.785307884216309,21.327592849731445,followup_50k_landmark_probe,cfd_within,geometry-fixedcompute-10k-lejepa-seginit-50ksteps,50000,backbone,g2,8192,lejepa,seg_init,998,8.395931243896483,,,,,,lejepa,,10k,within,False
sclera_inferior,8.676316261291504,7.8213768005371085,4.840543746948242,15.488396644592285,followup_50k_landmark_probe,cfd_within,geometry-fixedcompute-10k-lejepa-seginit-50ksteps,50000,backbone,g2,8192,lejepa,seg_init,998,8.395931243896483,,,,,,lejepa,,10k,within,False
sclera_superior,7.51283073425293,6.8324174880981445,4.456877708435059,13.132279396057127,followup_50k_landmark_probe,cfd_within,geometry-fixedcompute-10k-lejepa-seginit-50ksteps,50000,backbone,g2,8192,lejepa,seg_init,998,8.395931243896483,,,,,,lejepa,,10k,within,False
iris_centroid,4.849250793457031,4.499762535095215,2.7213809490203857,7.9920101165771475,followup_50k_landmark_probe,cfd_within,geometry-fixedcompute-100k-lejepa-seginit-50ksteps,50000,backbone,g2,8192,lejepa,seg_init,725,5.139982223510742,,,,,,lejepa,,100k,within,False
iris_inferior,5.52294921875,5.08013916015625,3.100457668304444,9.427937507629396,followup_50k_landmark_probe,cfd_within,geometry-fixedcompute-100k-lejepa-seginit-50ksteps,50000,backbone,g2,8192,lejepa,seg_init,725,5.139982223510742,,,,,,lejepa,,100k,within,False
iris_superior,4.891347408294678,4.556770324707031,2.6766433715820312,7.960207462310791,followup_50k_landmark_probe,cfd_within,geometry-fixedcompute-100k-lejepa-seginit-50ksteps,50000,backbone,g2,8192,lejepa,seg_init,725,5.139982223510742,,,,,,lejepa,,100k,within,False
lateral_canthus,6.362515449523926,5.6274943351745605,3.9144845008850098,12.181025505065918,followup_50k_landmark_probe,cfd_within,geometry-fixedcompute-100k-lejepa-seginit-50ksteps,50000,backbone,g2,8192,lejepa,seg_init,725,5.139982223510742,,,,,,lejepa,,100k,within,False
lid_inferior,4.750622272491455,4.247169017791748,2.782987833023072,8.175679206848145,followup_50k_landmark_probe,cfd_within,geometry-fixedcompute-100k-lejepa-seginit-50ksteps,50000,backbone,g2,8192,lejepa,seg_init,725,5.139982223510742,,,,,,lejepa,,100k,within,False
lid_superior,7.0924439430236825,6.159139633178711,4.475135326385498,12.68967056274414,followup_50k_landmark_probe,cfd_within,geometry-fixedcompute-100k-lejepa-seginit-50ksteps,50000,backbone,g2,8192,lejepa,seg_init,725,5.139982223510742,,,,,,lejepa,,100k,within,False
medial_canthus,7.003089427947997,6.107551097869872,4.060190677642821,11.746734619140625,followup_50k_landmark_probe,cfd_within,geometry-fixedcompute-100k-lejepa-seginit-50ksteps,50000,backbone,g2,8192,lejepa,seg_init,725,5.139982223510742,,,,,,lejepa,,100k,within,False
sclera_inferior,5.5865139961242685,5.212837219238281,2.961054801940918,9.205633163452148,followup_50k_landmark_probe,cfd_within,geometry-fixedcompute-100k-lejepa-seginit-50ksteps,50000,backbone,g2,8192,lejepa,seg_init,725,5.139982223510742,,,,,,lejepa,,100k,within,False
sclera_superior,4.734376430511475,4.19147253036499,2.796665906906128,8.133721351623535,followup_50k_landmark_probe,cfd_within,geometry-fixedcompute-100k-lejepa-seginit-50ksteps,50000,backbone,g2,8192,lejepa,seg_init,725,5.139982223510742,,,,,,lejepa,,100k,within,False
iris_centroid,4.091495990753174,3.754498958587648,2.2909419536590576,7.153054714202881,followup_50k_landmark_probe,cfd_within,geometry-fixedcompute-1m-lejepa-seginit-50ksteps,50000,backbone,g2,8192,lejepa,seg_init,736,4.8324360847473145,,,,,,lejepa,,1m,within,False
iris_inferior,4.634296894073486,4.167050361633302,2.63762640953064,8.139156341552733,followup_50k_landmark_probe,cfd_within,geometry-fixedcompute-1m-lejepa-seginit-50ksteps,50000,backbone,g2,8192,lejepa,seg_init,736,4.8324360847473145,,,,,,lejepa,,1m,within,False
iris_superior,4.267571926116943,4.0284833908081055,2.2950575351715092,7.5482635498046875,followup_50k_landmark_probe,cfd_within,geometry-fixedcompute-1m-lejepa-seginit-50ksteps,50000,backbone,g2,8192,lejepa,seg_init,736,4.8324360847473145,,,,,,lejepa,,1m,within,False
lateral_canthus,6.0542426109313965,5.5114593505859375,3.1922309398651123,10.059773445129396,followup_50k_landmark_probe,cfd_within,geometry-fixedcompute-1m-lejepa-seginit-50ksteps,50000,backbone,g2,8192,lejepa,seg_init,736,4.8324360847473145,,,,,,lejepa,,1m,within,False
lid_inferior,4.324064254760741,4.186960220336913,2.167543649673462,6.905776023864746,followup_50k_landmark_probe,cfd_within,geometry-fixedcompute-1m-lejepa-seginit-50ksteps,50000,backbone,g2,8192,lejepa,seg_init,736,4.8324360847473145,,,,,,lejepa,,1m,within,False
lid_superior,6.3587403297424325,5.4542236328125,4.243027210235597,11.608261108398438,followup_50k_landmark_probe,cfd_within,geometry-fixedcompute-1m-lejepa-seginit-50ksteps,50000,backbone,g2,8192,lejepa,seg_init,736,4.8324360847473145,,,,,,lejepa,,1m,within,False
medial_canthus,6.868146896362305,5.760937690734862,4.1191391944885245,12.060606002807615,followup_50k_landmark_probe,cfd_within,geometry-fixedcompute-1m-lejepa-seginit-50ksteps,50000,backbone,g2,8192,lejepa,seg_init,736,4.8324360847473145,,,,,,lejepa,,1m,within,False
sclera_inferior,5.296141147613525,4.517630100250244,3.3362860679626465,9.707114219665527,followup_50k_landmark_probe,cfd_within,geometry-fixedcompute-1m-lejepa-seginit-50ksteps,50000,backbone,g2,8192,lejepa,seg_init,736,4.8324360847473145,,,,,,lejepa,,1m,within,False
sclera_superior,4.301536083221436,4.147918701171875,2.1706006526947017,6.873692512512207,followup_50k_landmark_probe,cfd_within,geometry-fixedcompute-1m-lejepa-seginit-50ksteps,50000,backbone,g2,8192,lejepa,seg_init,736,4.8324360847473145,,,,,,lejepa,,1m,within,False
iris_centroid,7.284829139709473,6.65570878982544,4.4824485778808585,13.441427230834961,followup_50k_landmark_probe,cfd_within,geometry-fixedcompute-10k-vicreg-seginit-50ksteps,50000,backbone,g2,8192,vicreg,seg_init,996,8.221552848815918,,,,,,vicreg,,10k,within,False
iris_inferior,8.218173027038574,7.133749485015869,4.999566555023193,15.2484769821167,followup_50k_landmark_probe,cfd_within,geometry-fixedcompute-10k-vicreg-seginit-50ksteps,50000,backbone,g2,8192,vicreg,seg_init,996,8.221552848815918,,,,,,vicreg,,10k,within,False
iris_superior,6.909455299377441,5.899709701538086,4.202645778656007,12.3807954788208,followup_50k_landmark_probe,cfd_within,geometry-fixedcompute-10k-vicreg-seginit-50ksteps,50000,backbone,g2,8192,vicreg,seg_init,996,8.221552848815918,,,,,,vicreg,,10k,within,False
lateral_canthus,9.036598205566406,8.01103687286377,5.310037136077881,17.333036422729492,followup_50k_landmark_probe,cfd_within,geometry-fixedcompute-10k-vicreg-seginit-50ksteps,50000,backbone,g2,8192,vicreg,seg_init,996,8.221552848815918,,,,,,vicreg,,10k,within,False
lid_inferior,7.289222240447997,6.836060047149657,4.6023783683776855,13.815924644470215,followup_50k_landmark_probe,cfd_within,geometry-fixedcompute-10k-vicreg-seginit-50ksteps,50000,backbone,g2,8192,vicreg,seg_init,996,8.221552848815918,,,,,,vicreg,,10k,within,False
lid_superior,8.951949119567871,7.143778800964356,5.675222396850586,16.390573501586914,followup_50k_landmark_probe,cfd_within,geometry-fixedcompute-10k-vicreg-seginit-50ksteps,50000,backbone,g2,8192,vicreg,seg_init,996,8.221552848815918,,,,,,vicreg,,10k,within,False
medial_canthus,11.530743598937988,9.786754608154297,7.426755428314209,21.317779541015625,followup_50k_landmark_probe,cfd_within,geometry-fixedcompute-10k-vicreg-seginit-50ksteps,50000,backbone,g2,8192,vicreg,seg_init,996,8.221552848815918,,,,,,vicreg,,10k,within,False
sclera_inferior,8.230517387390138,7.472507953643799,5.1244025230407715,15.607187271118164,followup_50k_landmark_probe,cfd_within,geometry-fixedcompute-10k-vicreg-seginit-50ksteps,50000,backbone,g2,8192,vicreg,seg_init,996,8.221552848815918,,,,,,vicreg,,10k,within,False
sclera_superior,7.294435977935791,6.575315475463867,4.622295379638672,13.804832458496096,followup_50k_landmark_probe,cfd_within,geometry-fixedcompute-10k-vicreg-seginit-50ksteps,50000,backbone,g2,8192,vicreg,seg_init,996,8.221552848815918,,,,,,vicreg,,10k,within,False
iris_centroid,4.709761142730713,4.405791759490967,2.7757599353790283,7.8984313011169425,followup_50k_landmark_probe,cfd_within,geometry-fixedcompute-100k-vicreg-seginit-50ksteps,50000,backbone,g2,8192,vicreg,seg_init,1000,5.503504276275635,,,,,,vicreg,,100k,within,False
iris_inferior,5.2748188972473145,4.856025695800781,2.8777377605438232,8.831843376159668,followup_50k_landmark_probe,cfd_within,geometry-fixedcompute-100k-vicreg-seginit-50ksteps,50000,backbone,g2,8192,vicreg,seg_init,1000,5.503504276275635,,,,,,vicreg,,100k,within,False
iris_superior,4.784927845001222,4.62587833404541,2.88368558883667,7.859269618988037,followup_50k_landmark_probe,cfd_within,geometry-fixedcompute-100k-vicreg-seginit-50ksteps,50000,backbone,g2,8192,vicreg,seg_init,1000,5.503504276275635,,,,,,vicreg,,100k,within,False
lateral_canthus,6.231921195983888,5.427767753601074,3.6573638916015625,10.737065315246582,followup_50k_landmark_probe,cfd_within,geometry-fixedcompute-100k-vicreg-seginit-50ksteps,50000,backbone,g2,8192,vicreg,seg_init,1000,5.503504276275635,,,,,,vicreg,,100k,within,False
lid_inferior,4.630616664886475,4.26387882232666,3.0841758251190186,7.4941229820251465,followup_50k_landmark_probe,cfd_within,geometry-fixedcompute-100k-vicreg-seginit-50ksteps,50000,backbone,g2,8192,vicreg,seg_init,1000,5.503504276275635,,,,,,vicreg,,100k,within,False
lid_superior,6.966799736022949,5.602092742919922,4.841432571411133,13.975899696350098,followup_50k_landmark_probe,cfd_within,geometry-fixedcompute-100k-vicreg-seginit-50ksteps,50000,backbone,g2,8192,vicreg,seg_init,1000,5.503504276275635,,,,,,vicreg,,100k,within,False
medial_canthus,6.911200523376465,6.178774356842041,4.088247299194337,11.566798210144045,followup_50k_landmark_probe,cfd_within,geometry-fixedcompute-100k-vicreg-seginit-50ksteps,50000,backbone,g2,8192,vicreg,seg_init,1000,5.503504276275635,,,,,,vicreg,,100k,within,False
sclera_inferior,5.4681549072265625,4.9175519943237305,3.4668731689453125,10.027796745300293,followup_50k_landmark_probe,cfd_within,geometry-fixedcompute-100k-vicreg-seginit-50ksteps,50000,backbone,g2,8192,vicreg,seg_init,1000,5.503504276275635,,,,,,vicreg,,100k,within,False
sclera_superior,4.628764152526856,4.256202220916748,3.0872194766998287,7.433690071105957,followup_50k_landmark_probe,cfd_within,geometry-fixedcompute-100k-vicreg-seginit-50ksteps,50000,backbone,g2,8192,vicreg,seg_init,1000,5.503504276275635,,,,,,vicreg,,100k,within,False
iris_centroid,4.4253644943237305,3.9011361598968506,2.6334002017974854,7.832872867584228,followup_50k_landmark_probe,cfd_within,geometry-fixedcompute-1m-vicreg-seginit-50ksteps,50000,backbone,g2,8192,vicreg,seg_init,774,5.09056282043457,,,,,,vicreg,,1m,within,False
iris_inferior,4.896183490753174,4.094040870666504,2.998347759246826,8.997669219970703,followup_50k_landmark_probe,cfd_within,geometry-fixedcompute-1m-vicreg-seginit-50ksteps,50000,backbone,g2,8192,vicreg,seg_init,774,5.09056282043457,,,,,,vicreg,,1m,within,False
iris_superior,4.5563693046569815,4.143016815185547,2.549753427505493,7.448648452758789,followup_50k_landmark_probe,cfd_within,geometry-fixedcompute-1m-vicreg-seginit-50ksteps,50000,backbone,g2,8192,vicreg,seg_init,774,5.09056282043457,,,,,,vicreg,,1m,within,False
lateral_canthus,6.130734443664551,5.272414207458496,3.64615249633789,10.329221725463867,followup_50k_landmark_probe,cfd_within,geometry-fixedcompute-1m-vicreg-seginit-50ksteps,50000,backbone,g2,8192,vicreg,seg_init,774,5.09056282043457,,,,,,vicreg,,1m,within,False
lid_inferior,4.26043176651001,3.826645851135254,2.6291487216949463,7.533629417419434,followup_50k_landmark_probe,cfd_within,geometry-fixedcompute-1m-vicreg-seginit-50ksteps,50000,backbone,g2,8192,vicreg,seg_init,774,5.09056282043457,,,,,,vicreg,,1m,within,False
lid_superior,6.5493621826171875,5.777276039123535,4.100733280181885,11.618277549743652,followup_50k_landmark_probe,cfd_within,geometry-fixedcompute-1m-vicreg-seginit-50ksteps,50000,backbone,g2,8192,vicreg,seg_init,774,5.09056282043457,,,,,,vicreg,,1m,within,False
medial_canthus,6.862343788146973,6.495917320251465,4.01132869720459,12.205527305603027,followup_50k_landmark_probe,cfd_within,geometry-fixedcompute-1m-vicreg-seginit-50ksteps,50000,backbone,g2,8192,vicreg,seg_init,774,5.09056282043457,,,,,,vicreg,,1m,within,False
sclera_inferior,5.357301235198975,4.718119144439697,3.2729287147521973,9.413883209228516,followup_50k_landmark_probe,cfd_within,geometry-fixedcompute-1m-vicreg-seginit-50ksteps,50000,backbone,g2,8192,vicreg,seg_init,774,5.09056282043457,,,,,,vicreg,,1m,within,False
sclera_superior,4.263805866241455,3.840982675552368,2.6058480739593506,7.485645294189452,followup_50k_landmark_probe,cfd_within,geometry-fixedcompute-1m-vicreg-seginit-50ksteps,50000,backbone,g2,8192,vicreg,seg_init,774,5.09056282043457,,,,,,vicreg,,1m,within,False
iris_centroid,4.958639144897461,4.311483860015868,3.135364532470703,9.06085205078125,followup_50k_landmark_probe,cfd_within,baseline-random,0,backbone,g4,32768,baseline,random,327,8.979241371154785,,,,,,baseline,random,baseline,within,True
iris_inferior,5.285132884979248,4.578976631164551,3.1563174724578857,9.06615161895752,followup_50k_landmark_probe,cfd_within,baseline-random,0,backbone,g4,32768,baseline,random,327,8.979241371154785,,,,,,baseline,random,baseline,within,True
iris_superior,5.162981986999512,4.602948188781738,3.2394733428955083,9.62074089050293,followup_50k_landmark_probe,cfd_within,baseline-random,0,backbone,g4,32768,baseline,random,327,8.979241371154785,,,,,,baseline,random,baseline,within,True
lateral_canthus,20.93427276611328,15.04694366455078,18.135128021240234,45.51425552368164,followup_50k_landmark_probe,cfd_within,baseline-random,0,backbone,g4,32768,baseline,random,327,8.979241371154785,,,,,,baseline,random,baseline,within,True
lid_inferior,5.199221134185791,4.770956039428711,2.9920074939727783,8.991911888122559,followup_50k_landmark_probe,cfd_within,baseline-random,0,backbone,g4,32768,baseline,random,327,8.979241371154785,,,,,,baseline,random,baseline,within,True
lid_superior,7.590843677520753,6.483452796936035,4.583993434906006,14.057361602783205,followup_50k_landmark_probe,cfd_within,baseline-random,0,backbone,g4,32768,baseline,random,327,8.979241371154785,,,,,,baseline,random,baseline,within,True
medial_canthus,24.04041862487793,14.396526336669922,22.77462959289551,55.042198181152344,followup_50k_landmark_probe,cfd_within,baseline-random,0,backbone,g4,32768,baseline,random,327,8.979241371154785,,,,,,baseline,random,baseline,within,True
sclera_inferior,5.579806327819824,4.709559440612793,3.8150947093963614,9.818105697631836,followup_50k_landmark_probe,cfd_within,baseline-random,0,backbone,g4,32768,baseline,random,327,8.979241371154785,,,,,,baseline,random,baseline,within,True
sclera_superior,5.221902847290039,4.7970805168151855,2.982671022415161,9.210217475891113,followup_50k_landmark_probe,cfd_within,baseline-random,0,backbone,g4,32768,baseline,random,327,8.979241371154785,,,,,,baseline,random,baseline,within,True
iris_centroid,4.965723991394043,4.543767929077148,2.6459178924560547,9.083366394042967,followup_50k_landmark_probe,cfd_within,geometry-fixedcompute-10k-infonce-random-50ksteps,50000,backbone,g4,32768,infonce,random,347,4.309503078460693,,,,,,infonce,random,10k,within,True
iris_inferior,5.558974266052246,5.165420055389403,2.95759654045105,10.304418563842773,followup_50k_landmark_probe,cfd_within,geometry-fixedcompute-10k-infonce-random-50ksteps,50000,backbone,g4,32768,infonce,random,347,4.309503078460693,,,,,,infonce,random,10k,within,True
iris_superior,4.914582252502441,4.6353797912597665,2.814913988113404,8.693199157714844,followup_50k_landmark_probe,cfd_within,geometry-fixedcompute-10k-infonce-random-50ksteps,50000,backbone,g4,32768,infonce,random,347,4.309503078460693,,,,,,infonce,random,10k,within,True
lateral_canthus,6.553225517272949,5.631203651428223,3.9405133724212646,11.572158813476562,followup_50k_landmark_probe,cfd_within,geometry-fixedcompute-10k-infonce-random-50ksteps,50000,backbone,g4,32768,infonce,random,347,4.309503078460693,,,,,,infonce,random,10k,within,True
lid_inferior,4.8380465507507315,4.342268943786621,2.7760133743286133,9.461803436279297,followup_50k_landmark_probe,cfd_within,geometry-fixedcompute-10k-infonce-random-50ksteps,50000,backbone,g4,32768,infonce,random,347,4.309503078460693,,,,,,infonce,random,10k,within,True
lid_superior,5.049233436584473,4.244916915893556,3.1730251312255864,9.645574569702148,followup_50k_landmark_probe,cfd_within,geometry-fixedcompute-10k-infonce-random-50ksteps,50000,backbone,g4,32768,infonce,random,347,4.309503078460693,,,,,,infonce,random,10k,within,True
medial_canthus,6.295788288116455,5.688220024108888,3.47354507446289,11.217848777770996,followup_50k_landmark_probe,cfd_within,geometry-fixedcompute-10k-infonce-random-50ksteps,50000,backbone,g4,32768,infonce,random,347,4.309503078460693,,,,,,infonce,random,10k,within,True
sclera_inferior,5.725222110748291,4.901681900024414,3.5621984004974365,10.98714828491211,followup_50k_landmark_probe,cfd_within,geometry-fixedcompute-10k-infonce-random-50ksteps,50000,backbone,g4,32768,infonce,random,347,4.309503078460693,,,,,,infonce,random,10k,within,True
sclera_superior,4.790350914001465,4.433485507965088,2.753222942352295,9.406813621520996,followup_50k_landmark_probe,cfd_within,geometry-fixedcompute-10k-infonce-random-50ksteps,50000,backbone,g4,32768,infonce,random,347,4.309503078460693,,,,,,infonce,random,10k,within,True
iris_centroid,3.3559110164642334,2.7814078330993652,2.0701699256896973,6.409614086151122,followup_50k_landmark_probe,cfd_within,geometry-fixedcompute-100k-infonce-random-50ksteps,50000,backbone,g4,32768,infonce,random,197,3.83331036567688,,,,,,infonce,random,100k,within,True
iris_inferior,3.9974782466888414,3.5704150199890137,2.324406623840332,7.620704650878906,followup_50k_landmark_probe,cfd_within,geometry-fixedcompute-100k-infonce-random-50ksteps,50000,backbone,g4,32768,infonce,random,197,3.83331036567688,,,,,,infonce,random,100k,within,True
iris_superior,3.4481332302093506,2.9107351303100586,2.104214191436768,6.412617206573486,followup_50k_landmark_probe,cfd_within,geometry-fixedcompute-100k-infonce-random-50ksteps,50000,backbone,g4,32768,infonce,random,197,3.83331036567688,,,,,,infonce,random,100k,within,True
lateral_canthus,5.059244155883789,4.605368614196777,3.0240070819854736,8.716339111328125,followup_50k_landmark_probe,cfd_within,geometry-fixedcompute-100k-infonce-random-50ksteps,50000,backbone,g4,32768,infonce,random,197,3.83331036567688,,,,,,infonce,random,100k,within,True
lid_inferior,3.1463222503662114,2.728090763092041,1.8021742105484009,5.482168197631836,followup_50k_landmark_probe,cfd_within,geometry-fixedcompute-100k-infonce-random-50ksteps,50000,backbone,g4,32768,infonce,random,197,3.83331036567688,,,,,,infonce,random,100k,within,True
lid_superior,3.7169001102447514,3.1936626434326167,2.4455268383026123,7.1239094734191895,followup_50k_landmark_probe,cfd_within,geometry-fixedcompute-100k-infonce-random-50ksteps,50000,backbone,g4,32768,infonce,random,197,3.83331036567688,,,,,,infonce,random,100k,within,True
medial_canthus,6.3717780113220215,5.8383216857910165,3.293135643005371,10.654851913452148,followup_50k_landmark_probe,cfd_within,geometry-fixedcompute-100k-infonce-random-50ksteps,50000,backbone,g4,32768,infonce,random,197,3.83331036567688,,,,,,infonce,random,100k,within,True
sclera_inferior,3.9716472625732417,3.431995391845703,2.428653717041016,7.115340709686278,followup_50k_landmark_probe,cfd_within,geometry-fixedcompute-100k-infonce-random-50ksteps,50000,backbone,g4,32768,infonce,random,197,3.83331036567688,,,,,,infonce,random,100k,within,True
sclera_superior,3.1622562408447266,2.7412266731262207,1.8568174839019769,5.509100914001465,followup_50k_landmark_probe,cfd_within,geometry-fixedcompute-100k-infonce-random-50ksteps,50000,backbone,g4,32768,infonce,random,197,3.83331036567688,,,,,,infonce,random,100k,within,True
iris_centroid,4.719933032989502,4.309043884277344,2.454259157180786,7.875925064086914,followup_50k_landmark_probe,cfd_within,geometry-fixedcompute-1m-infonce-random-50ksteps,50000,backbone,g4,32768,infonce,random,180,4.044797420501709,,,,,,infonce,random,1m,within,True
iris_inferior,4.925142765045166,4.558867454528809,2.7944445610046387,8.742127418518066,followup_50k_landmark_probe,cfd_within,geometry-fixedcompute-1m-infonce-random-50ksteps,50000,backbone,g4,32768,infonce,random,180,4.044797420501709,,,,,,infonce,random,1m,within,True
iris_superior,4.62672233581543,4.266290187835693,2.3364474773406982,7.886493682861327,followup_50k_landmark_probe,cfd_within,geometry-fixedcompute-1m-infonce-random-50ksteps,50000,backbone,g4,32768,infonce,random,180,4.044797420501709,,,,,,infonce,random,1m,within,True
lateral_canthus,5.929047584533691,5.676756858825684,3.3458878993988037,9.852461814880373,followup_50k_landmark_probe,cfd_within,geometry-fixedcompute-1m-infonce-random-50ksteps,50000,backbone,g4,32768,infonce,random,180,4.044797420501709,,,,,,infonce,random,1m,within,True
lid_inferior,4.51446008682251,4.202808380126953,2.516474723815918,7.38936710357666,followup_50k_landmark_probe,cfd_within,geometry-fixedcompute-1m-infonce-random-50ksteps,50000,backbone,g4,32768,infonce,random,180,4.044797420501709,,,,,,infonce,random,1m,within,True
lid_superior,4.827675342559815,4.356783866882323,2.7468852996826167,8.367712020874022,followup_50k_landmark_probe,cfd_within,geometry-fixedcompute-1m-infonce-random-50ksteps,50000,backbone,g4,32768,infonce,random,180,4.044797420501709,,,,,,infonce,random,1m,within,True
medial_canthus,5.497725963592528,4.887059688568115,3.2524092197418213,10.501367568969727,followup_50k_landmark_probe,cfd_within,geometry-fixedcompute-1m-infonce-random-50ksteps,50000,backbone,g4,32768,infonce,random,180,4.044797420501709,,,,,,infonce,random,1m,within,True
sclera_inferior,5.179055213928223,4.688821315765381,2.71878719329834,9.08375644683838,followup_50k_landmark_probe,cfd_within,geometry-fixedcompute-1m-infonce-random-50ksteps,50000,backbone,g4,32768,infonce,random,180,4.044797420501709,,,,,,infonce,random,1m,within,True
sclera_superior,4.357447624206543,4.0899438858032235,2.5121617317199707,7.138792991638184,followup_50k_landmark_probe,cfd_within,geometry-fixedcompute-1m-infonce-random-50ksteps,50000,backbone,g4,32768,infonce,random,180,4.044797420501709,,,,,,infonce,random,1m,within,True
iris_centroid,3.3229105472564697,2.9591541290283203,2.0507354736328125,5.780965805053711,followup_50k_landmark_probe,cfd_within,geometry-fixedcompute-10k-lejepa-random-50ksteps,50000,backbone,g4,32768,lejepa,random,424,4.060436248779297,,,,,,lejepa,random,10k,within,True
iris_inferior,3.840358018875122,3.3372111320495605,2.378798246383667,7.025136947631836,followup_50k_landmark_probe,cfd_within,geometry-fixedcompute-10k-lejepa-random-50ksteps,50000,backbone,g4,32768,lejepa,random,424,4.060436248779297,,,,,,lejepa,random,10k,within,True
iris_superior,3.669220447540283,3.07943058013916,2.076504230499268,6.4262237548828125,followup_50k_landmark_probe,cfd_within,geometry-fixedcompute-10k-lejepa-random-50ksteps,50000,backbone,g4,32768,lejepa,random,424,4.060436248779297,,,,,,lejepa,random,10k,within,True
lateral_canthus,5.021393775939941,4.1263065338134775,3.203996419906616,9.169825553894043,followup_50k_landmark_probe,cfd_within,geometry-fixedcompute-10k-lejepa-random-50ksteps,50000,backbone,g4,32768,lejepa,random,424,4.060436248779297,,,,,,lejepa,random,10k,within,True
lid_inferior,3.6873629093170166,3.3829195499420166,2.0569047927856445,6.2416138648986825,followup_50k_landmark_probe,cfd_within,geometry-fixedcompute-10k-lejepa-random-50ksteps,50000,backbone,g4,32768,lejepa,random,424,4.060436248779297,,,,,,lejepa,random,10k,within,True
lid_superior,4.594504833221436,3.846605062484741,3.1808221340179443,9.14913272857666,followup_50k_landmark_probe,cfd_within,geometry-fixedcompute-10k-lejepa-random-50ksteps,50000,backbone,g4,32768,lejepa,random,424,4.060436248779297,,,,,,lejepa,random,10k,within,True
medial_canthus,5.666750431060791,5.0253944396972665,3.142641544342041,9.605955123901367,followup_50k_landmark_probe,cfd_within,geometry-fixedcompute-10k-lejepa-random-50ksteps,50000,backbone,g4,32768,lejepa,random,424,4.060436248779297,,,,,,lejepa,random,10k,within,True
sclera_inferior,3.965416431427002,3.297840118408203,2.687213659286499,7.443497180938722,followup_50k_landmark_probe,cfd_within,geometry-fixedcompute-10k-lejepa-random-50ksteps,50000,backbone,g4,32768,lejepa,random,424,4.060436248779297,,,,,,lejepa,random,10k,within,True
sclera_superior,3.6806139945983887,3.3572025299072266,2.0862078666687007,6.456737995147705,followup_50k_landmark_probe,cfd_within,geometry-fixedcompute-10k-lejepa-random-50ksteps,50000,backbone,g4,32768,lejepa,random,424,4.060436248779297,,,,,,lejepa,random,10k,within,True
iris_centroid,3.2932052612304688,2.932258129119873,1.9470809698104856,5.915194988250732,followup_50k_landmark_probe,cfd_within,geometry-fixedcompute-100k-lejepa-random-50ksteps,50000,backbone,g4,32768,lejepa,random,450,3.948544025421143,,,,,,lejepa,random,100k,within,True
iris_inferior,3.913904190063477,3.362553358078003,2.227125883102417,7.010712623596191,followup_50k_landmark_probe,cfd_within,geometry-fixedcompute-100k-lejepa-random-50ksteps,50000,backbone,g4,32768,lejepa,random,450,3.948544025421143,,,,,,lejepa,random,100k,within,True
iris_superior,3.675774574279785,3.3778152465820312,1.9817821979522705,6.432171821594237,followup_50k_landmark_probe,cfd_within,geometry-fixedcompute-100k-lejepa-random-50ksteps,50000,backbone,g4,32768,lejepa,random,450,3.948544025421143,,,,,,lejepa,random,100k,within,True
lateral_canthus,4.850858211517334,4.354917526245116,2.8817865848541264,8.262682914733888,followup_50k_landmark_probe,cfd_within,geometry-fixedcompute-100k-lejepa-random-50ksteps,50000,backbone,g4,32768,lejepa,random,450,3.948544025421143,,,,,,lejepa,random,100k,within,True
lid_inferior,3.5370998382568364,3.1839699745178223,2.0232281684875493,6.3070106506347665,followup_50k_landmark_probe,cfd_within,geometry-fixedcompute-100k-lejepa-random-50ksteps,50000,backbone,g4,32768,lejepa,random,450,3.948544025421143,,,,,,lejepa,random,100k,within,True
lid_superior,3.732452392578125,2.891243934631348,2.962071418762207,7.481523513793945,followup_50k_landmark_probe,cfd_within,geometry-fixedcompute-100k-lejepa-random-50ksteps,50000,backbone,g4,32768,lejepa,random,450,3.948544025421143,,,,,,lejepa,random,100k,within,True
medial_canthus,5.887058734893799,5.435189723968506,3.2431235313415527,9.93130588531494,followup_50k_landmark_probe,cfd_within,geometry-fixedcompute-100k-lejepa-random-50ksteps,50000,backbone,g4,32768,lejepa,random,450,3.948544025421143,,,,,,lejepa,random,100k,within,True
sclera_inferior,4.007009983062743,3.3934552669525133,2.4583663940429688,7.451668739318848,followup_50k_landmark_probe,cfd_within,geometry-fixedcompute-100k-lejepa-random-50ksteps,50000,backbone,g4,32768,lejepa,random,450,3.948544025421143,,,,,,lejepa,random,100k,within,True
sclera_superior,3.53328800201416,3.2003636360168457,2.017127513885498,6.268330097198486,followup_50k_landmark_probe,cfd_within,geometry-fixedcompute-100k-lejepa-random-50ksteps,50000,backbone,g4,32768,lejepa,random,450,3.948544025421143,,,,,,lejepa,random,100k,within,True
iris_centroid,3.5412387847900386,3.115631103515625,2.070841312408448,6.515037059783936,followup_50k_landmark_probe,cfd_within,geometry-fixedcompute-1m-lejepa-random-50ksteps,50000,backbone,g4,32768,lejepa,random,347,4.1169538497924805,,,,,,lejepa,random,1m,within,True
iris_inferior,4.087688446044922,3.7297055721282963,2.3694472312927246,7.158268451690674,followup_50k_landmark_probe,cfd_within,geometry-fixedcompute-1m-lejepa-random-50ksteps,50000,backbone,g4,32768,lejepa,random,347,4.1169538497924805,,,,,,lejepa,random,1m,within,True
iris_superior,3.749205350875856,3.3399696350097656,2.2410359382629395,6.72074031829834,followup_50k_landmark_probe,cfd_within,geometry-fixedcompute-1m-lejepa-random-50ksteps,50000,backbone,g4,32768,lejepa,random,347,4.1169538497924805,,,,,,lejepa,random,1m,within,True
lateral_canthus,5.267854690551758,4.873666763305664,2.9599287509918213,8.892129898071289,followup_50k_landmark_probe,cfd_within,geometry-fixedcompute-1m-lejepa-random-50ksteps,50000,backbone,g4,32768,lejepa,random,347,4.1169538497924805,,,,,,lejepa,random,1m,within,True
lid_inferior,3.5736122131347656,3.410874366760254,2.005495309829712,6.066361904144287,followup_50k_landmark_probe,cfd_within,geometry-fixedcompute-1m-lejepa-random-50ksteps,50000,backbone,g4,32768,lejepa,random,347,4.1169538497924805,,,,,,lejepa,random,1m,within,True
lid_superior,3.889188051223755,3.2152562141418457,2.711327075958252,7.382246494293213,followup_50k_landmark_probe,cfd_within,geometry-fixedcompute-1m-lejepa-random-50ksteps,50000,backbone,g4,32768,lejepa,random,347,4.1169538497924805,,,,,,lejepa,random,1m,within,True
medial_canthus,5.7995853424072275,5.060561180114746,3.4306788444519043,10.19262409210205,followup_50k_landmark_probe,cfd_within,geometry-fixedcompute-1m-lejepa-random-50ksteps,50000,backbone,g4,32768,lejepa,random,347,4.1169538497924805,,,,,,lejepa,random,1m,within,True
sclera_inferior,4.274594306945802,3.7297229766845694,2.8014357089996342,7.638428211212157,followup_50k_landmark_probe,cfd_within,geometry-fixedcompute-1m-lejepa-random-50ksteps,50000,backbone,g4,32768,lejepa,random,347,4.1169538497924805,,,,,,lejepa,random,1m,within,True
sclera_superior,3.6138858795166016,3.3723621368408203,1.964635848999024,6.225087642669678,followup_50k_landmark_probe,cfd_within,geometry-fixedcompute-1m-lejepa-random-50ksteps,50000,backbone,g4,32768,lejepa,random,347,4.1169538497924805,,,,,,lejepa,random,1m,within,True
iris_centroid,4.345820903778076,3.897873640060425,2.3324735164642334,7.326987266540527,followup_50k_landmark_probe,cfd_within,geometry-fixedcompute-10k-vicreg-random-50ksteps,50000,backbone,g4,32768,vicreg,random,263,4.070761203765868,,,,,,vicreg,random,10k,within,True
iris_inferior,4.84214973449707,4.6880836486816415,2.6567611694335938,8.001388549804688,followup_50k_landmark_probe,cfd_within,geometry-fixedcompute-10k-vicreg-random-50ksteps,50000,backbone,g4,32768,vicreg,random,263,4.070761203765868,,,,,,vicreg,random,10k,within,True
iris_superior,4.460516929626465,4.046234130859375,2.508630752563477,7.7673096656799325,followup_50k_landmark_probe,cfd_within,geometry-fixedcompute-10k-vicreg-random-50ksteps,50000,backbone,g4,32768,vicreg,random,263,4.070761203765868,,,,,,vicreg,random,10k,within,True
lateral_canthus,6.282693862915039,5.901997089385986,3.5007433891296387,11.118426322937012,followup_50k_landmark_probe,cfd_within,geometry-fixedcompute-10k-vicreg-random-50ksteps,50000,backbone,g4,32768,vicreg,random,263,4.070761203765868,,,,,,vicreg,random,10k,within,True
lid_inferior,4.496814250946045,4.147352218627931,2.2301125526428223,7.115013122558594,followup_50k_landmark_probe,cfd_within,geometry-fixedcompute-10k-vicreg-random-50ksteps,50000,backbone,g4,32768,vicreg,random,263,4.070761203765868,,,,,,vicreg,random,10k,within,True
lid_superior,4.7600178718566895,4.420465469360352,3.11832332611084,8.756048202514647,followup_50k_landmark_probe,cfd_within,geometry-fixedcompute-10k-vicreg-random-50ksteps,50000,backbone,g4,32768,vicreg,random,263,4.070761203765868,,,,,,vicreg,random,10k,within,True
medial_canthus,5.586760997772217,5.264928817749023,3.0348889827728267,9.650927543640137,followup_50k_landmark_probe,cfd_within,geometry-fixedcompute-10k-vicreg-random-50ksteps,50000,backbone,g4,32768,vicreg,random,263,4.070761203765868,,,,,,vicreg,random,10k,within,True
sclera_inferior,4.956728935241699,4.3930139541625985,2.89353346824646,9.09024143218994,followup_50k_landmark_probe,cfd_within,geometry-fixedcompute-10k-vicreg-random-50ksteps,50000,backbone,g4,32768,vicreg,random,263,4.070761203765868,,,,,,vicreg,random,10k,within,True
sclera_superior,4.496908187866211,4.31522798538208,2.2325356006622314,7.061031818389893,followup_50k_landmark_probe,cfd_within,geometry-fixedcompute-10k-vicreg-random-50ksteps,50000,backbone,g4,32768,vicreg,random,263,4.070761203765868,,,,,,vicreg,random,10k,within,True
iris_centroid,3.3127050399780287,3.0270981788635254,1.9421424865722656,5.848578453063965,followup_50k_landmark_probe,cfd_within,geometry-fixedcompute-100k-vicreg-random-50ksteps,50000,backbone,g4,32768,vicreg,random,294,3.7638401985168457,,,,,,vicreg,random,100k,within,True
iris_inferior,3.9818434715271,3.675426959991455,2.239299774169922,6.811764240264893,followup_50k_landmark_probe,cfd_within,geometry-fixedcompute-100k-vicreg-random-50ksteps,50000,backbone,g4,32768,vicreg,random,294,3.7638401985168457,,,,,,vicreg,random,100k,within,True
iris_superior,3.504209280014038,3.024145126342773,2.0088491439819336,6.24765157699585,followup_50k_landmark_probe,cfd_within,geometry-fixedcompute-100k-vicreg-random-50ksteps,50000,backbone,g4,32768,vicreg,random,294,3.7638401985168457,,,,,,vicreg,random,100k,within,True
lateral_canthus,4.813153266906738,4.193270683288573,2.8814885616302486,8.666126251220701,followup_50k_landmark_probe,cfd_within,geometry-fixedcompute-100k-vicreg-random-50ksteps,50000,backbone,g4,32768,vicreg,random,294,3.7638401985168457,,,,,,vicreg,random,100k,within,True
lid_inferior,3.4210739135742188,3.1545407772064213,2.057687997817993,5.837838649749756,followup_50k_landmark_probe,cfd_within,geometry-fixedcompute-100k-vicreg-random-50ksteps,50000,backbone,g4,32768,vicreg,random,294,3.7638401985168457,,,,,,vicreg,random,100k,within,True
lid_superior,3.704164743423462,3.075904369354248,2.4566452503204346,7.044912815093994,followup_50k_landmark_probe,cfd_within,geometry-fixedcompute-100k-vicreg-random-50ksteps,50000,backbone,g4,32768,vicreg,random,294,3.7638401985168457,,,,,,vicreg,random,100k,within,True
medial_canthus,5.404271125793457,4.649341583251953,3.05960464477539,9.663778305053713,followup_50k_landmark_probe,cfd_within,geometry-fixedcompute-100k-vicreg-random-50ksteps,50000,backbone,g4,32768,vicreg,random,294,3.7638401985168457,,,,,,vicreg,random,100k,within,True
sclera_inferior,3.9186220169067374,3.435980319976806,2.197152137756348,6.882682800292969,followup_50k_landmark_probe,cfd_within,geometry-fixedcompute-100k-vicreg-random-50ksteps,50000,backbone,g4,32768,vicreg,random,294,3.7638401985168457,,,,,,vicreg,random,100k,within,True
sclera_superior,3.3755111694335938,3.0987212657928467,2.05615758895874,5.7724223136901855,followup_50k_landmark_probe,cfd_within,geometry-fixedcompute-100k-vicreg-random-50ksteps,50000,backbone,g4,32768,vicreg,random,294,3.7638401985168457,,,,,,vicreg,random,100k,within,True
iris_centroid,3.3661882877349854,3.2060482501983643,1.9839179515838623,5.777309894561768,followup_50k_landmark_probe,cfd_within,geometry-fixedcompute-1m-vicreg-random-50ksteps,50000,backbone,g4,32768,vicreg,random,318,3.687822580337525,,,,,,vicreg,random,1m,within,True
iris_inferior,3.833380699157715,3.490351915359497,2.1536381244659424,6.381470680236816,followup_50k_landmark_probe,cfd_within,geometry-fixedcompute-1m-vicreg-random-50ksteps,50000,backbone,g4,32768,vicreg,random,318,3.687822580337525,,,,,,vicreg,random,1m,within,True
iris_superior,3.5824294090271,3.215233325958252,2.0338606834411617,6.1652770042419425,followup_50k_landmark_probe,cfd_within,geometry-fixedcompute-1m-vicreg-random-50ksteps,50000,backbone,g4,32768,vicreg,random,318,3.687822580337525,,,,,,vicreg,random,1m,within,True
lateral_canthus,5.045053482055664,4.339326858520509,2.9728918075561523,8.881861686706543,followup_50k_landmark_probe,cfd_within,geometry-fixedcompute-1m-vicreg-random-50ksteps,50000,backbone,g4,32768,vicreg,random,318,3.687822580337525,,,,,,vicreg,random,1m,within,True
lid_inferior,3.429352283477783,3.140580177307129,2.002687931060791,5.732287883758545,followup_50k_landmark_probe,cfd_within,geometry-fixedcompute-1m-vicreg-random-50ksteps,50000,backbone,g4,32768,vicreg,random,318,3.687822580337525,,,,,,vicreg,random,1m,within,True
lid_superior,3.504032850265503,2.93148136138916,2.519559144973755,6.89976167678833,followup_50k_landmark_probe,cfd_within,geometry-fixedcompute-1m-vicreg-random-50ksteps,50000,backbone,g4,32768,vicreg,random,318,3.687822580337525,,,,,,vicreg,random,1m,within,True
medial_canthus,5.616057872772217,5.303018569946289,3.04741644859314,10.035320281982422,followup_50k_landmark_probe,cfd_within,geometry-fixedcompute-1m-vicreg-random-50ksteps,50000,backbone,g4,32768,vicreg,random,318,3.687822580337525,,,,,,vicreg,random,1m,within,True
sclera_inferior,4.103487968444823,3.4508726596832275,2.487095594406128,7.5678467750549325,followup_50k_landmark_probe,cfd_within,geometry-fixedcompute-1m-vicreg-random-50ksteps,50000,backbone,g4,32768,vicreg,random,318,3.687822580337525,,,,,,vicreg,random,1m,within,True
sclera_superior,3.4178256988525386,3.0985593795776367,2.023702621459961,5.8966312408447275,followup_50k_landmark_probe,cfd_within,geometry-fixedcompute-1m-vicreg-random-50ksteps,50000,backbone,g4,32768,vicreg,random,318,3.687822580337525,,,,,,vicreg,random,1m,within,True
iris_centroid,9.024611473083496,8.163719177246094,5.753288269042969,17.00826072692871,followup_50k_landmark_probe,cfd_within,baseline-imagenet,0,backbone,g4,32768,baseline,imagenet,263,8.924335479736328,,,,,,baseline,imagenet,baseline,within,True
iris_inferior,10.137569427490234,9.166274070739746,6.19869327545166,18.75741195678711,followup_50k_landmark_probe,cfd_within,baseline-imagenet,0,backbone,g4,32768,baseline,imagenet,263,8.924335479736328,,,,,,baseline,imagenet,baseline,within,True
iris_superior,8.428548812866211,7.801246643066406,5.301048278808594,15.82285213470459,followup_50k_landmark_probe,cfd_within,baseline-imagenet,0,backbone,g4,32768,baseline,imagenet,263,8.924335479736328,,,,,,baseline,imagenet,baseline,within,True
lateral_canthus,10.69554042816162,9.925773620605467,6.3468804359436035,18.9932804107666,followup_50k_landmark_probe,cfd_within,baseline-imagenet,0,backbone,g4,32768,baseline,imagenet,263,8.924335479736328,,,,,,baseline,imagenet,baseline,within,True
lid_inferior,8.782015800476074,7.874531745910644,5.621354579925537,15.783312797546387,followup_50k_landmark_probe,cfd_within,baseline-imagenet,0,backbone,g4,32768,baseline,imagenet,263,8.924335479736328,,,,,,baseline,imagenet,baseline,within,True
lid_superior,8.944664001464844,7.819270610809326,5.915953159332275,16.708894729614258,followup_50k_landmark_probe,cfd_within,baseline-imagenet,0,backbone,g4,32768,baseline,imagenet,263,8.924335479736328,,,,,,baseline,imagenet,baseline,within,True
medial_canthus,11.939437866210938,10.408689498901367,7.5613441467285165,21.30404663085937,followup_50k_landmark_probe,cfd_within,baseline-imagenet,0,backbone,g4,32768,baseline,imagenet,263,8.924335479736328,,,,,,baseline,imagenet,baseline,within,True
sclera_inferior,10.17482852935791,9.060745239257812,6.39447546005249,18.12959098815918,followup_50k_landmark_probe,cfd_within,baseline-imagenet,0,backbone,g4,32768,baseline,imagenet,263,8.924335479736328,,,,,,baseline,imagenet,baseline,within,True
sclera_superior,8.820998191833496,7.852020263671875,5.6309261322021475,15.82553768157959,followup_50k_landmark_probe,cfd_within,baseline-imagenet,0,backbone,g4,32768,baseline,imagenet,263,8.924335479736328,,,,,,baseline,imagenet,baseline,within,True
iris_centroid,11.156813621520996,9.433060646057127,7.426148891448975,21.168933868408203,followup_50k_landmark_probe,cfd_within,geometry-fixedcompute-10k-infonce-imagenet-50ksteps,50000,backbone,g4,32768,infonce,imagenet,358,10.43490982055664,,,,,,infonce,imagenet,10k,within,True
iris_inferior,12.291431427001953,10.800373077392578,7.814822673797607,22.80062294006348,followup_50k_landmark_probe,cfd_within,geometry-fixedcompute-10k-infonce-imagenet-50ksteps,50000,backbone,g4,32768,infonce,imagenet,358,10.43490982055664,,,,,,infonce,imagenet,10k,within,True
iris_superior,10.480768203735352,8.357476234436035,7.131932735443115,21.026784896850586,followup_50k_landmark_probe,cfd_within,geometry-fixedcompute-10k-infonce-imagenet-50ksteps,50000,backbone,g4,32768,infonce,imagenet,358,10.43490982055664,,,,,,infonce,imagenet,10k,within,True
lateral_canthus,12.89112377166748,11.265995025634766,9.007614135742188,25.37696647644043,followup_50k_landmark_probe,cfd_within,geometry-fixedcompute-10k-infonce-imagenet-50ksteps,50000,backbone,g4,32768,infonce,imagenet,358,10.43490982055664,,,,,,infonce,imagenet,10k,within,True
lid_inferior,10.966450691223145,9.02994441986084,7.234275817871094,21.48692512512207,followup_50k_landmark_probe,cfd_within,geometry-fixedcompute-10k-infonce-imagenet-50ksteps,50000,backbone,g4,32768,infonce,imagenet,358,10.43490982055664,,,,,,infonce,imagenet,10k,within,True
lid_superior,11.160449028015137,9.852508544921877,6.811126232147218,19.688684463500977,followup_50k_landmark_probe,cfd_within,geometry-fixedcompute-10k-infonce-imagenet-50ksteps,50000,backbone,g4,32768,infonce,imagenet,358,10.43490982055664,,,,,,infonce,imagenet,10k,within,True
medial_canthus,13.513466835021973,12.441118240356445,7.929059982299805,23.680509567260746,followup_50k_landmark_probe,cfd_within,geometry-fixedcompute-10k-infonce-imagenet-50ksteps,50000,backbone,g4,32768,infonce,imagenet,358,10.43490982055664,,,,,,infonce,imagenet,10k,within,True
sclera_inferior,12.140132904052734,10.703916549682617,8.072834968566895,23.88798713684082,followup_50k_landmark_probe,cfd_within,geometry-fixedcompute-10k-infonce-imagenet-50ksteps,50000,backbone,g4,32768,infonce,imagenet,358,10.43490982055664,,,,,,infonce,imagenet,10k,within,True
sclera_superior,10.96494960784912,9.167917251586914,7.25219202041626,21.464698791503906,followup_50k_landmark_probe,cfd_within,geometry-fixedcompute-10k-infonce-imagenet-50ksteps,50000,backbone,g4,32768,infonce,imagenet,358,10.43490982055664,,,,,,infonce,imagenet,10k,within,True
iris_centroid,4.162703990936278,3.840096473693848,2.1859712600708012,7.1914262771606445,followup_50k_landmark_probe,cfd_within,geometry-fixedcompute-100k-infonce-imagenet-50ksteps,50000,backbone,g4,32768,infonce,imagenet,424,4.279738426208496,,,,,,infonce,imagenet,100k,within,True
iris_inferior,4.676798343658447,4.317596435546875,2.5512256622314453,7.916489124298097,followup_50k_landmark_probe,cfd_within,geometry-fixedcompute-100k-infonce-imagenet-50ksteps,50000,backbone,g4,32768,infonce,imagenet,424,4.279738426208496,,,,,,infonce,imagenet,100k,within,True
iris_superior,4.22027587890625,3.981215000152588,2.2100675106048584,7.378352165222168,followup_50k_landmark_probe,cfd_within,geometry-fixedcompute-100k-infonce-imagenet-50ksteps,50000,backbone,g4,32768,infonce,imagenet,424,4.279738426208496,,,,,,infonce,imagenet,100k,within,True
lateral_canthus,5.31680154800415,4.84036922454834,2.918544054031372,8.86002254486084,followup_50k_landmark_probe,cfd_within,geometry-fixedcompute-100k-infonce-imagenet-50ksteps,50000,backbone,g4,32768,infonce,imagenet,424,4.279738426208496,,,,,,infonce,imagenet,100k,within,True
lid_inferior,4.342905521392821,3.970536231994629,2.343989372253418,7.1166090965271,followup_50k_landmark_probe,cfd_within,geometry-fixedcompute-100k-infonce-imagenet-50ksteps,50000,backbone,g4,32768,infonce,imagenet,424,4.279738426208496,,,,,,infonce,imagenet,100k,within,True
lid_superior,4.351017475128174,3.8871784210205083,2.628668069839477,7.637729167938232,followup_50k_landmark_probe,cfd_within,geometry-fixedcompute-100k-infonce-imagenet-50ksteps,50000,backbone,g4,32768,infonce,imagenet,424,4.279738426208496,,,,,,infonce,imagenet,100k,within,True
medial_canthus,5.867480754852295,5.236863613128662,3.3407435417175293,9.85546588897705,followup_50k_landmark_probe,cfd_within,geometry-fixedcompute-100k-infonce-imagenet-50ksteps,50000,backbone,g4,32768,infonce,imagenet,424,4.279738426208496,,,,,,infonce,imagenet,100k,within,True
sclera_inferior,4.722670078277588,4.398971557617188,2.614445209503174,8.051633834838867,followup_50k_landmark_probe,cfd_within,geometry-fixedcompute-100k-infonce-imagenet-50ksteps,50000,backbone,g4,32768,infonce,imagenet,424,4.279738426208496,,,,,,infonce,imagenet,100k,within,True
sclera_superior,4.335330009460448,3.9994802474975586,2.342176914215088,7.109803676605225,followup_50k_landmark_probe,cfd_within,geometry-fixedcompute-100k-infonce-imagenet-50ksteps,50000,backbone,g4,32768,infonce,imagenet,424,4.279738426208496,,,,,,infonce,imagenet,100k,within,True
iris_centroid,3.7814552783966064,3.4384658336639404,2.3693621158599854,6.506991386413574,followup_50k_landmark_probe,cfd_within,geometry-fixedcompute-1m-infonce-imagenet-50ksteps,50000,backbone,g4,32768,infonce,imagenet,299,4.439042091369629,,,,,,infonce,imagenet,1m,within,True
iris_inferior,4.345141887664795,3.992039680480957,2.64631462097168,7.179994583129883,followup_50k_landmark_probe,cfd_within,geometry-fixedcompute-1m-infonce-imagenet-50ksteps,50000,backbone,g4,32768,infonce,imagenet,299,4.439042091369629,,,,,,infonce,imagenet,1m,within,True
iris_superior,3.961545705795288,3.463099241256714,2.38185453414917,7.083954334259032,followup_50k_landmark_probe,cfd_within,geometry-fixedcompute-1m-infonce-imagenet-50ksteps,50000,backbone,g4,32768,infonce,imagenet,299,4.439042091369629,,,,,,infonce,imagenet,1m,within,True
lateral_canthus,5.177380084991455,4.964449882507324,3.1293125152587886,8.610874176025389,followup_50k_landmark_probe,cfd_within,geometry-fixedcompute-1m-infonce-imagenet-50ksteps,50000,backbone,g4,32768,infonce,imagenet,299,4.439042091369629,,,,,,infonce,imagenet,1m,within,True
lid_inferior,4.147328853607179,3.7391386032104488,2.529062032699585,6.868537425994872,followup_50k_landmark_probe,cfd_within,geometry-fixedcompute-1m-infonce-imagenet-50ksteps,50000,backbone,g4,32768,infonce,imagenet,299,4.439042091369629,,,,,,infonce,imagenet,1m,within,True
lid_superior,4.313521862030028,3.601914644241333,3.2403044700622563,8.217842102050781,followup_50k_landmark_probe,cfd_within,geometry-fixedcompute-1m-infonce-imagenet-50ksteps,50000,backbone,g4,32768,infonce,imagenet,299,4.439042091369629,,,,,,infonce,imagenet,1m,within,True
medial_canthus,5.96758508682251,5.309401512145996,3.273179054260254,10.022833824157717,followup_50k_landmark_probe,cfd_within,geometry-fixedcompute-1m-infonce-imagenet-50ksteps,50000,backbone,g4,32768,infonce,imagenet,299,4.439042091369629,,,,,,infonce,imagenet,1m,within,True
sclera_inferior,4.507475852966309,3.9126007556915283,2.9230782985687256,7.80878210067749,followup_50k_landmark_probe,cfd_within,geometry-fixedcompute-1m-infonce-imagenet-50ksteps,50000,backbone,g4,32768,infonce,imagenet,299,4.439042091369629,,,,,,infonce,imagenet,1m,within,True
sclera_superior,4.0954132080078125,3.672393798828125,2.564211368560791,7.053593635559082,followup_50k_landmark_probe,cfd_within,geometry-fixedcompute-1m-infonce-imagenet-50ksteps,50000,backbone,g4,32768,infonce,imagenet,299,4.439042091369629,,,,,,infonce,imagenet,1m,within,True
iris_centroid,7.8438968658447275,7.158090591430664,4.840394496917725,13.751615524291992,followup_50k_landmark_probe,cfd_within,geometry-fixedcompute-10k-lejepa-imagenet-50ksteps,50000,backbone,g4,32768,lejepa,imagenet,341,9.014130592346193,,,,,,lejepa,imagenet,10k,within,True
iris_inferior,8.71735668182373,8.108615875244139,5.496001720428467,15.069124221801758,followup_50k_landmark_probe,cfd_within,geometry-fixedcompute-10k-lejepa-imagenet-50ksteps,50000,backbone,g4,32768,lejepa,imagenet,341,9.014130592346193,,,,,,lejepa,imagenet,10k,within,True
iris_superior,7.398955821990968,6.98820686340332,4.385641098022462,13.25684642791748,followup_50k_landmark_probe,cfd_within,geometry-fixedcompute-10k-lejepa-imagenet-50ksteps,50000,backbone,g4,32768,lejepa,imagenet,341,9.014130592346193,,,,,,lejepa,imagenet,10k,within,True
lateral_canthus,10.347541809082033,8.598844528198242,7.645132064819336,19.028324127197266,followup_50k_landmark_probe,cfd_within,geometry-fixedcompute-10k-lejepa-imagenet-50ksteps,50000,backbone,g4,32768,lejepa,imagenet,341,9.014130592346193,,,,,,lejepa,imagenet,10k,within,True
lid_inferior,7.842080116271973,7.2737178802490225,4.489543437957764,12.911612510681152,followup_50k_landmark_probe,cfd_within,geometry-fixedcompute-10k-lejepa-imagenet-50ksteps,50000,backbone,g4,32768,lejepa,imagenet,341,9.014130592346193,,,,,,lejepa,imagenet,10k,within,True
lid_superior,7.869258403778076,7.395891189575195,4.396238327026366,14.458027839660645,followup_50k_landmark_probe,cfd_within,geometry-fixedcompute-10k-lejepa-imagenet-50ksteps,50000,backbone,g4,32768,lejepa,imagenet,341,9.014130592346193,,,,,,lejepa,imagenet,10k,within,True
medial_canthus,11.56454849243164,10.013723373413086,8.092419624328612,22.355472564697266,followup_50k_landmark_probe,cfd_within,geometry-fixedcompute-10k-lejepa-imagenet-50ksteps,50000,backbone,g4,32768,lejepa,imagenet,341,9.014130592346193,,,,,,lejepa,imagenet,10k,within,True
sclera_inferior,9.121319770812988,7.913257598876952,5.321964740753174,15.51038932800293,followup_50k_landmark_probe,cfd_within,geometry-fixedcompute-10k-lejepa-imagenet-50ksteps,50000,backbone,g4,32768,lejepa,imagenet,341,9.014130592346193,,,,,,lejepa,imagenet,10k,within,True
sclera_superior,7.854092121124268,7.3587775230407715,4.503509521484375,12.943351745605467,followup_50k_landmark_probe,cfd_within,geometry-fixedcompute-10k-lejepa-imagenet-50ksteps,50000,backbone,g4,32768,lejepa,imagenet,341,9.014130592346193,,,,,,lejepa,imagenet,10k,within,True
iris_centroid,5.688336372375487,5.28266716003418,3.008594989776612,9.59210205078125,followup_50k_landmark_probe,cfd_within,geometry-fixedcompute-100k-lejepa-imagenet-50ksteps,50000,backbone,g4,32768,lejepa,imagenet,226,5.452151298522949,,,,,,lejepa,imagenet,100k,within,True
iris_inferior,6.0074992179870605,5.5796098709106445,3.2581307888031006,10.231966018676758,followup_50k_landmark_probe,cfd_within,geometry-fixedcompute-100k-lejepa-imagenet-50ksteps,50000,backbone,g4,32768,lejepa,imagenet,226,5.452151298522949,,,,,,lejepa,imagenet,100k,within,True
iris_superior,5.63859748840332,5.44019889831543,2.911629676818848,8.904623031616211,followup_50k_landmark_probe,cfd_within,geometry-fixedcompute-100k-lejepa-imagenet-50ksteps,50000,backbone,g4,32768,lejepa,imagenet,226,5.452151298522949,,,,,,lejepa,imagenet,100k,within,True
lateral_canthus,7.3009095191955575,6.845501899719237,4.223376274108887,13.991745948791506,followup_50k_landmark_probe,cfd_within,geometry-fixedcompute-100k-lejepa-imagenet-50ksteps,50000,backbone,g4,32768,lejepa,imagenet,226,5.452151298522949,,,,,,lejepa,imagenet,100k,within,True
lid_inferior,5.599484920501709,5.075188636779785,3.02429747581482,9.49199390411377,followup_50k_landmark_probe,cfd_within,geometry-fixedcompute-100k-lejepa-imagenet-50ksteps,50000,backbone,g4,32768,lejepa,imagenet,226,5.452151298522949,,,,,,lejepa,imagenet,100k,within,True
lid_superior,5.775675296783447,5.037670612335205,3.359661102294922,10.026631355285645,followup_50k_landmark_probe,cfd_within,geometry-fixedcompute-100k-lejepa-imagenet-50ksteps,50000,backbone,g4,32768,lejepa,imagenet,226,5.452151298522949,,,,,,lejepa,imagenet,100k,within,True
medial_canthus,7.623950481414795,6.923860549926758,4.920958518981934,13.555326461791992,followup_50k_landmark_probe,cfd_within,geometry-fixedcompute-100k-lejepa-imagenet-50ksteps,50000,backbone,g4,32768,lejepa,imagenet,226,5.452151298522949,,,,,,lejepa,imagenet,100k,within,True
sclera_inferior,6.065471649169923,5.647414207458496,3.269171714782715,10.406576156616213,followup_50k_landmark_probe,cfd_within,geometry-fixedcompute-100k-lejepa-imagenet-50ksteps,50000,backbone,g4,32768,lejepa,imagenet,226,5.452151298522949,,,,,,lejepa,imagenet,100k,within,True
sclera_superior,5.616664409637451,5.095300674438477,3.018927574157715,9.595440864562988,followup_50k_landmark_probe,cfd_within,geometry-fixedcompute-100k-lejepa-imagenet-50ksteps,50000,backbone,g4,32768,lejepa,imagenet,226,5.452151298522949,,,,,,lejepa,imagenet,100k,within,True
iris_centroid,5.07289981842041,4.54430627822876,2.8643894195556636,9.111082077026367,followup_50k_landmark_probe,cfd_within,geometry-fixedcompute-1m-lejepa-imagenet-50ksteps,50000,backbone,g4,32768,lejepa,imagenet,372,5.04587459564209,,,,,,lejepa,imagenet,1m,within,True
iris_inferior,5.714385032653809,5.0170931816101065,3.3363137245178223,10.193344116210938,followup_50k_landmark_probe,cfd_within,geometry-fixedcompute-1m-lejepa-imagenet-50ksteps,50000,backbone,g4,32768,lejepa,imagenet,372,5.04587459564209,,,,,,lejepa,imagenet,1m,within,True
iris_superior,4.981064319610597,4.643568992614746,2.664853096008301,8.329161643981934,followup_50k_landmark_probe,cfd_within,geometry-fixedcompute-1m-lejepa-imagenet-50ksteps,50000,backbone,g4,32768,lejepa,imagenet,372,5.04587459564209,,,,,,lejepa,imagenet,1m,within,True
lateral_canthus,6.451375961303711,5.507925987243652,3.816608667373657,11.817076683044435,followup_50k_landmark_probe,cfd_within,geometry-fixedcompute-1m-lejepa-imagenet-50ksteps,50000,backbone,g4,32768,lejepa,imagenet,372,5.04587459564209,,,,,,lejepa,imagenet,1m,within,True
lid_inferior,5.208195209503174,4.552017211914063,3.062978982925415,9.227523803710938,followup_50k_landmark_probe,cfd_within,geometry-fixedcompute-1m-lejepa-imagenet-50ksteps,50000,backbone,g4,32768,lejepa,imagenet,372,5.04587459564209,,,,,,lejepa,imagenet,1m,within,True
lid_superior,5.1918678283691415,4.651328086853027,3.26560115814209,9.2205810546875,followup_50k_landmark_probe,cfd_within,geometry-fixedcompute-1m-lejepa-imagenet-50ksteps,50000,backbone,g4,32768,lejepa,imagenet,372,5.04587459564209,,,,,,lejepa,imagenet,1m,within,True
medial_canthus,7.521885395050049,6.5443115234375,5.118921756744385,13.509140968322756,followup_50k_landmark_probe,cfd_within,geometry-fixedcompute-1m-lejepa-imagenet-50ksteps,50000,backbone,g4,32768,lejepa,imagenet,372,5.04587459564209,,,,,,lejepa,imagenet,1m,within,True
sclera_inferior,5.655686855316162,4.998953819274902,3.369157552719116,10.212818145751953,followup_50k_landmark_probe,cfd_within,geometry-fixedcompute-1m-lejepa-imagenet-50ksteps,50000,backbone,g4,32768,lejepa,imagenet,372,5.04587459564209,,,,,,lejepa,imagenet,1m,within,True
sclera_superior,5.174210071563722,4.538579940795898,3.07395887374878,9.100834846496582,followup_50k_landmark_probe,cfd_within,geometry-fixedcompute-1m-lejepa-imagenet-50ksteps,50000,backbone,g4,32768,lejepa,imagenet,372,5.04587459564209,,,,,,lejepa,imagenet,1m,within,True
iris_centroid,5.734520435333253,4.856305122375488,3.7840547561645512,10.595751762390137,followup_50k_landmark_probe,cfd_within,geometry-fixedcompute-10k-vicreg-imagenet-50ksteps,50000,backbone,g4,32768,vicreg,imagenet,698,6.663674831390381,,,,,,vicreg,imagenet,10k,within,True
iris_inferior,6.360745429992676,5.415825843811035,4.1923675537109375,12.528104782104492,followup_50k_landmark_probe,cfd_within,geometry-fixedcompute-10k-vicreg-imagenet-50ksteps,50000,backbone,g4,32768,vicreg,imagenet,698,6.663674831390381,,,,,,vicreg,imagenet,10k,within,True
iris_superior,5.657940864562987,4.789357662200928,3.495532989501953,10.048834800720217,followup_50k_landmark_probe,cfd_within,geometry-fixedcompute-10k-vicreg-imagenet-50ksteps,50000,backbone,g4,32768,vicreg,imagenet,698,6.663674831390381,,,,,,vicreg,imagenet,10k,within,True
lateral_canthus,7.558881759643555,7.140278339385986,4.459481716156006,13.895649909973145,followup_50k_landmark_probe,cfd_within,geometry-fixedcompute-10k-vicreg-imagenet-50ksteps,50000,backbone,g4,32768,vicreg,imagenet,698,6.663674831390381,,,,,,vicreg,imagenet,10k,within,True
lid_inferior,5.896941661834718,5.006500720977783,3.6989424228668213,11.016997337341307,followup_50k_landmark_probe,cfd_within,geometry-fixedcompute-10k-vicreg-imagenet-50ksteps,50000,backbone,g4,32768,vicreg,imagenet,698,6.663674831390381,,,,,,vicreg,imagenet,10k,within,True
lid_superior,5.8968963623046875,5.462684631347656,3.854158878326416,11.302206993103027,followup_50k_landmark_probe,cfd_within,geometry-fixedcompute-10k-vicreg-imagenet-50ksteps,50000,backbone,g4,32768,vicreg,imagenet,698,6.663674831390381,,,,,,vicreg,imagenet,10k,within,True
medial_canthus,8.672401428222656,7.795885562896728,5.209677696228027,16.29793930053711,followup_50k_landmark_probe,cfd_within,geometry-fixedcompute-10k-vicreg-imagenet-50ksteps,50000,backbone,g4,32768,vicreg,imagenet,698,6.663674831390381,,,,,,vicreg,imagenet,10k,within,True
sclera_inferior,6.5955657958984375,5.873065948486327,4.292755126953125,12.58372974395752,followup_50k_landmark_probe,cfd_within,geometry-fixedcompute-10k-vicreg-imagenet-50ksteps,50000,backbone,g4,32768,vicreg,imagenet,698,6.663674831390381,,,,,,vicreg,imagenet,10k,within,True
sclera_superior,5.8981828689575195,4.986225128173828,3.6908233165740967,11.171917915344238,followup_50k_landmark_probe,cfd_within,geometry-fixedcompute-10k-vicreg-imagenet-50ksteps,50000,backbone,g4,32768,vicreg,imagenet,698,6.663674831390381,,,,,,vicreg,imagenet,10k,within,True
iris_centroid,4.256214141845703,3.7093567848205566,2.3689424991607666,7.505851745605469,followup_50k_landmark_probe,cfd_within,geometry-fixedcompute-100k-vicreg-imagenet-50ksteps,50000,backbone,g4,32768,vicreg,imagenet,401,4.574835777282715,,,,,,vicreg,imagenet,100k,within,True
iris_inferior,4.658304691314697,4.183734893798828,2.567901134490967,8.002421379089355,followup_50k_landmark_probe,cfd_within,geometry-fixedcompute-100k-vicreg-imagenet-50ksteps,50000,backbone,g4,32768,vicreg,imagenet,401,4.574835777282715,,,,,,vicreg,imagenet,100k,within,True
iris_superior,4.53852653503418,4.126479625701903,2.369137763977051,7.8683414459228525,followup_50k_landmark_probe,cfd_within,geometry-fixedcompute-100k-vicreg-imagenet-50ksteps,50000,backbone,g4,32768,vicreg,imagenet,401,4.574835777282715,,,,,,vicreg,imagenet,100k,within,True
lateral_canthus,5.485020637512207,4.867323875427246,3.008999347686768,9.987590789794922,followup_50k_landmark_probe,cfd_within,geometry-fixedcompute-100k-vicreg-imagenet-50ksteps,50000,backbone,g4,32768,vicreg,imagenet,401,4.574835777282715,,,,,,vicreg,imagenet,100k,within,True
lid_inferior,4.2643985748291025,3.938605308532715,2.528939008712769,7.210916519165039,followup_50k_landmark_probe,cfd_within,geometry-fixedcompute-100k-vicreg-imagenet-50ksteps,50000,backbone,g4,32768,vicreg,imagenet,401,4.574835777282715,,,,,,vicreg,imagenet,100k,within,True
lid_superior,4.611043453216553,3.869093418121338,2.96100115776062,8.453377723693848,followup_50k_landmark_probe,cfd_within,geometry-fixedcompute-100k-vicreg-imagenet-50ksteps,50000,backbone,g4,32768,vicreg,imagenet,401,4.574835777282715,,,,,,vicreg,imagenet,100k,within,True
medial_canthus,6.370368003845215,5.8238420486450195,3.3777358531951904,11.006006240844727,followup_50k_landmark_probe,cfd_within,geometry-fixedcompute-100k-vicreg-imagenet-50ksteps,50000,backbone,g4,32768,vicreg,imagenet,401,4.574835777282715,,,,,,vicreg,imagenet,100k,within,True
sclera_inferior,4.734521865844727,4.254316329956056,2.852498769760132,8.713251113891603,followup_50k_landmark_probe,cfd_within,geometry-fixedcompute-100k-vicreg-imagenet-50ksteps,50000,backbone,g4,32768,vicreg,imagenet,401,4.574835777282715,,,,,,vicreg,imagenet,100k,within,True
sclera_superior,4.263288497924806,3.937942504882813,2.5246315002441406,7.088092803955077,followup_50k_landmark_probe,cfd_within,geometry-fixedcompute-100k-vicreg-imagenet-50ksteps,50000,backbone,g4,32768,vicreg,imagenet,401,4.574835777282715,,,,,,vicreg,imagenet,100k,within,True
iris_centroid,4.04779052734375,3.624190807342529,2.4060757160186768,7.63437557220459,followup_50k_landmark_probe,cfd_within,geometry-fixedcompute-1m-vicreg-imagenet-50ksteps,50000,backbone,g4,32768,vicreg,imagenet,538,4.4683499336242685,,,,,,vicreg,imagenet,1m,within,True
iris_inferior,4.561786651611328,4.268136978149413,2.686983823776245,8.448983192443848,followup_50k_landmark_probe,cfd_within,geometry-fixedcompute-1m-vicreg-imagenet-50ksteps,50000,backbone,g4,32768,vicreg,imagenet,538,4.4683499336242685,,,,,,vicreg,imagenet,1m,within,True
iris_superior,4.266396045684815,3.9763300418853764,2.3547396659851074,7.427623748779298,followup_50k_landmark_probe,cfd_within,geometry-fixedcompute-1m-vicreg-imagenet-50ksteps,50000,backbone,g4,32768,vicreg,imagenet,538,4.4683499336242685,,,,,,vicreg,imagenet,1m,within,True
lateral_canthus,5.200390815734863,4.740806579589844,2.9580478668212886,9.07013702392578,followup_50k_landmark_probe,cfd_within,geometry-fixedcompute-1m-vicreg-imagenet-50ksteps,50000,backbone,g4,32768,vicreg,imagenet,538,4.4683499336242685,,,,,,vicreg,imagenet,1m,within,True
lid_inferior,4.170706272125243,3.8613877296447767,2.346268653869629,7.481297016143799,followup_50k_landmark_probe,cfd_within,geometry-fixedcompute-1m-vicreg-imagenet-50ksteps,50000,backbone,g4,32768,vicreg,imagenet,538,4.4683499336242685,,,,,,vicreg,imagenet,1m,within,True
lid_superior,4.526487827301025,3.8576641082763667,3.088107347488404,9.382447242736816,followup_50k_landmark_probe,cfd_within,geometry-fixedcompute-1m-vicreg-imagenet-50ksteps,50000,backbone,g4,32768,vicreg,imagenet,538,4.4683499336242685,,,,,,vicreg,imagenet,1m,within,True
medial_canthus,6.1634979248046875,5.8179216384887695,3.2154226303100586,10.219467163085938,followup_50k_landmark_probe,cfd_within,geometry-fixedcompute-1m-vicreg-imagenet-50ksteps,50000,backbone,g4,32768,vicreg,imagenet,538,4.4683499336242685,,,,,,vicreg,imagenet,1m,within,True
sclera_inferior,4.574379920959473,4.018585205078125,2.8325350284576416,8.543227195739746,followup_50k_landmark_probe,cfd_within,geometry-fixedcompute-1m-vicreg-imagenet-50ksteps,50000,backbone,g4,32768,vicreg,imagenet,538,4.4683499336242685,,,,,,vicreg,imagenet,1m,within,True
sclera_superior,4.184370040893556,3.919533252716065,2.3623602390289307,7.566474914550781,followup_50k_landmark_probe,cfd_within,geometry-fixedcompute-1m-vicreg-imagenet-50ksteps,50000,backbone,g4,32768,vicreg,imagenet,538,4.4683499336242685,,,,,,vicreg,imagenet,1m,within,True
iris_centroid,3.3755040168762207,2.928178310394287,2.067159652709961,6.105358600616455,external_vit_landmark_probe,cfd_within,baseline-dinov2-vitb14,0,patch_tokens,g4,12288,external_baseline,dinov2,147,3.614746809005737,dinov2,vitb14,14.0,LVD-142M,patch_tokens_g4,external_baseline,dinov2,baseline,within,True
iris_inferior,3.6747837066650386,3.324793577194214,2.1744098663330083,6.1827030181884775,external_vit_landmark_probe,cfd_within,baseline-dinov2-vitb14,0,patch_tokens,g4,12288,external_baseline,dinov2,147,3.614746809005737,dinov2,vitb14,14.0,LVD-142M,patch_tokens_g4,external_baseline,dinov2,baseline,within,True
iris_superior,3.6757631301879883,3.2646148204803467,2.3260045051574707,6.984108924865723,external_vit_landmark_probe,cfd_within,baseline-dinov2-vitb14,0,patch_tokens,g4,12288,external_baseline,dinov2,147,3.614746809005737,dinov2,vitb14,14.0,LVD-142M,patch_tokens_g4,external_baseline,dinov2,baseline,within,True
lateral_canthus,4.586957931518555,3.803424835205078,2.9100050926208496,8.352283477783201,external_vit_landmark_probe,cfd_within,baseline-dinov2-vitb14,0,patch_tokens,g4,12288,external_baseline,dinov2,147,3.614746809005737,dinov2,vitb14,14.0,LVD-142M,patch_tokens_g4,external_baseline,dinov2,baseline,within,True
lid_inferior,3.4045019149780287,2.9437594413757324,2.0320639610290527,5.950473308563232,external_vit_landmark_probe,cfd_within,baseline-dinov2-vitb14,0,patch_tokens,g4,12288,external_baseline,dinov2,147,3.614746809005737,dinov2,vitb14,14.0,LVD-142M,patch_tokens_g4,external_baseline,dinov2,baseline,within,True
lid_superior,4.250372886657715,3.5662157535552983,2.9524149894714355,8.165518760681152,external_vit_landmark_probe,cfd_within,baseline-dinov2-vitb14,0,patch_tokens,g4,12288,external_baseline,dinov2,147,3.614746809005737,dinov2,vitb14,14.0,LVD-142M,patch_tokens_g4,external_baseline,dinov2,baseline,within,True
medial_canthus,4.883040904998778,4.3788843154907235,2.625008344650269,8.434809684753418,external_vit_landmark_probe,cfd_within,baseline-dinov2-vitb14,0,patch_tokens,g4,12288,external_baseline,dinov2,147,3.614746809005737,dinov2,vitb14,14.0,LVD-142M,patch_tokens_g4,external_baseline,dinov2,baseline,within,True
sclera_inferior,3.4845633506774902,3.157805919647217,2.1226375102996826,6.014925003051758,external_vit_landmark_probe,cfd_within,baseline-dinov2-vitb14,0,patch_tokens,g4,12288,external_baseline,dinov2,147,3.614746809005737,dinov2,vitb14,14.0,LVD-142M,patch_tokens_g4,external_baseline,dinov2,baseline,within,True
sclera_superior,3.377537965774536,2.787884473800659,2.0739395618438716,5.860312461853027,external_vit_landmark_probe,cfd_within,baseline-dinov2-vitb14,0,patch_tokens,g4,12288,external_baseline,dinov2,147,3.614746809005737,dinov2,vitb14,14.0,LVD-142M,patch_tokens_g4,external_baseline,dinov2,baseline,within,True
iris_centroid,2.942512989044189,2.5542166233062744,1.8864322900772093,5.2937049865722665,external_vit_landmark_probe,cfd_within,baseline-mae-vitb16-in1k-pretrain,0,patch_tokens,g4,12288,external_baseline,mae,630,3.638625144958496,mae,vitb16,16.0,ImageNet-1K,patch_tokens_g4,external_baseline,mae,baseline,within,True
iris_inferior,3.4468648433685303,3.0171833038330083,2.1549007892608643,6.108986854553223,external_vit_landmark_probe,cfd_within,baseline-mae-vitb16-in1k-pretrain,0,patch_tokens,g4,12288,external_baseline,mae,630,3.638625144958496,mae,vitb16,16.0,ImageNet-1K,patch_tokens_g4,external_baseline,mae,baseline,within,True
iris_superior,3.4677999019622803,3.3367838859558105,1.953155279159546,5.7193050384521475,external_vit_landmark_probe,cfd_within,baseline-mae-vitb16-in1k-pretrain,0,patch_tokens,g4,12288,external_baseline,mae,630,3.638625144958496,mae,vitb16,16.0,ImageNet-1K,patch_tokens_g4,external_baseline,mae,baseline,within,True
lateral_canthus,4.664086818695068,4.098426818847656,2.749234676361084,7.690935134887695,external_vit_landmark_probe,cfd_within,baseline-mae-vitb16-in1k-pretrain,0,patch_tokens,g4,12288,external_baseline,mae,630,3.638625144958496,mae,vitb16,16.0,ImageNet-1K,patch_tokens_g4,external_baseline,mae,baseline,within,True
lid_inferior,3.3142881393432617,2.97367000579834,1.8630162477493288,5.579685688018799,external_vit_landmark_probe,cfd_within,baseline-mae-vitb16-in1k-pretrain,0,patch_tokens,g4,12288,external_baseline,mae,630,3.638625144958496,mae,vitb16,16.0,ImageNet-1K,patch_tokens_g4,external_baseline,mae,baseline,within,True
lid_superior,3.8824982643127437,3.3572793006896973,2.8404579162597656,7.174508571624756,external_vit_landmark_probe,cfd_within,baseline-mae-vitb16-in1k-pretrain,0,patch_tokens,g4,12288,external_baseline,mae,630,3.638625144958496,mae,vitb16,16.0,ImageNet-1K,patch_tokens_g4,external_baseline,mae,baseline,within,True
medial_canthus,5.5336503982543945,5.089876651763916,3.1686601638793945,9.492302894592283,external_vit_landmark_probe,cfd_within,baseline-mae-vitb16-in1k-pretrain,0,patch_tokens,g4,12288,external_baseline,mae,630,3.638625144958496,mae,vitb16,16.0,ImageNet-1K,patch_tokens_g4,external_baseline,mae,baseline,within,True
sclera_inferior,3.474839925765991,3.0822658538818364,2.193371057510376,6.291638374328612,external_vit_landmark_probe,cfd_within,baseline-mae-vitb16-in1k-pretrain,0,patch_tokens,g4,12288,external_baseline,mae,630,3.638625144958496,mae,vitb16,16.0,ImageNet-1K,patch_tokens_g4,external_baseline,mae,baseline,within,True
sclera_superior,3.2997624874114986,2.950900316238404,1.8490238189697263,5.600454330444336,external_vit_landmark_probe,cfd_within,baseline-mae-vitb16-in1k-pretrain,0,patch_tokens,g4,12288,external_baseline,mae,630,3.638625144958496,mae,vitb16,16.0,ImageNet-1K,patch_tokens_g4,external_baseline,mae,baseline,within,True
iris_centroid,6.526699542999268,6.437971115112305,2.398285150527954,9.561565399169922,followup_50k_landmark_probe,cfd_within,baseline-seginit,0,backbone,g4,32768,baseline,seg_init,426,3.45528244972229,,,,,,baseline,,baseline,within,False
iris_inferior,7.738781452178955,7.6402716636657715,2.9060850143432617,12.042490005493164,followup_50k_landmark_probe,cfd_within,baseline-seginit,0,backbone,g4,32768,baseline,seg_init,426,3.45528244972229,,,,,,baseline,,baseline,within,False
iris_superior,6.205557823181152,6.3695335388183585,2.30703067779541,8.844505310058594,followup_50k_landmark_probe,cfd_within,baseline-seginit,0,backbone,g4,32768,baseline,seg_init,426,3.45528244972229,,,,,,baseline,,baseline,within,False
lateral_canthus,7.69554328918457,7.2762794494628915,3.8441545963287367,12.191840171813965,followup_50k_landmark_probe,cfd_within,baseline-seginit,0,backbone,g4,32768,baseline,seg_init,426,3.45528244972229,,,,,,baseline,,baseline,within,False
lid_inferior,6.343995571136475,5.983440399169923,2.5360469818115234,9.360661506652832,followup_50k_landmark_probe,cfd_within,baseline-seginit,0,backbone,g4,32768,baseline,seg_init,426,3.45528244972229,,,,,,baseline,,baseline,within,False
lid_superior,6.462486743927003,6.180783271789551,2.4184916019439697,9.887689590454102,followup_50k_landmark_probe,cfd_within,baseline-seginit,0,backbone,g4,32768,baseline,seg_init,426,3.45528244972229,,,,,,baseline,,baseline,within,False
medial_canthus,8.819899559020996,8.803153991699219,3.617494821548462,13.329387664794922,followup_50k_landmark_probe,cfd_within,baseline-seginit,0,backbone,g4,32768,baseline,seg_init,426,3.45528244972229,,,,,,baseline,,baseline,within,False
sclera_inferior,7.878085136413574,7.83795166015625,2.78602147102356,11.833709716796875,followup_50k_landmark_probe,cfd_within,baseline-seginit,0,backbone,g4,32768,baseline,seg_init,426,3.45528244972229,,,,,,baseline,,baseline,within,False
sclera_superior,6.186359405517577,5.809511184692383,2.5215680599212646,9.120040893554688,followup_50k_landmark_probe,cfd_within,baseline-seginit,0,backbone,g4,32768,baseline,seg_init,426,3.45528244972229,,,,,,baseline,,baseline,within,False
iris_centroid,9.288938522338867,8.259664535522461,6.2601399421691895,17.48214340209961,followup_50k_landmark_probe,cfd_within,geometry-fixedcompute-10k-infonce-seginit-50ksteps,50000,backbone,g4,32768,infonce,seg_init,811,9.94000244140625,,,,,,infonce,,10k,within,False
iris_inferior,10.480833053588867,9.441844940185547,6.757418632507324,19.929088592529297,followup_50k_landmark_probe,cfd_within,geometry-fixedcompute-10k-infonce-seginit-50ksteps,50000,backbone,g4,32768,infonce,seg_init,811,9.94000244140625,,,,,,infonce,,10k,within,False
iris_superior,8.544622421264647,7.389280319213867,5.8029422760009775,16.491968154907227,followup_50k_landmark_probe,cfd_within,geometry-fixedcompute-10k-infonce-seginit-50ksteps,50000,backbone,g4,32768,infonce,seg_init,811,9.94000244140625,,,,,,infonce,,10k,within,False
lateral_canthus,10.742816925048828,9.746294021606444,6.5330328941345215,19.681791305541992,followup_50k_landmark_probe,cfd_within,geometry-fixedcompute-10k-infonce-seginit-50ksteps,50000,backbone,g4,32768,infonce,seg_init,811,9.94000244140625,,,,,,infonce,,10k,within,False
lid_inferior,8.94619083404541,7.468345642089844,6.168574333190918,16.598638534545902,followup_50k_landmark_probe,cfd_within,geometry-fixedcompute-10k-infonce-seginit-50ksteps,50000,backbone,g4,32768,infonce,seg_init,811,9.94000244140625,,,,,,infonce,,10k,within,False
lid_superior,10.24977207183838,8.723686218261719,6.618122100830077,18.77479362487793,followup_50k_landmark_probe,cfd_within,geometry-fixedcompute-10k-infonce-seginit-50ksteps,50000,backbone,g4,32768,infonce,seg_init,811,9.94000244140625,,,,,,infonce,,10k,within,False
medial_canthus,11.979077339172365,9.853073120117188,7.790129661560059,22.03821182250977,followup_50k_landmark_probe,cfd_within,geometry-fixedcompute-10k-infonce-seginit-50ksteps,50000,backbone,g4,32768,infonce,seg_init,811,9.94000244140625,,,,,,infonce,,10k,within,False
sclera_inferior,10.486786842346193,9.642745018005373,6.871181964874268,21.51194953918457,followup_50k_landmark_probe,cfd_within,geometry-fixedcompute-10k-infonce-seginit-50ksteps,50000,backbone,g4,32768,infonce,seg_init,811,9.94000244140625,,,,,,infonce,,10k,within,False
sclera_superior,8.96402359008789,7.544973373413086,6.194676876068115,16.627935409545902,followup_50k_landmark_probe,cfd_within,geometry-fixedcompute-10k-infonce-seginit-50ksteps,50000,backbone,g4,32768,infonce,seg_init,811,9.94000244140625,,,,,,infonce,,10k,within,False
iris_centroid,5.455772876739502,4.3292932510375985,3.7913761138916016,10.543706893920898,followup_50k_landmark_probe,cfd_within,geometry-fixedcompute-100k-infonce-seginit-50ksteps,50000,backbone,g4,32768,infonce,seg_init,254,7.61958646774292,,,,,,infonce,,100k,within,False
iris_inferior,6.234743595123291,5.081842422485352,4.1833887100219735,11.995917320251465,followup_50k_landmark_probe,cfd_within,geometry-fixedcompute-100k-infonce-seginit-50ksteps,50000,backbone,g4,32768,infonce,seg_init,254,7.61958646774292,,,,,,infonce,,100k,within,False
iris_superior,5.457818508148193,4.736578941345215,3.542357921600342,10.421475410461426,followup_50k_landmark_probe,cfd_within,geometry-fixedcompute-100k-infonce-seginit-50ksteps,50000,backbone,g4,32768,infonce,seg_init,254,7.61958646774292,,,,,,infonce,,100k,within,False
lateral_canthus,6.79906702041626,5.777597427368164,4.120649337768556,13.166116714477539,followup_50k_landmark_probe,cfd_within,geometry-fixedcompute-100k-infonce-seginit-50ksteps,50000,backbone,g4,32768,infonce,seg_init,254,7.61958646774292,,,,,,infonce,,100k,within,False
lid_inferior,5.78474235534668,4.624088764190674,3.83268976211548,10.26213264465332,followup_50k_landmark_probe,cfd_within,geometry-fixedcompute-100k-infonce-seginit-50ksteps,50000,backbone,g4,32768,infonce,seg_init,254,7.61958646774292,,,,,,infonce,,100k,within,False
lid_superior,7.0323123931884775,6.208991050720215,4.45713996887207,12.710512161254885,followup_50k_landmark_probe,cfd_within,geometry-fixedcompute-100k-infonce-seginit-50ksteps,50000,backbone,g4,32768,infonce,seg_init,254,7.61958646774292,,,,,,infonce,,100k,within,False
medial_canthus,7.904706954956055,7.4345550537109375,4.267038822174071,12.668851852416992,followup_50k_landmark_probe,cfd_within,geometry-fixedcompute-100k-infonce-seginit-50ksteps,50000,backbone,g4,32768,infonce,seg_init,254,7.61958646774292,,,,,,infonce,,100k,within,False
sclera_inferior,6.159483909606934,5.4389305114746085,4.112350463867188,11.852288246154785,followup_50k_landmark_probe,cfd_within,geometry-fixedcompute-100k-infonce-seginit-50ksteps,50000,backbone,g4,32768,infonce,seg_init,254,7.61958646774292,,,,,,infonce,,100k,within,False
sclera_superior,5.740190505981445,4.710586071014403,3.84892201423645,10.192438125610352,followup_50k_landmark_probe,cfd_within,geometry-fixedcompute-100k-infonce-seginit-50ksteps,50000,backbone,g4,32768,infonce,seg_init,254,7.61958646774292,,,,,,infonce,,100k,within,False
iris_centroid,4.619043827056885,4.211942672729491,2.9693071842193604,8.632534980773926,followup_50k_landmark_probe,cfd_within,geometry-fixedcompute-1m-infonce-seginit-50ksteps,50000,backbone,g4,32768,infonce,seg_init,643,4.839491367340088,,,,,,infonce,,1m,within,False
iris_inferior,5.328950881958008,4.831377983093262,3.2427706718444824,9.81917953491211,followup_50k_landmark_probe,cfd_within,geometry-fixedcompute-1m-infonce-seginit-50ksteps,50000,backbone,g4,32768,infonce,seg_init,643,4.839491367340088,,,,,,infonce,,1m,within,False
iris_superior,4.691192626953125,4.13311243057251,3.0073063373565674,8.575016021728517,followup_50k_landmark_probe,cfd_within,geometry-fixedcompute-1m-infonce-seginit-50ksteps,50000,backbone,g4,32768,infonce,seg_init,643,4.839491367340088,,,,,,infonce,,1m,within,False
lateral_canthus,5.876015663146973,5.610986709594727,3.231430053710937,10.7073974609375,followup_50k_landmark_probe,cfd_within,geometry-fixedcompute-1m-infonce-seginit-50ksteps,50000,backbone,g4,32768,infonce,seg_init,643,4.839491367340088,,,,,,infonce,,1m,within,False
lid_inferior,4.771716594696045,4.18723201751709,3.0869784355163574,8.204953193664549,followup_50k_landmark_probe,cfd_within,geometry-fixedcompute-1m-infonce-seginit-50ksteps,50000,backbone,g4,32768,infonce,seg_init,643,4.839491367340088,,,,,,infonce,,1m,within,False
lid_superior,4.44067907333374,3.42161512374878,3.386911153793335,7.7716102600097665,followup_50k_landmark_probe,cfd_within,geometry-fixedcompute-1m-infonce-seginit-50ksteps,50000,backbone,g4,32768,infonce,seg_init,643,4.839491367340088,,,,,,infonce,,1m,within,False
medial_canthus,7.135732173919678,6.538087844848633,3.85927939414978,12.024205207824707,followup_50k_landmark_probe,cfd_within,geometry-fixedcompute-1m-infonce-seginit-50ksteps,50000,backbone,g4,32768,infonce,seg_init,643,4.839491367340088,,,,,,infonce,,1m,within,False
sclera_inferior,5.4691290855407715,5.067486763000488,3.3627166748046875,9.911457061767578,followup_50k_landmark_probe,cfd_within,geometry-fixedcompute-1m-infonce-seginit-50ksteps,50000,backbone,g4,32768,infonce,seg_init,643,4.839491367340088,,,,,,infonce,,1m,within,False
sclera_superior,4.765117168426514,4.203693389892578,3.102079629898072,8.26270866394043,followup_50k_landmark_probe,cfd_within,geometry-fixedcompute-1m-infonce-seginit-50ksteps,50000,backbone,g4,32768,infonce,seg_init,643,4.839491367340088,,,,,,infonce,,1m,within,False
iris_centroid,7.776820659637451,6.3873443603515625,5.591958045959473,15.460309982299805,followup_50k_landmark_probe,cfd_within,geometry-fixedcompute-10k-lejepa-seginit-50ksteps,50000,backbone,g4,32768,lejepa,seg_init,811,8.39228630065918,,,,,,lejepa,,10k,within,False
iris_inferior,8.82526969909668,6.745972633361816,6.307441234588622,16.752922058105472,followup_50k_landmark_probe,cfd_within,geometry-fixedcompute-10k-lejepa-seginit-50ksteps,50000,backbone,g4,32768,lejepa,seg_init,811,8.39228630065918,,,,,,lejepa,,10k,within,False
iris_superior,7.254964351654053,6.3850202560424805,4.914498805999756,13.786331176757812,followup_50k_landmark_probe,cfd_within,geometry-fixedcompute-10k-lejepa-seginit-50ksteps,50000,backbone,g4,32768,lejepa,seg_init,811,8.39228630065918,,,,,,lejepa,,10k,within,False
lateral_canthus,9.4446439743042,8.265056610107424,7.033340930938722,17.719078063964844,followup_50k_landmark_probe,cfd_within,geometry-fixedcompute-10k-lejepa-seginit-50ksteps,50000,backbone,g4,32768,lejepa,seg_init,811,8.39228630065918,,,,,,lejepa,,10k,within,False
lid_inferior,7.76006555557251,6.056666374206543,5.18472146987915,14.500210762023926,followup_50k_landmark_probe,cfd_within,geometry-fixedcompute-10k-lejepa-seginit-50ksteps,50000,backbone,g4,32768,lejepa,seg_init,811,8.39228630065918,,,,,,lejepa,,10k,within,False
lid_superior,9.380918502807617,8.152826309204103,5.638535976409912,16.963438034057614,followup_50k_landmark_probe,cfd_within,geometry-fixedcompute-10k-lejepa-seginit-50ksteps,50000,backbone,g4,32768,lejepa,seg_init,811,8.39228630065918,,,,,,lejepa,,10k,within,False
medial_canthus,10.542640686035156,8.611760139465332,7.1610212326049805,20.60576057434082,followup_50k_landmark_probe,cfd_within,geometry-fixedcompute-10k-lejepa-seginit-50ksteps,50000,backbone,g4,32768,lejepa,seg_init,811,8.39228630065918,,,,,,lejepa,,10k,within,False
sclera_inferior,8.957870483398438,7.479236602783202,6.27895450592041,16.998603820800778,followup_50k_landmark_probe,cfd_within,geometry-fixedcompute-10k-lejepa-seginit-50ksteps,50000,backbone,g4,32768,lejepa,seg_init,811,8.39228630065918,,,,,,lejepa,,10k,within,False
sclera_superior,7.771147727966309,6.10416841506958,5.210920810699463,14.580241203308105,followup_50k_landmark_probe,cfd_within,geometry-fixedcompute-10k-lejepa-seginit-50ksteps,50000,backbone,g4,32768,lejepa,seg_init,811,8.39228630065918,,,,,,lejepa,,10k,within,False
iris_centroid,4.550487041473389,3.912705421447754,2.9503352642059326,8.03242015838623,followup_50k_landmark_probe,cfd_within,geometry-fixedcompute-100k-lejepa-seginit-50ksteps,50000,backbone,g4,32768,lejepa,seg_init,335,4.577126979827881,,,,,,lejepa,,100k,within,False
iris_inferior,5.331191062927246,4.638031005859375,3.2851886749267583,10.1458740234375,followup_50k_landmark_probe,cfd_within,geometry-fixedcompute-100k-lejepa-seginit-50ksteps,50000,backbone,g4,32768,lejepa,seg_init,335,4.577126979827881,,,,,,lejepa,,100k,within,False
iris_superior,4.471869468688965,4.081256866455078,2.8309848308563232,7.619735240936278,followup_50k_landmark_probe,cfd_within,geometry-fixedcompute-100k-lejepa-seginit-50ksteps,50000,backbone,g4,32768,lejepa,seg_init,335,4.577126979827881,,,,,,lejepa,,100k,within,False
lateral_canthus,6.106963634490968,5.088990211486816,4.274054050445557,12.39688205718994,followup_50k_landmark_probe,cfd_within,geometry-fixedcompute-100k-lejepa-seginit-50ksteps,50000,backbone,g4,32768,lejepa,seg_init,335,4.577126979827881,,,,,,lejepa,,100k,within,False
lid_inferior,4.7939453125,4.3144168853759775,3.006413221359253,8.626007080078125,followup_50k_landmark_probe,cfd_within,geometry-fixedcompute-100k-lejepa-seginit-50ksteps,50000,backbone,g4,32768,lejepa,seg_init,335,4.577126979827881,,,,,,lejepa,,100k,within,False
lid_superior,5.037951946258545,4.272657871246338,3.182276964187622,9.750077247619627,followup_50k_landmark_probe,cfd_within,geometry-fixedcompute-100k-lejepa-seginit-50ksteps,50000,backbone,g4,32768,lejepa,seg_init,335,4.577126979827881,,,,,,lejepa,,100k,within,False
medial_canthus,7.190226078033447,6.176930904388428,4.186466693878174,12.145025253295898,followup_50k_landmark_probe,cfd_within,geometry-fixedcompute-100k-lejepa-seginit-50ksteps,50000,backbone,g4,32768,lejepa,seg_init,335,4.577126979827881,,,,,,lejepa,,100k,within,False
sclera_inferior,5.329304218292236,4.837233543395996,3.10465669631958,9.471790313720703,followup_50k_landmark_probe,cfd_within,geometry-fixedcompute-100k-lejepa-seginit-50ksteps,50000,backbone,g4,32768,lejepa,seg_init,335,4.577126979827881,,,,,,lejepa,,100k,within,False
sclera_superior,4.778196334838867,4.227694511413573,3.0223665237426762,8.75455379486084,followup_50k_landmark_probe,cfd_within,geometry-fixedcompute-100k-lejepa-seginit-50ksteps,50000,backbone,g4,32768,lejepa,seg_init,335,4.577126979827881,,,,,,lejepa,,100k,within,False
iris_centroid,3.6339528560638414,3.4718432426452637,2.286385297775269,6.135365009307861,followup_50k_landmark_probe,cfd_within,geometry-fixedcompute-1m-lejepa-seginit-50ksteps,50000,backbone,g4,32768,lejepa,seg_init,806,4.126515865325929,,,,,,lejepa,,1m,within,False
iris_inferior,4.1255950927734375,3.7150690555572514,2.597686290740967,7.38801383972168,followup_50k_landmark_probe,cfd_within,geometry-fixedcompute-1m-lejepa-seginit-50ksteps,50000,backbone,g4,32768,lejepa,seg_init,806,4.126515865325929,,,,,,lejepa,,1m,within,False
iris_superior,3.846469402313232,3.4647412300109863,2.269139051437378,6.6149840354919425,followup_50k_landmark_probe,cfd_within,geometry-fixedcompute-1m-lejepa-seginit-50ksteps,50000,backbone,g4,32768,lejepa,seg_init,806,4.126515865325929,,,,,,lejepa,,1m,within,False
lateral_canthus,5.404421806335449,4.945690155029297,2.9682691097259517,8.860001564025879,followup_50k_landmark_probe,cfd_within,geometry-fixedcompute-1m-lejepa-seginit-50ksteps,50000,backbone,g4,32768,lejepa,seg_init,806,4.126515865325929,,,,,,lejepa,,1m,within,False
lid_inferior,3.9071524143218994,3.857463836669922,2.1784012317657466,6.554676532745361,followup_50k_landmark_probe,cfd_within,geometry-fixedcompute-1m-lejepa-seginit-50ksteps,50000,backbone,g4,32768,lejepa,seg_init,806,4.126515865325929,,,,,,lejepa,,1m,within,False
lid_superior,3.7495176792144775,3.246704578399658,2.681063652038574,6.517759323120117,followup_50k_landmark_probe,cfd_within,geometry-fixedcompute-1m-lejepa-seginit-50ksteps,50000,backbone,g4,32768,lejepa,seg_init,806,4.126515865325929,,,,,,lejepa,,1m,within,False
medial_canthus,6.350605010986327,5.6201677322387695,3.9313383102416988,10.307035446166992,followup_50k_landmark_probe,cfd_within,geometry-fixedcompute-1m-lejepa-seginit-50ksteps,50000,backbone,g4,32768,lejepa,seg_init,806,4.126515865325929,,,,,,lejepa,,1m,within,False
sclera_inferior,4.768643856048584,3.960061073303223,2.9208707809448238,8.246502876281737,followup_50k_landmark_probe,cfd_within,geometry-fixedcompute-1m-lejepa-seginit-50ksteps,50000,backbone,g4,32768,lejepa,seg_init,806,4.126515865325929,,,,,,lejepa,,1m,within,False
sclera_superior,3.896348714828491,3.8932833671569824,2.187530994415283,6.537898063659668,followup_50k_landmark_probe,cfd_within,geometry-fixedcompute-1m-lejepa-seginit-50ksteps,50000,backbone,g4,32768,lejepa,seg_init,806,4.126515865325929,,,,,,lejepa,,1m,within,False
iris_centroid,9.53250503540039,7.88193941116333,6.328658103942871,19.25424766540528,followup_50k_landmark_probe,cfd_within,geometry-fixedcompute-10k-vicreg-seginit-50ksteps,50000,backbone,g4,32768,vicreg,seg_init,760,9.89214324951172,,,,,,vicreg,,10k,within,False
iris_inferior,10.888989448547363,8.832758903503418,7.044105052947997,21.34282112121582,followup_50k_landmark_probe,cfd_within,geometry-fixedcompute-10k-vicreg-seginit-50ksteps,50000,backbone,g4,32768,vicreg,seg_init,760,9.89214324951172,,,,,,vicreg,,10k,within,False
iris_superior,8.727206230163574,7.215973377227782,5.811821460723878,16.885801315307614,followup_50k_landmark_probe,cfd_within,geometry-fixedcompute-10k-vicreg-seginit-50ksteps,50000,backbone,g4,32768,vicreg,seg_init,760,9.89214324951172,,,,,,vicreg,,10k,within,False
lateral_canthus,11.004433631896973,8.821736335754395,7.217663288116455,20.97490882873535,followup_50k_landmark_probe,cfd_within,geometry-fixedcompute-10k-vicreg-seginit-50ksteps,50000,backbone,g4,32768,vicreg,seg_init,760,9.89214324951172,,,,,,vicreg,,10k,within,False
lid_inferior,9.39831256866455,7.9415650367736825,6.3881587982177725,18.42059898376465,followup_50k_landmark_probe,cfd_within,geometry-fixedcompute-10k-vicreg-seginit-50ksteps,50000,backbone,g4,32768,vicreg,seg_init,760,9.89214324951172,,,,,,vicreg,,10k,within,False
lid_superior,10.73239517211914,9.267410278320312,6.6958556175231925,19.005460739135746,followup_50k_landmark_probe,cfd_within,geometry-fixedcompute-10k-vicreg-seginit-50ksteps,50000,backbone,g4,32768,vicreg,seg_init,760,9.89214324951172,,,,,,vicreg,,10k,within,False
medial_canthus,11.592236518859865,9.786994934082033,8.081235885620117,22.34845542907715,followup_50k_landmark_probe,cfd_within,geometry-fixedcompute-10k-vicreg-seginit-50ksteps,50000,backbone,g4,32768,vicreg,seg_init,760,9.89214324951172,,,,,,vicreg,,10k,within,False
sclera_inferior,10.723459243774414,8.095952987670897,7.174057960510254,19.24686050415039,followup_50k_landmark_probe,cfd_within,geometry-fixedcompute-10k-vicreg-seginit-50ksteps,50000,backbone,g4,32768,vicreg,seg_init,760,9.89214324951172,,,,,,vicreg,,10k,within,False
sclera_superior,9.431455612182617,7.8936195373535165,6.423798561096191,18.43944549560547,followup_50k_landmark_probe,cfd_within,geometry-fixedcompute-10k-vicreg-seginit-50ksteps,50000,backbone,g4,32768,vicreg,seg_init,760,9.89214324951172,,,,,,vicreg,,10k,within,False
iris_centroid,5.310917854309082,4.554304122924805,3.336909532546997,9.312600135803224,followup_50k_landmark_probe,cfd_within,geometry-fixedcompute-100k-vicreg-seginit-50ksteps,50000,backbone,g4,32768,vicreg,seg_init,840,5.172189235687256,,,,,,vicreg,,100k,within,False
iris_inferior,5.859416484832764,5.33704948425293,3.5115106105804443,10.728630065917967,followup_50k_landmark_probe,cfd_within,geometry-fixedcompute-100k-vicreg-seginit-50ksteps,50000,backbone,g4,32768,vicreg,seg_init,840,5.172189235687256,,,,,,vicreg,,100k,within,False
iris_superior,5.1572113037109375,4.594071388244629,3.154402494430542,9.200751304626463,followup_50k_landmark_probe,cfd_within,geometry-fixedcompute-100k-vicreg-seginit-50ksteps,50000,backbone,g4,32768,vicreg,seg_init,840,5.172189235687256,,,,,,vicreg,,100k,within,False
lateral_canthus,6.779501914978027,6.243030548095702,3.6358816623687744,10.775524139404297,followup_50k_landmark_probe,cfd_within,geometry-fixedcompute-100k-vicreg-seginit-50ksteps,50000,backbone,g4,32768,vicreg,seg_init,840,5.172189235687256,,,,,,vicreg,,100k,within,False
lid_inferior,5.107044219970703,4.420495986938477,3.543508052825928,9.820326805114746,followup_50k_landmark_probe,cfd_within,geometry-fixedcompute-100k-vicreg-seginit-50ksteps,50000,backbone,g4,32768,vicreg,seg_init,840,5.172189235687256,,,,,,vicreg,,100k,within,False
lid_superior,4.927417278289795,4.1299171447753915,3.459944248199463,9.526421546936037,followup_50k_landmark_probe,cfd_within,geometry-fixedcompute-100k-vicreg-seginit-50ksteps,50000,backbone,g4,32768,vicreg,seg_init,840,5.172189235687256,,,,,,vicreg,,100k,within,False
medial_canthus,7.1615638732910165,6.230473041534424,4.4255146980285645,13.39393711090088,followup_50k_landmark_probe,cfd_within,geometry-fixedcompute-100k-vicreg-seginit-50ksteps,50000,backbone,g4,32768,vicreg,seg_init,840,5.172189235687256,,,,,,vicreg,,100k,within,False
sclera_inferior,6.072153568267822,5.370564937591553,3.5947561264038086,9.950729370117188,followup_50k_landmark_probe,cfd_within,geometry-fixedcompute-100k-vicreg-seginit-50ksteps,50000,backbone,g4,32768,vicreg,seg_init,840,5.172189235687256,,,,,,vicreg,,100k,within,False
sclera_superior,5.131885528564453,4.446697235107422,3.555698871612549,9.716394424438477,followup_50k_landmark_probe,cfd_within,geometry-fixedcompute-100k-vicreg-seginit-50ksteps,50000,backbone,g4,32768,vicreg,seg_init,840,5.172189235687256,,,,,,vicreg,,100k,within,False
iris_centroid,4.615854740142822,4.345661163330078,2.702106714248657,8.322707176208496,followup_50k_landmark_probe,cfd_within,geometry-fixedcompute-1m-vicreg-seginit-50ksteps,50000,backbone,g4,32768,vicreg,seg_init,579,4.653604507446289,,,,,,vicreg,,1m,within,False
iris_inferior,5.212963104248047,4.641562461853027,3.0749480724334717,9.48973274230957,followup_50k_landmark_probe,cfd_within,geometry-fixedcompute-1m-vicreg-seginit-50ksteps,50000,backbone,g4,32768,vicreg,seg_init,579,4.653604507446289,,,,,,vicreg,,1m,within,False
iris_superior,4.66864013671875,4.506348133087158,2.6659221649169917,8.307360649108888,followup_50k_landmark_probe,cfd_within,geometry-fixedcompute-1m-vicreg-seginit-50ksteps,50000,backbone,g4,32768,vicreg,seg_init,579,4.653604507446289,,,,,,vicreg,,1m,within,False
lateral_canthus,5.8086304664611825,5.20806884765625,3.306689739227295,10.37791633605957,followup_50k_landmark_probe,cfd_within,geometry-fixedcompute-1m-vicreg-seginit-50ksteps,50000,backbone,g4,32768,vicreg,seg_init,579,4.653604507446289,,,,,,vicreg,,1m,within,False
lid_inferior,4.755517482757568,4.129047393798828,2.673046112060547,8.314061164855957,followup_50k_landmark_probe,cfd_within,geometry-fixedcompute-1m-vicreg-seginit-50ksteps,50000,backbone,g4,32768,vicreg,seg_init,579,4.653604507446289,,,,,,vicreg,,1m,within,False
lid_superior,4.869036674499512,4.477684497833252,2.962719440460205,8.714054107666017,followup_50k_landmark_probe,cfd_within,geometry-fixedcompute-1m-vicreg-seginit-50ksteps,50000,backbone,g4,32768,vicreg,seg_init,579,4.653604507446289,,,,,,vicreg,,1m,within,False
medial_canthus,7.027884006500244,6.1527748107910165,3.949247121810913,11.470008850097654,followup_50k_landmark_probe,cfd_within,geometry-fixedcompute-1m-vicreg-seginit-50ksteps,50000,backbone,g4,32768,vicreg,seg_init,579,4.653604507446289,,,,,,vicreg,,1m,within,False
sclera_inferior,5.2276177406311035,4.681960582733153,2.995365858078003,9.103917121887207,followup_50k_landmark_probe,cfd_within,geometry-fixedcompute-1m-vicreg-seginit-50ksteps,50000,backbone,g4,32768,vicreg,seg_init,579,4.653604507446289,,,,,,vicreg,,1m,within,False
sclera_superior,4.721062660217285,4.1904354095458975,2.687314748764038,8.279894828796388,followup_50k_landmark_probe,cfd_within,geometry-fixedcompute-1m-vicreg-seginit-50ksteps,50000,backbone,g4,32768,vicreg,seg_init,579,4.653604507446289,,,,,,vicreg,,1m,within,False
iris_centroid,13.755247116088867,13.919360160827635,5.78859281539917,21.85179328918457,followup_50k_landmark_probe,celeb_to_cfd,baseline-random,0,backbone,gap,2048,baseline,random,383,21.923476953975488,,,,,,baseline,random,baseline,transfer,True
iris_inferior,15.023435592651367,15.291349411010742,6.285513877868652,22.45129776000977,followup_50k_landmark_probe,celeb_to_cfd,baseline-random,0,backbone,gap,2048,baseline,random,383,21.923476953975488,,,,,,baseline,random,baseline,transfer,True
iris_superior,12.822226524353027,11.823234558105467,5.601954936981201,20.693458557128906,followup_50k_landmark_probe,celeb_to_cfd,baseline-random,0,backbone,gap,2048,baseline,random,383,21.923476953975488,,,,,,baseline,random,baseline,transfer,True
lateral_canthus,43.705162048339844,42.59046173095703,22.356779098510746,74.73487854003906,followup_50k_landmark_probe,celeb_to_cfd,baseline-random,0,backbone,gap,2048,baseline,random,383,21.923476953975488,,,,,,baseline,random,baseline,transfer,True
lid_inferior,12.60684585571289,12.202911376953125,5.659770965576173,20.927474975585934,followup_50k_landmark_probe,celeb_to_cfd,baseline-random,0,backbone,gap,2048,baseline,random,383,21.923476953975488,,,,,,baseline,random,baseline,transfer,True
lid_superior,14.13790798187256,14.422242164611815,6.511675834655763,21.991920471191406,followup_50k_landmark_probe,celeb_to_cfd,baseline-random,0,backbone,gap,2048,baseline,random,383,21.923476953975488,,,,,,baseline,random,baseline,transfer,True
medial_canthus,53.29232788085938,52.44196319580078,15.37772274017334,73.231689453125,followup_50k_landmark_probe,celeb_to_cfd,baseline-random,0,backbone,gap,2048,baseline,random,383,21.923476953975488,,,,,,baseline,random,baseline,transfer,True
sclera_inferior,13.146435737609865,12.47616958618164,6.165750980377197,21.854717254638672,followup_50k_landmark_probe,celeb_to_cfd,baseline-random,0,backbone,gap,2048,baseline,random,383,21.923476953975488,,,,,,baseline,random,baseline,transfer,True
sclera_superior,13.15647792816162,13.05960464477539,5.665531635284424,21.614547729492188,followup_50k_landmark_probe,celeb_to_cfd,baseline-random,0,backbone,gap,2048,baseline,random,383,21.923476953975488,,,,,,baseline,random,baseline,transfer,True
iris_centroid,12.433575630187988,11.94033145904541,4.898442268371582,18.383787155151367,followup_50k_landmark_probe,celeb_to_cfd,geometry-fixedcompute-10k-infonce-random-50ksteps,50000,backbone,gap,2048,infonce,random,645,9.6202451883118,,,,,,infonce,random,10k,transfer,True
iris_inferior,13.964035987854006,13.890783309936525,5.437724590301514,21.434410095214844,followup_50k_landmark_probe,celeb_to_cfd,geometry-fixedcompute-10k-infonce-random-50ksteps,50000,backbone,gap,2048,infonce,random,645,9.6202451883118,,,,,,infonce,random,10k,transfer,True
iris_superior,10.325225830078123,9.504571914672852,4.842300415039063,16.603124618530273,followup_50k_landmark_probe,celeb_to_cfd,geometry-fixedcompute-10k-infonce-random-50ksteps,50000,backbone,gap,2048,infonce,random,645,9.6202451883118,,,,,,infonce,random,10k,transfer,True
lateral_canthus,11.291581153869627,10.43204402923584,7.930014610290527,19.254840850830078,followup_50k_landmark_probe,celeb_to_cfd,geometry-fixedcompute-10k-infonce-random-50ksteps,50000,backbone,gap,2048,infonce,random,645,9.6202451883118,,,,,,infonce,random,10k,transfer,True
lid_inferior,9.707096099853516,9.051042556762695,4.654189586639403,15.416268348693848,followup_50k_landmark_probe,celeb_to_cfd,geometry-fixedcompute-10k-infonce-random-50ksteps,50000,backbone,gap,2048,infonce,random,645,9.6202451883118,,,,,,infonce,random,10k,transfer,True
lid_superior,10.319427490234377,9.432612419128418,5.162020206451416,17.792972564697266,followup_50k_landmark_probe,celeb_to_cfd,geometry-fixedcompute-10k-infonce-random-50ksteps,50000,backbone,gap,2048,infonce,random,645,9.6202451883118,,,,,,infonce,random,10k,transfer,True
medial_canthus,15.509801864624025,13.066226959228516,12.261208534240724,27.637399673461925,followup_50k_landmark_probe,celeb_to_cfd,geometry-fixedcompute-10k-infonce-random-50ksteps,50000,backbone,gap,2048,infonce,random,645,9.6202451883118,,,,,,infonce,random,10k,transfer,True
sclera_inferior,9.87838649749756,8.768320083618164,4.929314136505127,16.366025924682614,followup_50k_landmark_probe,celeb_to_cfd,geometry-fixedcompute-10k-infonce-random-50ksteps,50000,backbone,gap,2048,infonce,random,645,9.6202451883118,,,,,,infonce,random,10k,transfer,True
sclera_superior,10.502313613891602,10.05117130279541,4.651275634765625,16.518173217773438,followup_50k_landmark_probe,celeb_to_cfd,geometry-fixedcompute-10k-infonce-random-50ksteps,50000,backbone,gap,2048,infonce,random,645,9.6202451883118,,,,,,infonce,random,10k,transfer,True
iris_centroid,9.017112731933594,8.340785980224611,3.757788419723511,14.443517684936525,followup_50k_landmark_probe,celeb_to_cfd,geometry-fixedcompute-100k-infonce-random-50ksteps,50000,backbone,gap,2048,infonce,random,954,7.754186606798017,,,,,,infonce,random,100k,transfer,True
iris_inferior,9.75589370727539,9.528338432312012,3.9127774238586426,14.678853988647461,followup_50k_landmark_probe,celeb_to_cfd,geometry-fixedcompute-100k-infonce-random-50ksteps,50000,backbone,gap,2048,infonce,random,954,7.754186606798017,,,,,,infonce,random,100k,transfer,True
iris_superior,8.01518440246582,7.264566421508789,3.961074352264404,13.461156845092773,followup_50k_landmark_probe,celeb_to_cfd,geometry-fixedcompute-100k-infonce-random-50ksteps,50000,backbone,gap,2048,infonce,random,954,7.754186606798017,,,,,,infonce,random,100k,transfer,True
lateral_canthus,8.213014602661133,7.992706775665282,4.574236869812012,14.057229042053224,followup_50k_landmark_probe,celeb_to_cfd,geometry-fixedcompute-100k-infonce-random-50ksteps,50000,backbone,gap,2048,infonce,random,954,7.754186606798017,,,,,,infonce,random,100k,transfer,True
lid_inferior,7.201153755187987,7.005776405334473,3.5384249687194824,11.929835319519045,followup_50k_landmark_probe,celeb_to_cfd,geometry-fixedcompute-100k-infonce-random-50ksteps,50000,backbone,gap,2048,infonce,random,954,7.754186606798017,,,,,,infonce,random,100k,transfer,True
lid_superior,7.608217716217041,7.0116024017333975,3.660984992980957,12.27429485321045,followup_50k_landmark_probe,celeb_to_cfd,geometry-fixedcompute-100k-infonce-random-50ksteps,50000,backbone,gap,2048,infonce,random,954,7.754186606798017,,,,,,infonce,random,100k,transfer,True
medial_canthus,8.596336364746094,7.671120643615723,4.441567897796631,14.474469184875488,followup_50k_landmark_probe,celeb_to_cfd,geometry-fixedcompute-100k-infonce-random-50ksteps,50000,backbone,gap,2048,infonce,random,954,7.754186606798017,,,,,,infonce,random,100k,transfer,True
sclera_inferior,7.0480284690856925,6.4368391036987305,3.6336336135864262,12.182610511779785,followup_50k_landmark_probe,celeb_to_cfd,geometry-fixedcompute-100k-infonce-random-50ksteps,50000,backbone,gap,2048,infonce,random,954,7.754186606798017,,,,,,infonce,random,100k,transfer,True
sclera_superior,8.033183097839355,7.845816612243652,3.4996590614318848,12.694628715515135,followup_50k_landmark_probe,celeb_to_cfd,geometry-fixedcompute-100k-infonce-random-50ksteps,50000,backbone,gap,2048,infonce,random,954,7.754186606798017,,,,,,infonce,random,100k,transfer,True
iris_centroid,11.296480178833008,11.050108909606934,4.2313313484191895,16.87513542175293,followup_50k_landmark_probe,celeb_to_cfd,geometry-fixedcompute-1m-infonce-random-50ksteps,50000,backbone,gap,2048,infonce,random,622,7.291503278284125,,,,,,infonce,random,1m,transfer,True
iris_inferior,11.534120559692385,11.322029113769533,4.222827434539795,16.997493743896484,followup_50k_landmark_probe,celeb_to_cfd,geometry-fixedcompute-1m-infonce-random-50ksteps,50000,backbone,gap,2048,infonce,random,622,7.291503278284125,,,,,,infonce,random,1m,transfer,True
iris_superior,11.590718269348145,11.56308364868164,4.222241401672363,17.380748748779293,followup_50k_landmark_probe,celeb_to_cfd,geometry-fixedcompute-1m-infonce-random-50ksteps,50000,backbone,gap,2048,infonce,random,622,7.291503278284125,,,,,,infonce,random,1m,transfer,True
lateral_canthus,13.722086906433105,13.41743278503418,6.055947780609131,22.44605827331543,followup_50k_landmark_probe,celeb_to_cfd,geometry-fixedcompute-1m-infonce-random-50ksteps,50000,backbone,gap,2048,infonce,random,622,7.291503278284125,,,,,,infonce,random,1m,transfer,True
lid_inferior,11.419550895690918,11.547685623168945,4.219907760620116,16.638887405395508,followup_50k_landmark_probe,celeb_to_cfd,geometry-fixedcompute-1m-infonce-random-50ksteps,50000,backbone,gap,2048,infonce,random,622,7.291503278284125,,,,,,infonce,random,1m,transfer,True
lid_superior,11.536199569702148,11.354077339172365,4.350073337554932,17.420612335205078,followup_50k_landmark_probe,celeb_to_cfd,geometry-fixedcompute-1m-infonce-random-50ksteps,50000,backbone,gap,2048,infonce,random,622,7.291503278284125,,,,,,infonce,random,1m,transfer,True
medial_canthus,12.928810119628904,11.99004077911377,7.5151000022888175,22.53627777099609,followup_50k_landmark_probe,celeb_to_cfd,geometry-fixedcompute-1m-infonce-random-50ksteps,50000,backbone,gap,2048,infonce,random,622,7.291503278284125,,,,,,infonce,random,1m,transfer,True
sclera_inferior,12.506722450256348,12.451665878295898,4.24733829498291,17.69935417175293,followup_50k_landmark_probe,celeb_to_cfd,geometry-fixedcompute-1m-infonce-random-50ksteps,50000,backbone,gap,2048,infonce,random,622,7.291503278284125,,,,,,infonce,random,1m,transfer,True
sclera_superior,11.357295036315918,11.520610809326172,4.223240852355957,16.766538619995114,followup_50k_landmark_probe,celeb_to_cfd,geometry-fixedcompute-1m-infonce-random-50ksteps,50000,backbone,gap,2048,infonce,random,622,7.291503278284125,,,,,,infonce,random,1m,transfer,True
iris_centroid,8.582160949707031,8.09001350402832,4.190022945404054,13.893860816955565,followup_50k_landmark_probe,celeb_to_cfd,geometry-fixedcompute-10k-lejepa-random-50ksteps,50000,backbone,gap,2048,lejepa,random,988,8.64124534690315,,,,,,lejepa,random,10k,transfer,True
iris_inferior,10.373509407043457,10.271985054016113,4.3239097595214835,15.784955978393555,followup_50k_landmark_probe,celeb_to_cfd,geometry-fixedcompute-10k-lejepa-random-50ksteps,50000,backbone,gap,2048,lejepa,random,988,8.64124534690315,,,,,,lejepa,random,10k,transfer,True
iris_superior,7.942599773406982,7.51688814163208,4.269519329071045,14.007080078125,followup_50k_landmark_probe,celeb_to_cfd,geometry-fixedcompute-10k-lejepa-random-50ksteps,50000,backbone,gap,2048,lejepa,random,988,8.64124534690315,,,,,,lejepa,random,10k,transfer,True
lateral_canthus,8.315850257873535,6.9993953704833975,5.6981120109558105,14.16334056854248,followup_50k_landmark_probe,celeb_to_cfd,geometry-fixedcompute-10k-lejepa-random-50ksteps,50000,backbone,gap,2048,lejepa,random,988,8.64124534690315,,,,,,lejepa,random,10k,transfer,True
lid_inferior,7.442189693450928,6.883127689361572,4.038757801055908,13.032401084899902,followup_50k_landmark_probe,celeb_to_cfd,geometry-fixedcompute-10k-lejepa-random-50ksteps,50000,backbone,gap,2048,lejepa,random,988,8.64124534690315,,,,,,lejepa,random,10k,transfer,True
lid_superior,9.485520362854004,8.767751693725586,5.013279438018799,15.90289306640625,followup_50k_landmark_probe,celeb_to_cfd,geometry-fixedcompute-10k-lejepa-random-50ksteps,50000,backbone,gap,2048,lejepa,random,988,8.64124534690315,,,,,,lejepa,random,10k,transfer,True
medial_canthus,11.32168960571289,9.65144157409668,7.87117338180542,18.88347244262696,followup_50k_landmark_probe,celeb_to_cfd,geometry-fixedcompute-10k-lejepa-random-50ksteps,50000,backbone,gap,2048,lejepa,random,988,8.64124534690315,,,,,,lejepa,random,10k,transfer,True
sclera_inferior,7.749806880950928,6.909501075744629,4.2507357597351065,13.361617088317873,followup_50k_landmark_probe,celeb_to_cfd,geometry-fixedcompute-10k-lejepa-random-50ksteps,50000,backbone,gap,2048,lejepa,random,988,8.64124534690315,,,,,,lejepa,random,10k,transfer,True
sclera_superior,8.133933067321777,7.689035415649414,4.116087913513184,13.873924255371096,followup_50k_landmark_probe,celeb_to_cfd,geometry-fixedcompute-10k-lejepa-random-50ksteps,50000,backbone,gap,2048,lejepa,random,988,8.64124534690315,,,,,,lejepa,random,10k,transfer,True
iris_centroid,8.867213249206543,8.063796043395996,4.46834135055542,14.367999076843262,followup_50k_landmark_probe,celeb_to_cfd,geometry-fixedcompute-100k-lejepa-random-50ksteps,50000,backbone,gap,2048,lejepa,random,672,9.0486534097807,,,,,,lejepa,random,100k,transfer,True
iris_inferior,10.84717845916748,10.502965927124023,5.051325798034668,16.945850372314453,followup_50k_landmark_probe,celeb_to_cfd,geometry-fixedcompute-100k-lejepa-random-50ksteps,50000,backbone,gap,2048,lejepa,random,672,9.0486534097807,,,,,,lejepa,random,100k,transfer,True
iris_superior,8.011141777038574,7.071077346801758,4.444129467010498,13.42831325531006,followup_50k_landmark_probe,celeb_to_cfd,geometry-fixedcompute-100k-lejepa-random-50ksteps,50000,backbone,gap,2048,lejepa,random,672,9.0486534097807,,,,,,lejepa,random,100k,transfer,True
lateral_canthus,7.516624927520753,6.7918477058410645,4.2862796783447275,13.32135772705078,followup_50k_landmark_probe,celeb_to_cfd,geometry-fixedcompute-100k-lejepa-random-50ksteps,50000,backbone,gap,2048,lejepa,random,672,9.0486534097807,,,,,,lejepa,random,100k,transfer,True
lid_inferior,7.367827892303468,6.607871055603027,3.7913849353790283,11.963943481445312,followup_50k_landmark_probe,celeb_to_cfd,geometry-fixedcompute-100k-lejepa-random-50ksteps,50000,backbone,gap,2048,lejepa,random,672,9.0486534097807,,,,,,lejepa,random,100k,transfer,True
lid_superior,9.851375579833984,8.760317802429201,5.2556281089782715,16.453359603881836,followup_50k_landmark_probe,celeb_to_cfd,geometry-fixedcompute-100k-lejepa-random-50ksteps,50000,backbone,gap,2048,lejepa,random,672,9.0486534097807,,,,,,lejepa,random,100k,transfer,True
medial_canthus,10.124937057495117,8.874847412109375,6.1367621421813965,18.307085037231445,followup_50k_landmark_probe,celeb_to_cfd,geometry-fixedcompute-100k-lejepa-random-50ksteps,50000,backbone,gap,2048,lejepa,random,672,9.0486534097807,,,,,,lejepa,random,100k,transfer,True
sclera_inferior,7.286701202392577,6.5038814544677725,4.502386569976807,12.55010223388672,followup_50k_landmark_probe,celeb_to_cfd,geometry-fixedcompute-100k-lejepa-random-50ksteps,50000,backbone,gap,2048,lejepa,random,672,9.0486534097807,,,,,,lejepa,random,100k,transfer,True
sclera_superior,8.310736656188965,7.676486015319824,3.847712278366089,13.218538284301758,followup_50k_landmark_probe,celeb_to_cfd,geometry-fixedcompute-100k-lejepa-random-50ksteps,50000,backbone,gap,2048,lejepa,random,672,9.0486534097807,,,,,,lejepa,random,100k,transfer,True
iris_centroid,10.111176490783693,10.032819747924805,4.057774066925049,15.162961959838867,followup_50k_landmark_probe,celeb_to_cfd,geometry-fixedcompute-1m-lejepa-random-50ksteps,50000,backbone,gap,2048,lejepa,random,975,8.221511434336179,,,,,,lejepa,random,1m,transfer,True
iris_inferior,12.799144744873047,12.757282257080078,4.736740589141847,18.52539825439453,followup_50k_landmark_probe,celeb_to_cfd,geometry-fixedcompute-1m-lejepa-random-50ksteps,50000,backbone,gap,2048,lejepa,random,975,8.221511434336179,,,,,,lejepa,random,1m,transfer,True
iris_superior,7.8850836753845215,7.4544105529785165,4.030064582824707,12.777583122253418,followup_50k_landmark_probe,celeb_to_cfd,geometry-fixedcompute-1m-lejepa-random-50ksteps,50000,backbone,gap,2048,lejepa,random,975,8.221511434336179,,,,,,lejepa,random,1m,transfer,True
lateral_canthus,8.100757598876951,7.6372032165527335,4.091737747192384,13.76826000213623,followup_50k_landmark_probe,celeb_to_cfd,geometry-fixedcompute-1m-lejepa-random-50ksteps,50000,backbone,gap,2048,lejepa,random,975,8.221511434336179,,,,,,lejepa,random,1m,transfer,True
lid_inferior,7.550708770751952,7.310731887817383,3.3529865741729736,11.526629447937012,followup_50k_landmark_probe,celeb_to_cfd,geometry-fixedcompute-1m-lejepa-random-50ksteps,50000,backbone,gap,2048,lejepa,random,975,8.221511434336179,,,,,,lejepa,random,1m,transfer,True
lid_superior,7.9378132820129395,7.2430171966552725,4.1571083068847665,13.058472633361815,followup_50k_landmark_probe,celeb_to_cfd,geometry-fixedcompute-1m-lejepa-random-50ksteps,50000,backbone,gap,2048,lejepa,random,975,8.221511434336179,,,,,,lejepa,random,1m,transfer,True
medial_canthus,12.154783248901367,11.329957962036133,5.784891128540039,19.83886337280273,followup_50k_landmark_probe,celeb_to_cfd,geometry-fixedcompute-1m-lejepa-random-50ksteps,50000,backbone,gap,2048,lejepa,random,975,8.221511434336179,,,,,,lejepa,random,1m,transfer,True
sclera_inferior,7.976835250854492,7.532244205474853,4.334717750549316,13.611002922058105,followup_50k_landmark_probe,celeb_to_cfd,geometry-fixedcompute-1m-lejepa-random-50ksteps,50000,backbone,gap,2048,lejepa,random,975,8.221511434336179,,,,,,lejepa,random,1m,transfer,True
sclera_superior,8.878717422485352,8.800010681152344,3.4074838161468506,12.829265594482422,followup_50k_landmark_probe,celeb_to_cfd,geometry-fixedcompute-1m-lejepa-random-50ksteps,50000,backbone,gap,2048,lejepa,random,975,8.221511434336179,,,,,,lejepa,random,1m,transfer,True
iris_centroid,13.886334419250488,13.976968765258787,5.244516372680664,20.0505313873291,followup_50k_landmark_probe,celeb_to_cfd,geometry-fixedcompute-10k-vicreg-random-50ksteps,50000,backbone,gap,2048,vicreg,random,690,9.725991905712695,,,,,,vicreg,random,10k,transfer,True
iris_inferior,17.020339965820312,17.32175064086914,5.950336456298827,24.123516082763672,followup_50k_landmark_probe,celeb_to_cfd,geometry-fixedcompute-10k-vicreg-random-50ksteps,50000,backbone,gap,2048,vicreg,random,690,9.725991905712695,,,,,,vicreg,random,10k,transfer,True
iris_superior,11.52882194519043,11.132357597351074,5.170214653015137,18.13894271850586,followup_50k_landmark_probe,celeb_to_cfd,geometry-fixedcompute-10k-vicreg-random-50ksteps,50000,backbone,gap,2048,vicreg,random,690,9.725991905712695,,,,,,vicreg,random,10k,transfer,True
lateral_canthus,12.894429206848145,12.770342826843262,6.305171012878418,20.18014144897461,followup_50k_landmark_probe,celeb_to_cfd,geometry-fixedcompute-10k-vicreg-random-50ksteps,50000,backbone,gap,2048,vicreg,random,690,9.725991905712695,,,,,,vicreg,random,10k,transfer,True
lid_inferior,10.70350456237793,10.67683219909668,4.898919105529785,16.221748352050778,followup_50k_landmark_probe,celeb_to_cfd,geometry-fixedcompute-10k-vicreg-random-50ksteps,50000,backbone,gap,2048,vicreg,random,690,9.725991905712695,,,,,,vicreg,random,10k,transfer,True
lid_superior,11.522171020507812,11.118745803833008,5.161466121673584,17.568370819091793,followup_50k_landmark_probe,celeb_to_cfd,geometry-fixedcompute-10k-vicreg-random-50ksteps,50000,backbone,gap,2048,vicreg,random,690,9.725991905712695,,,,,,vicreg,random,10k,transfer,True
medial_canthus,15.557403564453125,14.567094802856445,8.064830780029299,24.802186965942386,followup_50k_landmark_probe,celeb_to_cfd,geometry-fixedcompute-10k-vicreg-random-50ksteps,50000,backbone,gap,2048,vicreg,random,690,9.725991905712695,,,,,,vicreg,random,10k,transfer,True
sclera_inferior,12.637359619140625,12.382018089294435,5.769745349884032,19.67898178100586,followup_50k_landmark_probe,celeb_to_cfd,geometry-fixedcompute-10k-vicreg-random-50ksteps,50000,backbone,gap,2048,vicreg,random,690,9.725991905712695,,,,,,vicreg,random,10k,transfer,True
sclera_superior,11.980928421020508,12.0301513671875,4.900001525878906,17.753177642822266,followup_50k_landmark_probe,celeb_to_cfd,geometry-fixedcompute-10k-vicreg-random-50ksteps,50000,backbone,gap,2048,vicreg,random,690,9.725991905712695,,,,,,vicreg,random,10k,transfer,True
iris_centroid,8.269159317016603,7.747067451477051,3.7011709213256836,12.754568099975586,followup_50k_landmark_probe,celeb_to_cfd,geometry-fixedcompute-100k-vicreg-random-50ksteps,50000,backbone,gap,2048,vicreg,random,481,8.095550677815421,,,,,,vicreg,random,100k,transfer,True
iris_inferior,10.127110481262207,9.897231101989746,4.1113314628601065,15.137601852416992,followup_50k_landmark_probe,celeb_to_cfd,geometry-fixedcompute-100k-vicreg-random-50ksteps,50000,backbone,gap,2048,vicreg,random,481,8.095550677815421,,,,,,vicreg,random,100k,transfer,True
iris_superior,6.831542015075684,6.2363386154174805,3.8317186832427983,11.662515640258787,followup_50k_landmark_probe,celeb_to_cfd,geometry-fixedcompute-100k-vicreg-random-50ksteps,50000,backbone,gap,2048,vicreg,random,481,8.095550677815421,,,,,,vicreg,random,100k,transfer,True
lateral_canthus,7.8494720458984375,6.89990234375,5.225461006164551,14.045677185058596,followup_50k_landmark_probe,celeb_to_cfd,geometry-fixedcompute-100k-vicreg-random-50ksteps,50000,backbone,gap,2048,vicreg,random,481,8.095550677815421,,,,,,vicreg,random,100k,transfer,True
lid_inferior,6.659440517425537,6.206960678100586,3.2935514450073238,10.99155044555664,followup_50k_landmark_probe,celeb_to_cfd,geometry-fixedcompute-100k-vicreg-random-50ksteps,50000,backbone,gap,2048,vicreg,random,481,8.095550677815421,,,,,,vicreg,random,100k,transfer,True
lid_superior,7.222747325897218,6.645477771759032,4.000666618347168,13.069454193115234,followup_50k_landmark_probe,celeb_to_cfd,geometry-fixedcompute-100k-vicreg-random-50ksteps,50000,backbone,gap,2048,vicreg,random,481,8.095550677815421,,,,,,vicreg,random,100k,transfer,True
medial_canthus,8.804783821105957,8.479700088500978,4.316362380981444,14.39181900024414,followup_50k_landmark_probe,celeb_to_cfd,geometry-fixedcompute-100k-vicreg-random-50ksteps,50000,backbone,gap,2048,vicreg,random,481,8.095550677815421,,,,,,vicreg,random,100k,transfer,True
sclera_inferior,6.726723670959473,6.0161094665527335,3.6981043815612793,11.392804145812988,followup_50k_landmark_probe,celeb_to_cfd,geometry-fixedcompute-100k-vicreg-random-50ksteps,50000,backbone,gap,2048,vicreg,random,481,8.095550677815421,,,,,,vicreg,random,100k,transfer,True
sclera_superior,7.378836154937744,7.1497344970703125,3.344300031661988,11.73178005218506,followup_50k_landmark_probe,celeb_to_cfd,geometry-fixedcompute-100k-vicreg-random-50ksteps,50000,backbone,gap,2048,vicreg,random,481,8.095550677815421,,,,,,vicreg,random,100k,transfer,True
iris_centroid,9.45376968383789,9.398893356323242,3.854379892349243,14.65752124786377,followup_50k_landmark_probe,celeb_to_cfd,geometry-fixedcompute-1m-vicreg-random-50ksteps,50000,backbone,gap,2048,vicreg,random,841,7.770836220412956,,,,,,vicreg,random,1m,transfer,True
iris_inferior,10.87832260131836,10.708475112915039,4.099407196044922,16.318328857421875,followup_50k_landmark_probe,celeb_to_cfd,geometry-fixedcompute-1m-vicreg-random-50ksteps,50000,backbone,gap,2048,vicreg,random,841,7.770836220412956,,,,,,vicreg,random,1m,transfer,True
iris_superior,8.554730415344237,8.39738941192627,3.8848061561584473,13.128920555114744,followup_50k_landmark_probe,celeb_to_cfd,geometry-fixedcompute-1m-vicreg-random-50ksteps,50000,backbone,gap,2048,vicreg,random,841,7.770836220412956,,,,,,vicreg,random,1m,transfer,True
lateral_canthus,9.541352272033693,8.96796989440918,5.787812232971191,16.22010612487793,followup_50k_landmark_probe,celeb_to_cfd,geometry-fixedcompute-1m-vicreg-random-50ksteps,50000,backbone,gap,2048,vicreg,random,841,7.770836220412956,,,,,,vicreg,random,1m,transfer,True
lid_inferior,8.139101028442383,7.755098342895508,3.644629716873169,12.441873550415039,followup_50k_landmark_probe,celeb_to_cfd,geometry-fixedcompute-1m-vicreg-random-50ksteps,50000,backbone,gap,2048,vicreg,random,841,7.770836220412956,,,,,,vicreg,random,1m,transfer,True
lid_superior,8.757464408874513,8.491514205932617,4.059731960296632,13.497552871704102,followup_50k_landmark_probe,celeb_to_cfd,geometry-fixedcompute-1m-vicreg-random-50ksteps,50000,backbone,gap,2048,vicreg,random,841,7.770836220412956,,,,,,vicreg,random,1m,transfer,True
medial_canthus,10.100375175476074,8.981264114379883,4.872515678405762,16.256410598754886,followup_50k_landmark_probe,celeb_to_cfd,geometry-fixedcompute-1m-vicreg-random-50ksteps,50000,backbone,gap,2048,vicreg,random,841,7.770836220412956,,,,,,vicreg,random,1m,transfer,True
sclera_inferior,7.962394714355469,7.97911787033081,3.5954668521881104,12.595033645629885,followup_50k_landmark_probe,celeb_to_cfd,geometry-fixedcompute-1m-vicreg-random-50ksteps,50000,backbone,gap,2048,vicreg,random,841,7.770836220412956,,,,,,vicreg,random,1m,transfer,True
sclera_superior,8.669191360473633,8.181736946105957,3.6319773197174072,13.125057220458984,followup_50k_landmark_probe,celeb_to_cfd,geometry-fixedcompute-1m-vicreg-random-50ksteps,50000,backbone,gap,2048,vicreg,random,841,7.770836220412956,,,,,,vicreg,random,1m,transfer,True
iris_centroid,16.397235870361328,15.74327564239502,8.318698883056639,27.69123458862305,followup_50k_landmark_probe,celeb_to_cfd,baseline-imagenet,0,backbone,gap,2048,baseline,imagenet,361,21.32590628451989,,,,,,baseline,imagenet,baseline,transfer,True
iris_inferior,17.806604385375977,17.053030014038086,8.768533706665039,30.368860244750977,followup_50k_landmark_probe,celeb_to_cfd,baseline-imagenet,0,backbone,gap,2048,baseline,imagenet,361,21.32590628451989,,,,,,baseline,imagenet,baseline,transfer,True
iris_superior,15.339882850646973,14.682207107543945,8.112313270568848,27.48986053466797,followup_50k_landmark_probe,celeb_to_cfd,baseline-imagenet,0,backbone,gap,2048,baseline,imagenet,361,21.32590628451989,,,,,,baseline,imagenet,baseline,transfer,True
lateral_canthus,32.77150344848633,27.698448181152344,23.746055603027344,69.05356597900389,followup_50k_landmark_probe,celeb_to_cfd,baseline-imagenet,0,backbone,gap,2048,baseline,imagenet,361,21.32590628451989,,,,,,baseline,imagenet,baseline,transfer,True
lid_inferior,15.357931137084961,13.83494758605957,8.084961891174316,26.99007797241211,followup_50k_landmark_probe,celeb_to_cfd,baseline-imagenet,0,backbone,gap,2048,baseline,imagenet,361,21.32590628451989,,,,,,baseline,imagenet,baseline,transfer,True
lid_superior,17.438846588134766,16.643630981445312,8.600692749023438,29.122751235961925,followup_50k_landmark_probe,celeb_to_cfd,baseline-imagenet,0,backbone,gap,2048,baseline,imagenet,361,21.32590628451989,,,,,,baseline,imagenet,baseline,transfer,True
medial_canthus,38.45659637451172,30.717472076416016,27.07234001159668,80.1516342163086,followup_50k_landmark_probe,celeb_to_cfd,baseline-imagenet,0,backbone,gap,2048,baseline,imagenet,361,21.32590628451989,,,,,,baseline,imagenet,baseline,transfer,True
sclera_inferior,15.649853706359865,14.175260543823242,8.527633666992188,28.60711479187012,followup_50k_landmark_probe,celeb_to_cfd,baseline-imagenet,0,backbone,gap,2048,baseline,imagenet,361,21.32590628451989,,,,,,baseline,imagenet,baseline,transfer,True
sclera_superior,15.95987033843994,15.037649154663086,7.969067573547362,26.900449752807614,followup_50k_landmark_probe,celeb_to_cfd,baseline-imagenet,0,backbone,gap,2048,baseline,imagenet,361,21.32590628451989,,,,,,baseline,imagenet,baseline,transfer,True
iris_centroid,17.454370498657227,16.280536651611328,8.636213302612305,30.12575912475586,followup_50k_landmark_probe,celeb_to_cfd,geometry-fixedcompute-10k-infonce-imagenet-50ksteps,50000,backbone,gap,2048,infonce,imagenet,54,25.53642321935768,,,,,,infonce,imagenet,10k,transfer,True
iris_inferior,19.69091415405273,18.68275451660156,10.032174110412598,33.539459228515625,followup_50k_landmark_probe,celeb_to_cfd,geometry-fixedcompute-10k-infonce-imagenet-50ksteps,50000,backbone,gap,2048,infonce,imagenet,54,25.53642321935768,,,,,,infonce,imagenet,10k,transfer,True
iris_superior,14.60278606414795,13.29519271850586,7.205015182495117,25.48400688171387,followup_50k_landmark_probe,celeb_to_cfd,geometry-fixedcompute-10k-infonce-imagenet-50ksteps,50000,backbone,gap,2048,infonce,imagenet,54,25.53642321935768,,,,,,infonce,imagenet,10k,transfer,True
lateral_canthus,45.550025939941406,43.56542205810547,13.19994831085205,64.8779296875,followup_50k_landmark_probe,celeb_to_cfd,geometry-fixedcompute-10k-infonce-imagenet-50ksteps,50000,backbone,gap,2048,infonce,imagenet,54,25.53642321935768,,,,,,infonce,imagenet,10k,transfer,True
lid_inferior,14.372215270996096,13.463296890258787,7.590181827545166,24.589149475097656,followup_50k_landmark_probe,celeb_to_cfd,geometry-fixedcompute-10k-infonce-imagenet-50ksteps,50000,backbone,gap,2048,infonce,imagenet,54,25.53642321935768,,,,,,infonce,imagenet,10k,transfer,True
lid_superior,14.80721950531006,13.714710235595705,8.538846015930176,27.99067497253418,followup_50k_landmark_probe,celeb_to_cfd,geometry-fixedcompute-10k-infonce-imagenet-50ksteps,50000,backbone,gap,2048,infonce,imagenet,54,25.53642321935768,,,,,,infonce,imagenet,10k,transfer,True
medial_canthus,56.64664840698242,58.83488845825195,12.725997924804688,72.47114562988281,followup_50k_landmark_probe,celeb_to_cfd,geometry-fixedcompute-10k-infonce-imagenet-50ksteps,50000,backbone,gap,2048,infonce,imagenet,54,25.53642321935768,,,,,,infonce,imagenet,10k,transfer,True
sclera_inferior,15.94100570678711,14.153741836547852,9.173182487487793,27.71388435363769,followup_50k_landmark_probe,celeb_to_cfd,geometry-fixedcompute-10k-infonce-imagenet-50ksteps,50000,backbone,gap,2048,infonce,imagenet,54,25.53642321935768,,,,,,infonce,imagenet,10k,transfer,True
sclera_superior,15.702299118041992,14.696048736572266,7.796295642852782,26.375526428222656,followup_50k_landmark_probe,celeb_to_cfd,geometry-fixedcompute-10k-infonce-imagenet-50ksteps,50000,backbone,gap,2048,infonce,imagenet,54,25.53642321935768,,,,,,infonce,imagenet,10k,transfer,True
iris_centroid,9.008810043334961,8.340072631835938,4.785358905792236,15.506492614746096,followup_50k_landmark_probe,celeb_to_cfd,geometry-fixedcompute-100k-infonce-imagenet-50ksteps,50000,backbone,gap,2048,infonce,imagenet,952,10.154680001931114,,,,,,infonce,imagenet,100k,transfer,True
iris_inferior,9.778422355651855,9.097078323364258,4.772079944610597,16.390487670898438,followup_50k_landmark_probe,celeb_to_cfd,geometry-fixedcompute-100k-infonce-imagenet-50ksteps,50000,backbone,gap,2048,infonce,imagenet,952,10.154680001931114,,,,,,infonce,imagenet,100k,transfer,True
iris_superior,8.623016357421875,8.350086212158201,4.905930042266847,15.007776260375975,followup_50k_landmark_probe,celeb_to_cfd,geometry-fixedcompute-100k-infonce-imagenet-50ksteps,50000,backbone,gap,2048,infonce,imagenet,952,10.154680001931114,,,,,,infonce,imagenet,100k,transfer,True
lateral_canthus,12.062493324279785,9.18415069580078,10.165081977844238,24.540023803710934,followup_50k_landmark_probe,celeb_to_cfd,geometry-fixedcompute-100k-infonce-imagenet-50ksteps,50000,backbone,gap,2048,infonce,imagenet,952,10.154680001931114,,,,,,infonce,imagenet,100k,transfer,True
lid_inferior,8.673937797546388,8.02431583404541,4.580239772796631,14.304518699645994,followup_50k_landmark_probe,celeb_to_cfd,geometry-fixedcompute-100k-infonce-imagenet-50ksteps,50000,backbone,gap,2048,infonce,imagenet,952,10.154680001931114,,,,,,infonce,imagenet,100k,transfer,True
lid_superior,9.21229362487793,8.231719970703125,5.22434139251709,15.54159164428711,followup_50k_landmark_probe,celeb_to_cfd,geometry-fixedcompute-100k-infonce-imagenet-50ksteps,50000,backbone,gap,2048,infonce,imagenet,952,10.154680001931114,,,,,,infonce,imagenet,100k,transfer,True
medial_canthus,13.01550579071045,10.577412605285645,10.085299491882324,24.454059600830078,followup_50k_landmark_probe,celeb_to_cfd,geometry-fixedcompute-100k-infonce-imagenet-50ksteps,50000,backbone,gap,2048,infonce,imagenet,952,10.154680001931114,,,,,,infonce,imagenet,100k,transfer,True
sclera_inferior,9.086986541748047,8.548563003540039,4.58505392074585,14.588910102844238,followup_50k_landmark_probe,celeb_to_cfd,geometry-fixedcompute-100k-infonce-imagenet-50ksteps,50000,backbone,gap,2048,infonce,imagenet,952,10.154680001931114,,,,,,infonce,imagenet,100k,transfer,True
sclera_superior,8.951872825622559,8.183438301086426,4.522309303283691,14.83539867401123,followup_50k_landmark_probe,celeb_to_cfd,geometry-fixedcompute-100k-infonce-imagenet-50ksteps,50000,backbone,gap,2048,infonce,imagenet,952,10.154680001931114,,,,,,infonce,imagenet,100k,transfer,True
iris_centroid,8.467470169067383,7.711905002593994,4.424932479858398,14.04610824584961,followup_50k_landmark_probe,celeb_to_cfd,geometry-fixedcompute-1m-infonce-imagenet-50ksteps,50000,backbone,gap,2048,infonce,imagenet,991,10.216931718294738,,,,,,infonce,imagenet,1m,transfer,True
iris_inferior,9.719680786132812,9.091443061828613,4.465467929840088,16.170400619506836,followup_50k_landmark_probe,celeb_to_cfd,geometry-fixedcompute-1m-infonce-imagenet-50ksteps,50000,backbone,gap,2048,infonce,imagenet,991,10.216931718294738,,,,,,infonce,imagenet,1m,transfer,True
iris_superior,7.983941078186035,7.164186477661133,4.522426128387451,14.05029296875,followup_50k_landmark_probe,celeb_to_cfd,geometry-fixedcompute-1m-infonce-imagenet-50ksteps,50000,backbone,gap,2048,infonce,imagenet,991,10.216931718294738,,,,,,infonce,imagenet,1m,transfer,True
lateral_canthus,12.670931816101074,8.824602127075195,10.975189208984377,24.44233703613281,followup_50k_landmark_probe,celeb_to_cfd,geometry-fixedcompute-1m-infonce-imagenet-50ksteps,50000,backbone,gap,2048,infonce,imagenet,991,10.216931718294738,,,,,,infonce,imagenet,1m,transfer,True
lid_inferior,8.188226699829103,7.49394416809082,4.18131685256958,13.375140190124512,followup_50k_landmark_probe,celeb_to_cfd,geometry-fixedcompute-1m-infonce-imagenet-50ksteps,50000,backbone,gap,2048,infonce,imagenet,991,10.216931718294738,,,,,,infonce,imagenet,1m,transfer,True
lid_superior,8.916792869567871,8.009509086608888,5.001059055328369,14.906366348266602,followup_50k_landmark_probe,celeb_to_cfd,geometry-fixedcompute-1m-infonce-imagenet-50ksteps,50000,backbone,gap,2048,infonce,imagenet,991,10.216931718294738,,,,,,infonce,imagenet,1m,transfer,True
medial_canthus,13.547414779663086,9.714866638183594,14.108508110046387,26.28893852233887,followup_50k_landmark_probe,celeb_to_cfd,geometry-fixedcompute-1m-infonce-imagenet-50ksteps,50000,backbone,gap,2048,infonce,imagenet,991,10.216931718294738,,,,,,infonce,imagenet,1m,transfer,True
sclera_inferior,8.11559009552002,7.461644172668457,4.53525972366333,14.27240753173828,followup_50k_landmark_probe,celeb_to_cfd,geometry-fixedcompute-1m-infonce-imagenet-50ksteps,50000,backbone,gap,2048,infonce,imagenet,991,10.216931718294738,,,,,,infonce,imagenet,1m,transfer,True
sclera_superior,8.576988220214844,7.765602111816406,4.139130592346191,13.561455726623535,followup_50k_landmark_probe,celeb_to_cfd,geometry-fixedcompute-1m-infonce-imagenet-50ksteps,50000,backbone,gap,2048,infonce,imagenet,991,10.216931718294738,,,,,,infonce,imagenet,1m,transfer,True
iris_centroid,19.129270553588867,17.569841384887695,9.94296932220459,29.644672393798828,followup_50k_landmark_probe,celeb_to_cfd,geometry-fixedcompute-10k-lejepa-imagenet-50ksteps,50000,backbone,gap,2048,lejepa,imagenet,351,19.770886530641647,,,,,,lejepa,imagenet,10k,transfer,True
iris_inferior,20.930709838867188,19.574859619140625,9.79002571105957,30.80726623535156,followup_50k_landmark_probe,celeb_to_cfd,geometry-fixedcompute-10k-lejepa-imagenet-50ksteps,50000,backbone,gap,2048,lejepa,imagenet,351,19.770886530641647,,,,,,lejepa,imagenet,10k,transfer,True
iris_superior,17.87357521057129,16.409795761108402,10.310683250427246,29.05785751342773,followup_50k_landmark_probe,celeb_to_cfd,geometry-fixedcompute-10k-lejepa-imagenet-50ksteps,50000,backbone,gap,2048,lejepa,imagenet,351,19.770886530641647,,,,,,lejepa,imagenet,10k,transfer,True
lateral_canthus,29.05753326416016,25.716068267822266,17.499834060668945,57.12797927856445,followup_50k_landmark_probe,celeb_to_cfd,geometry-fixedcompute-10k-lejepa-imagenet-50ksteps,50000,backbone,gap,2048,lejepa,imagenet,351,19.770886530641647,,,,,,lejepa,imagenet,10k,transfer,True
lid_inferior,18.3254337310791,17.009443283081055,9.920475006103516,29.22597694396973,followup_50k_landmark_probe,celeb_to_cfd,geometry-fixedcompute-10k-lejepa-imagenet-50ksteps,50000,backbone,gap,2048,lejepa,imagenet,351,19.770886530641647,,,,,,lejepa,imagenet,10k,transfer,True
lid_superior,18.75414657592773,17.139991760253903,10.247270584106444,30.48830795288086,followup_50k_landmark_probe,celeb_to_cfd,geometry-fixedcompute-10k-lejepa-imagenet-50ksteps,50000,backbone,gap,2048,lejepa,imagenet,351,19.770886530641647,,,,,,lejepa,imagenet,10k,transfer,True
medial_canthus,36.798736572265625,32.38695526123047,24.22761535644531,71.65248107910156,followup_50k_landmark_probe,celeb_to_cfd,geometry-fixedcompute-10k-lejepa-imagenet-50ksteps,50000,backbone,gap,2048,lejepa,imagenet,351,19.770886530641647,,,,,,lejepa,imagenet,10k,transfer,True
sclera_inferior,18.400156021118164,16.211923599243164,10.563849449157717,29.959421157836925,followup_50k_landmark_probe,celeb_to_cfd,geometry-fixedcompute-10k-lejepa-imagenet-50ksteps,50000,backbone,gap,2048,lejepa,imagenet,351,19.770886530641647,,,,,,lejepa,imagenet,10k,transfer,True
sclera_superior,18.958999633789066,17.74818229675293,9.714404106140137,29.145341873168945,followup_50k_landmark_probe,celeb_to_cfd,geometry-fixedcompute-10k-lejepa-imagenet-50ksteps,50000,backbone,gap,2048,lejepa,imagenet,351,19.770886530641647,,,,,,lejepa,imagenet,10k,transfer,True
iris_centroid,16.084484100341793,15.463481903076172,7.84476900100708,26.06247901916504,followup_50k_landmark_probe,celeb_to_cfd,geometry-fixedcompute-100k-lejepa-imagenet-50ksteps,50000,backbone,gap,2048,lejepa,imagenet,422,15.288518540846196,,,,,,lejepa,imagenet,100k,transfer,True
iris_inferior,17.166242599487305,16.775688171386722,7.743783473968506,26.76120185852051,followup_50k_landmark_probe,celeb_to_cfd,geometry-fixedcompute-100k-lejepa-imagenet-50ksteps,50000,backbone,gap,2048,lejepa,imagenet,422,15.288518540846196,,,,,,lejepa,imagenet,100k,transfer,True
iris_superior,15.398323059082033,14.681859970092773,8.010729789733888,25.66475486755371,followup_50k_landmark_probe,celeb_to_cfd,geometry-fixedcompute-100k-lejepa-imagenet-50ksteps,50000,backbone,gap,2048,lejepa,imagenet,422,15.288518540846196,,,,,,lejepa,imagenet,100k,transfer,True
lateral_canthus,26.112926483154297,20.05826568603516,20.272300720214844,53.6097297668457,followup_50k_landmark_probe,celeb_to_cfd,geometry-fixedcompute-100k-lejepa-imagenet-50ksteps,50000,backbone,gap,2048,lejepa,imagenet,422,15.288518540846196,,,,,,lejepa,imagenet,100k,transfer,True
lid_inferior,15.505329132080078,14.952295303344727,7.9813899993896475,25.95474624633789,followup_50k_landmark_probe,celeb_to_cfd,geometry-fixedcompute-100k-lejepa-imagenet-50ksteps,50000,backbone,gap,2048,lejepa,imagenet,422,15.288518540846196,,,,,,lejepa,imagenet,100k,transfer,True
lid_superior,15.78866958618164,15.343400955200195,8.042280197143555,25.47135925292969,followup_50k_landmark_probe,celeb_to_cfd,geometry-fixedcompute-100k-lejepa-imagenet-50ksteps,50000,backbone,gap,2048,lejepa,imagenet,422,15.288518540846196,,,,,,lejepa,imagenet,100k,transfer,True
medial_canthus,30.01669502258301,25.697193145751964,20.8649959564209,59.27167129516602,followup_50k_landmark_probe,celeb_to_cfd,geometry-fixedcompute-100k-lejepa-imagenet-50ksteps,50000,backbone,gap,2048,lejepa,imagenet,422,15.288518540846196,,,,,,lejepa,imagenet,100k,transfer,True
sclera_inferior,15.697769165039062,14.8294677734375,8.222394943237305,26.52309989929199,followup_50k_landmark_probe,celeb_to_cfd,geometry-fixedcompute-100k-lejepa-imagenet-50ksteps,50000,backbone,gap,2048,lejepa,imagenet,422,15.288518540846196,,,,,,lejepa,imagenet,100k,transfer,True
sclera_superior,15.865933418273926,16.00748062133789,7.934077739715576,25.87470245361328,followup_50k_landmark_probe,celeb_to_cfd,geometry-fixedcompute-100k-lejepa-imagenet-50ksteps,50000,backbone,gap,2048,lejepa,imagenet,422,15.288518540846196,,,,,,lejepa,imagenet,100k,transfer,True
iris_centroid,15.964967727661133,15.483400344848633,7.361603260040282,26.932775497436523,followup_50k_landmark_probe,celeb_to_cfd,geometry-fixedcompute-1m-lejepa-imagenet-50ksteps,50000,backbone,gap,2048,lejepa,imagenet,414,14.757466097347072,,,,,,lejepa,imagenet,1m,transfer,True
iris_inferior,17.425697326660153,17.022235870361328,7.2027320861816415,27.47421646118164,followup_50k_landmark_probe,celeb_to_cfd,geometry-fixedcompute-1m-lejepa-imagenet-50ksteps,50000,backbone,gap,2048,lejepa,imagenet,414,14.757466097347072,,,,,,lejepa,imagenet,1m,transfer,True
iris_superior,14.842056274414062,13.925811767578125,7.758953094482423,26.069854736328125,followup_50k_landmark_probe,celeb_to_cfd,geometry-fixedcompute-1m-lejepa-imagenet-50ksteps,50000,backbone,gap,2048,lejepa,imagenet,414,14.757466097347072,,,,,,lejepa,imagenet,1m,transfer,True
lateral_canthus,23.06227302551269,19.897090911865234,16.266008377075195,47.48658752441406,followup_50k_landmark_probe,celeb_to_cfd,geometry-fixedcompute-1m-lejepa-imagenet-50ksteps,50000,backbone,gap,2048,lejepa,imagenet,414,14.757466097347072,,,,,,lejepa,imagenet,1m,transfer,True
lid_inferior,14.521100044250488,13.23963737487793,7.805870532989503,25.646442413330078,followup_50k_landmark_probe,celeb_to_cfd,geometry-fixedcompute-1m-lejepa-imagenet-50ksteps,50000,backbone,gap,2048,lejepa,imagenet,414,14.757466097347072,,,,,,lejepa,imagenet,1m,transfer,True
lid_superior,15.454243659973145,14.790422439575195,7.5467329025268555,25.644960403442386,followup_50k_landmark_probe,celeb_to_cfd,geometry-fixedcompute-1m-lejepa-imagenet-50ksteps,50000,backbone,gap,2048,lejepa,imagenet,414,14.757466097347072,,,,,,lejepa,imagenet,1m,transfer,True
medial_canthus,29.30447578430176,23.22283172607422,22.20735740661621,55.73783493041992,followup_50k_landmark_probe,celeb_to_cfd,geometry-fixedcompute-1m-lejepa-imagenet-50ksteps,50000,backbone,gap,2048,lejepa,imagenet,414,14.757466097347072,,,,,,lejepa,imagenet,1m,transfer,True
sclera_inferior,14.963680267333984,14.136223793029785,7.698730945587157,25.72366714477539,followup_50k_landmark_probe,celeb_to_cfd,geometry-fixedcompute-1m-lejepa-imagenet-50ksteps,50000,backbone,gap,2048,lejepa,imagenet,414,14.757466097347072,,,,,,lejepa,imagenet,1m,transfer,True
sclera_superior,15.03135585784912,14.049365997314453,7.6015868186950675,25.83594512939453,followup_50k_landmark_probe,celeb_to_cfd,geometry-fixedcompute-1m-lejepa-imagenet-50ksteps,50000,backbone,gap,2048,lejepa,imagenet,414,14.757466097347072,,,,,,lejepa,imagenet,1m,transfer,True
iris_centroid,14.887624740600586,14.534263610839846,7.923313617706299,24.651763916015625,followup_50k_landmark_probe,celeb_to_cfd,geometry-fixedcompute-10k-vicreg-imagenet-50ksteps,50000,backbone,gap,2048,vicreg,imagenet,510,16.503945157827577,,,,,,vicreg,imagenet,10k,transfer,True
iris_inferior,15.91797161102295,15.743097305297852,7.934617042541504,25.68860626220703,followup_50k_landmark_probe,celeb_to_cfd,geometry-fixedcompute-10k-vicreg-imagenet-50ksteps,50000,backbone,gap,2048,vicreg,imagenet,510,16.503945157827577,,,,,,vicreg,imagenet,10k,transfer,True
iris_superior,14.243143081665039,13.400565147399902,7.972790718078612,24.393821716308604,followup_50k_landmark_probe,celeb_to_cfd,geometry-fixedcompute-10k-vicreg-imagenet-50ksteps,50000,backbone,gap,2048,vicreg,imagenet,510,16.503945157827577,,,,,,vicreg,imagenet,10k,transfer,True
lateral_canthus,23.77669715881348,19.98400115966797,17.10344123840332,48.30231475830078,followup_50k_landmark_probe,celeb_to_cfd,geometry-fixedcompute-10k-vicreg-imagenet-50ksteps,50000,backbone,gap,2048,vicreg,imagenet,510,16.503945157827577,,,,,,vicreg,imagenet,10k,transfer,True
lid_inferior,14.559507369995115,12.872482299804688,7.753865718841553,24.295166015625,followup_50k_landmark_probe,celeb_to_cfd,geometry-fixedcompute-10k-vicreg-imagenet-50ksteps,50000,backbone,gap,2048,vicreg,imagenet,510,16.503945157827577,,,,,,vicreg,imagenet,10k,transfer,True
lid_superior,15.712667465209961,14.312925338745115,7.96731424331665,24.51377868652344,followup_50k_landmark_probe,celeb_to_cfd,geometry-fixedcompute-10k-vicreg-imagenet-50ksteps,50000,backbone,gap,2048,vicreg,imagenet,510,16.503945157827577,,,,,,vicreg,imagenet,10k,transfer,True
medial_canthus,25.88662147521973,19.47058486938477,21.478839874267575,53.60081481933594,followup_50k_landmark_probe,celeb_to_cfd,geometry-fixedcompute-10k-vicreg-imagenet-50ksteps,50000,backbone,gap,2048,vicreg,imagenet,510,16.503945157827577,,,,,,vicreg,imagenet,10k,transfer,True
sclera_inferior,14.447702407836914,12.775801658630373,8.491118431091309,24.876527786254886,followup_50k_landmark_probe,celeb_to_cfd,geometry-fixedcompute-10k-vicreg-imagenet-50ksteps,50000,backbone,gap,2048,vicreg,imagenet,510,16.503945157827577,,,,,,vicreg,imagenet,10k,transfer,True
sclera_superior,14.872686386108398,13.362503051757812,7.6438398361206055,24.316591262817386,followup_50k_landmark_probe,celeb_to_cfd,geometry-fixedcompute-10k-vicreg-imagenet-50ksteps,50000,backbone,gap,2048,vicreg,imagenet,510,16.503945157827577,,,,,,vicreg,imagenet,10k,transfer,True
iris_centroid,9.415242195129396,8.598834991455076,4.88697624206543,15.61733341217041,followup_50k_landmark_probe,celeb_to_cfd,geometry-fixedcompute-100k-vicreg-imagenet-50ksteps,50000,backbone,gap,2048,vicreg,imagenet,931,10.164291605923346,,,,,,vicreg,imagenet,100k,transfer,True
iris_inferior,10.857889175415039,10.252275466918944,5.336228370666504,18.274049758911133,followup_50k_landmark_probe,celeb_to_cfd,geometry-fixedcompute-100k-vicreg-imagenet-50ksteps,50000,backbone,gap,2048,vicreg,imagenet,931,10.164291605923346,,,,,,vicreg,imagenet,100k,transfer,True
iris_superior,8.614258766174316,8.145648956298826,4.7659912109375,15.209440231323242,followup_50k_landmark_probe,celeb_to_cfd,geometry-fixedcompute-100k-vicreg-imagenet-50ksteps,50000,backbone,gap,2048,vicreg,imagenet,931,10.164291605923346,,,,,,vicreg,imagenet,100k,transfer,True
lateral_canthus,10.73841953277588,8.740180969238281,7.597290992736816,20.070188522338867,followup_50k_landmark_probe,celeb_to_cfd,geometry-fixedcompute-100k-vicreg-imagenet-50ksteps,50000,backbone,gap,2048,vicreg,imagenet,931,10.164291605923346,,,,,,vicreg,imagenet,100k,transfer,True
lid_inferior,8.176311492919924,6.9705400466918945,4.59694242477417,14.677165985107422,followup_50k_landmark_probe,celeb_to_cfd,geometry-fixedcompute-100k-vicreg-imagenet-50ksteps,50000,backbone,gap,2048,vicreg,imagenet,931,10.164291605923346,,,,,,vicreg,imagenet,100k,transfer,True
lid_superior,8.999761581420898,8.535301208496094,5.0838279724121085,15.018806457519533,followup_50k_landmark_probe,celeb_to_cfd,geometry-fixedcompute-100k-vicreg-imagenet-50ksteps,50000,backbone,gap,2048,vicreg,imagenet,931,10.164291605923346,,,,,,vicreg,imagenet,100k,transfer,True
medial_canthus,14.067391395568848,11.082738876342773,10.826201438903807,29.06010627746582,followup_50k_landmark_probe,celeb_to_cfd,geometry-fixedcompute-100k-vicreg-imagenet-50ksteps,50000,backbone,gap,2048,vicreg,imagenet,931,10.164291605923346,,,,,,vicreg,imagenet,100k,transfer,True
sclera_inferior,8.550151824951174,7.621408462524414,4.8189802169799805,15.872295379638672,followup_50k_landmark_probe,celeb_to_cfd,geometry-fixedcompute-100k-vicreg-imagenet-50ksteps,50000,backbone,gap,2048,vicreg,imagenet,931,10.164291605923346,,,,,,vicreg,imagenet,100k,transfer,True
sclera_superior,8.733650207519531,7.843609809875487,4.688477516174316,15.227560043334961,followup_50k_landmark_probe,celeb_to_cfd,geometry-fixedcompute-100k-vicreg-imagenet-50ksteps,50000,backbone,gap,2048,vicreg,imagenet,931,10.164291605923346,,,,,,vicreg,imagenet,100k,transfer,True
iris_centroid,9.701837539672852,8.702125549316406,5.539217472076416,16.935358047485348,followup_50k_landmark_probe,celeb_to_cfd,geometry-fixedcompute-1m-vicreg-imagenet-50ksteps,50000,backbone,gap,2048,vicreg,imagenet,986,10.496936964858426,,,,,,vicreg,imagenet,1m,transfer,True
iris_inferior,10.387462615966797,9.653079986572266,5.784456729888916,17.922090530395508,followup_50k_landmark_probe,celeb_to_cfd,geometry-fixedcompute-1m-vicreg-imagenet-50ksteps,50000,backbone,gap,2048,vicreg,imagenet,986,10.496936964858426,,,,,,vicreg,imagenet,1m,transfer,True
iris_superior,9.351362228393556,8.276114463806152,5.509266376495361,16.781972885131836,followup_50k_landmark_probe,celeb_to_cfd,geometry-fixedcompute-1m-vicreg-imagenet-50ksteps,50000,backbone,gap,2048,vicreg,imagenet,986,10.496936964858426,,,,,,vicreg,imagenet,1m,transfer,True
lateral_canthus,11.86842155456543,8.86610221862793,9.3234224319458,23.40196990966797,followup_50k_landmark_probe,celeb_to_cfd,geometry-fixedcompute-1m-vicreg-imagenet-50ksteps,50000,backbone,gap,2048,vicreg,imagenet,986,10.496936964858426,,,,,,vicreg,imagenet,1m,transfer,True
lid_inferior,9.091150283813477,7.970079898834228,5.450739860534668,15.92247200012207,followup_50k_landmark_probe,celeb_to_cfd,geometry-fixedcompute-1m-vicreg-imagenet-50ksteps,50000,backbone,gap,2048,vicreg,imagenet,986,10.496936964858426,,,,,,vicreg,imagenet,1m,transfer,True
lid_superior,10.392622947692873,9.357704162597656,5.824570655822754,17.41175651550293,followup_50k_landmark_probe,celeb_to_cfd,geometry-fixedcompute-1m-vicreg-imagenet-50ksteps,50000,backbone,gap,2048,vicreg,imagenet,986,10.496936964858426,,,,,,vicreg,imagenet,1m,transfer,True
medial_canthus,16.569639205932614,12.40918254852295,14.083451271057127,32.80072784423828,followup_50k_landmark_probe,celeb_to_cfd,geometry-fixedcompute-1m-vicreg-imagenet-50ksteps,50000,backbone,gap,2048,vicreg,imagenet,986,10.496936964858426,,,,,,vicreg,imagenet,1m,transfer,True
sclera_inferior,9.568198204040527,8.713394165039062,5.5892157554626465,17.306453704833984,followup_50k_landmark_probe,celeb_to_cfd,geometry-fixedcompute-1m-vicreg-imagenet-50ksteps,50000,backbone,gap,2048,vicreg,imagenet,986,10.496936964858426,,,,,,vicreg,imagenet,1m,transfer,True
sclera_superior,9.422731399536133,8.513406753540039,5.402242660522461,16.171789169311527,followup_50k_landmark_probe,celeb_to_cfd,geometry-fixedcompute-1m-vicreg-imagenet-50ksteps,50000,backbone,gap,2048,vicreg,imagenet,986,10.496936964858426,,,,,,vicreg,imagenet,1m,transfer,True
iris_centroid,7.375523090362549,6.613626480102539,4.177483558654785,13.300015449523926,followup_50k_landmark_probe,celeb_to_cfd,baseline-random,0,backbone,g4,32768,baseline,random,84,16.376626572322323,,,,,,baseline,random,baseline,transfer,True
iris_inferior,8.754425048828125,8.568112373352049,4.723982810974121,14.957900047302244,followup_50k_landmark_probe,celeb_to_cfd,baseline-random,0,backbone,g4,32768,baseline,random,84,16.376626572322323,,,,,,baseline,random,baseline,transfer,True
iris_superior,6.977078437805176,6.271040916442871,4.051844596862793,12.83206558227539,followup_50k_landmark_probe,celeb_to_cfd,baseline-random,0,backbone,g4,32768,baseline,random,84,16.376626572322323,,,,,,baseline,random,baseline,transfer,True
lateral_canthus,34.33211135864258,33.23974609375,18.944515228271484,61.42405319213867,followup_50k_landmark_probe,celeb_to_cfd,baseline-random,0,backbone,g4,32768,baseline,random,84,16.376626572322323,,,,,,baseline,random,baseline,transfer,True
lid_inferior,7.140382289886475,6.79676628112793,3.778520107269287,11.959535598754885,followup_50k_landmark_probe,celeb_to_cfd,baseline-random,0,backbone,g4,32768,baseline,random,84,16.376626572322323,,,,,,baseline,random,baseline,transfer,True
lid_superior,9.366894721984863,8.408613204956055,5.140472412109375,16.621721267700195,followup_50k_landmark_probe,celeb_to_cfd,baseline-random,0,backbone,g4,32768,baseline,random,84,16.376626572322323,,,,,,baseline,random,baseline,transfer,True
medial_canthus,39.20841598510742,36.243507385253906,22.4344425201416,70.21519470214844,followup_50k_landmark_probe,celeb_to_cfd,baseline-random,0,backbone,g4,32768,baseline,random,84,16.376626572322323,,,,,,baseline,random,baseline,transfer,True
sclera_inferior,7.709498882293701,7.136502742767334,4.557764530181885,13.359241485595705,followup_50k_landmark_probe,celeb_to_cfd,baseline-random,0,backbone,g4,32768,baseline,random,84,16.376626572322323,,,,,,baseline,random,baseline,transfer,True
sclera_superior,7.335988521575928,6.807988166809082,3.8338651657104488,12.400572776794435,followup_50k_landmark_probe,celeb_to_cfd,baseline-random,0,backbone,g4,32768,baseline,random,84,16.376626572322323,,,,,,baseline,random,baseline,transfer,True
iris_centroid,5.945619106292725,5.577803611755371,3.4971110820770264,9.827802658081056,followup_50k_landmark_probe,celeb_to_cfd,geometry-fixedcompute-10k-infonce-random-50ksteps,50000,backbone,g4,32768,infonce,random,214,6.4368305154185474,,,,,,infonce,random,10k,transfer,True
iris_inferior,7.543458461761475,7.5193376541137695,3.9783108234405518,11.87127685546875,followup_50k_landmark_probe,celeb_to_cfd,geometry-fixedcompute-10k-infonce-random-50ksteps,50000,backbone,g4,32768,infonce,random,214,6.4368305154185474,,,,,,infonce,random,10k,transfer,True
iris_superior,5.2078962326049805,4.593741416931152,3.1341218948364262,9.171219825744627,followup_50k_landmark_probe,celeb_to_cfd,geometry-fixedcompute-10k-infonce-random-50ksteps,50000,backbone,g4,32768,infonce,random,214,6.4368305154185474,,,,,,infonce,random,10k,transfer,True
lateral_canthus,6.314554214477539,5.530921936035156,3.8764939308166495,12.04568862915039,followup_50k_landmark_probe,celeb_to_cfd,geometry-fixedcompute-10k-infonce-random-50ksteps,50000,backbone,g4,32768,infonce,random,214,6.4368305154185474,,,,,,infonce,random,10k,transfer,True
lid_inferior,5.2579345703125,4.6570539474487305,3.1851322650909424,9.38943576812744,followup_50k_landmark_probe,celeb_to_cfd,geometry-fixedcompute-10k-infonce-random-50ksteps,50000,backbone,g4,32768,infonce,random,214,6.4368305154185474,,,,,,infonce,random,10k,transfer,True
lid_superior,5.597550392150879,4.766042709350586,3.4345853328704834,9.531280517578123,followup_50k_landmark_probe,celeb_to_cfd,geometry-fixedcompute-10k-infonce-random-50ksteps,50000,backbone,g4,32768,infonce,random,214,6.4368305154185474,,,,,,infonce,random,10k,transfer,True
medial_canthus,7.418212890625,7.00482988357544,3.933085680007935,12.859007835388185,followup_50k_landmark_probe,celeb_to_cfd,geometry-fixedcompute-10k-infonce-random-50ksteps,50000,backbone,g4,32768,infonce,random,214,6.4368305154185474,,,,,,infonce,random,10k,transfer,True
sclera_inferior,5.314452171325684,4.354901313781738,3.2865314483642583,9.43449878692627,followup_50k_landmark_probe,celeb_to_cfd,geometry-fixedcompute-10k-infonce-random-50ksteps,50000,backbone,g4,32768,infonce,random,214,6.4368305154185474,,,,,,infonce,random,10k,transfer,True
sclera_superior,5.253728866577148,4.448737144470215,3.2736937999725337,9.739666938781738,followup_50k_landmark_probe,celeb_to_cfd,geometry-fixedcompute-10k-infonce-random-50ksteps,50000,backbone,g4,32768,infonce,random,214,6.4368305154185474,,,,,,infonce,random,10k,transfer,True
iris_centroid,5.336201190948486,4.782761573791504,2.393004894256592,8.830188751220703,followup_50k_landmark_probe,celeb_to_cfd,geometry-fixedcompute-100k-infonce-random-50ksteps,50000,backbone,g4,32768,infonce,random,173,6.055478450379086,,,,,,infonce,random,100k,transfer,True
iris_inferior,6.771055698394775,6.328490257263184,3.173060894012451,11.519543647766113,followup_50k_landmark_probe,celeb_to_cfd,geometry-fixedcompute-100k-infonce-random-50ksteps,50000,backbone,g4,32768,infonce,random,173,6.055478450379086,,,,,,infonce,random,100k,transfer,True
iris_superior,4.287541389465332,3.95157241821289,2.40599012374878,7.700026035308838,followup_50k_landmark_probe,celeb_to_cfd,geometry-fixedcompute-100k-infonce-random-50ksteps,50000,backbone,g4,32768,infonce,random,173,6.055478450379086,,,,,,infonce,random,100k,transfer,True
lateral_canthus,5.341577529907227,4.720836639404297,3.0627019405364986,9.153247833251953,followup_50k_landmark_probe,celeb_to_cfd,geometry-fixedcompute-100k-infonce-random-50ksteps,50000,backbone,g4,32768,infonce,random,173,6.055478450379086,,,,,,infonce,random,100k,transfer,True
lid_inferior,3.974155426025391,3.7747890949249268,1.979517102241516,6.925969123840332,followup_50k_landmark_probe,celeb_to_cfd,geometry-fixedcompute-100k-infonce-random-50ksteps,50000,backbone,g4,32768,infonce,random,173,6.055478450379086,,,,,,infonce,random,100k,transfer,True
lid_superior,4.083380699157715,3.6152734756469727,2.5894153118133545,6.844181537628174,followup_50k_landmark_probe,celeb_to_cfd,geometry-fixedcompute-100k-infonce-random-50ksteps,50000,backbone,g4,32768,infonce,random,173,6.055478450379086,,,,,,infonce,random,100k,transfer,True
medial_canthus,6.5524163246154785,6.396217346191406,2.907749652862549,10.797775268554688,followup_50k_landmark_probe,celeb_to_cfd,geometry-fixedcompute-100k-infonce-random-50ksteps,50000,backbone,g4,32768,infonce,random,173,6.055478450379086,,,,,,infonce,random,100k,transfer,True
sclera_inferior,3.9338195323944087,3.7328035831451416,2.1283679008483887,7.161663055419923,followup_50k_landmark_probe,celeb_to_cfd,geometry-fixedcompute-100k-infonce-random-50ksteps,50000,backbone,g4,32768,infonce,random,173,6.055478450379086,,,,,,infonce,random,100k,transfer,True
sclera_superior,3.9991648197174072,3.8178305625915527,2.032346487045288,6.992502689361572,followup_50k_landmark_probe,celeb_to_cfd,geometry-fixedcompute-100k-infonce-random-50ksteps,50000,backbone,g4,32768,infonce,random,173,6.055478450379086,,,,,,infonce,random,100k,transfer,True
iris_centroid,9.270540237426758,9.213210105895996,3.176682472229004,13.208672523498535,followup_50k_landmark_probe,celeb_to_cfd,geometry-fixedcompute-1m-infonce-random-50ksteps,50000,backbone,g4,32768,infonce,random,201,5.611509695730574,,,,,,infonce,random,1m,transfer,True
iris_inferior,9.244447708129883,9.061149597167967,3.312903642654419,13.479451179504395,followup_50k_landmark_probe,celeb_to_cfd,geometry-fixedcompute-1m-infonce-random-50ksteps,50000,backbone,g4,32768,infonce,random,201,5.611509695730574,,,,,,infonce,random,1m,transfer,True
iris_superior,9.323070526123047,9.38833999633789,3.161981105804444,13.209867477416992,followup_50k_landmark_probe,celeb_to_cfd,geometry-fixedcompute-1m-infonce-random-50ksteps,50000,backbone,g4,32768,infonce,random,201,5.611509695730574,,,,,,infonce,random,1m,transfer,True
lateral_canthus,10.797240257263184,10.241109848022461,4.679553508758545,16.68290138244629,followup_50k_landmark_probe,celeb_to_cfd,geometry-fixedcompute-1m-infonce-random-50ksteps,50000,backbone,g4,32768,infonce,random,201,5.611509695730574,,,,,,infonce,random,1m,transfer,True
lid_inferior,10.268021583557127,10.413286209106444,3.357506275177002,14.443493843078613,followup_50k_landmark_probe,celeb_to_cfd,geometry-fixedcompute-1m-infonce-random-50ksteps,50000,backbone,g4,32768,infonce,random,201,5.611509695730574,,,,,,infonce,random,1m,transfer,True
lid_superior,10.77051830291748,10.73027801513672,3.3409907817840576,15.111837387084961,followup_50k_landmark_probe,celeb_to_cfd,geometry-fixedcompute-1m-infonce-random-50ksteps,50000,backbone,g4,32768,infonce,random,201,5.611509695730574,,,,,,infonce,random,1m,transfer,True
medial_canthus,11.282755851745605,10.808712005615234,5.240004539489746,17.763648986816406,followup_50k_landmark_probe,celeb_to_cfd,geometry-fixedcompute-1m-infonce-random-50ksteps,50000,backbone,g4,32768,infonce,random,201,5.611509695730574,,,,,,infonce,random,1m,transfer,True
sclera_inferior,12.544550895690918,12.485167503356935,3.654679298400879,16.809885025024414,followup_50k_landmark_probe,celeb_to_cfd,geometry-fixedcompute-1m-infonce-random-50ksteps,50000,backbone,g4,32768,infonce,random,201,5.611509695730574,,,,,,infonce,random,1m,transfer,True
sclera_superior,9.457080841064453,9.570252418518066,3.2765238285064697,13.546232223510742,followup_50k_landmark_probe,celeb_to_cfd,geometry-fixedcompute-1m-infonce-random-50ksteps,50000,backbone,g4,32768,infonce,random,201,5.611509695730574,,,,,,infonce,random,1m,transfer,True
iris_centroid,5.113349914550781,4.656959533691406,2.7286851406097408,8.346978187561035,followup_50k_landmark_probe,celeb_to_cfd,geometry-fixedcompute-10k-lejepa-random-50ksteps,50000,backbone,g4,32768,lejepa,random,354,6.179065467229957,,,,,,lejepa,random,10k,transfer,True
iris_inferior,6.337385654449463,5.827954292297362,3.1493549346923833,10.815799713134766,followup_50k_landmark_probe,celeb_to_cfd,geometry-fixedcompute-10k-lejepa-random-50ksteps,50000,backbone,g4,32768,lejepa,random,354,6.179065467229957,,,,,,lejepa,random,10k,transfer,True
iris_superior,4.277120113372804,3.793369770050049,2.690255641937256,7.528677463531494,followup_50k_landmark_probe,celeb_to_cfd,geometry-fixedcompute-10k-lejepa-random-50ksteps,50000,backbone,g4,32768,lejepa,random,354,6.179065467229957,,,,,,lejepa,random,10k,transfer,True
lateral_canthus,5.893925189971924,5.555290222167969,3.0930271148681636,9.644800186157227,followup_50k_landmark_probe,celeb_to_cfd,geometry-fixedcompute-10k-lejepa-random-50ksteps,50000,backbone,g4,32768,lejepa,random,354,6.179065467229957,,,,,,lejepa,random,10k,transfer,True
lid_inferior,4.042037487030028,3.665501356124878,2.4061110019683842,7.267467021942139,followup_50k_landmark_probe,celeb_to_cfd,geometry-fixedcompute-10k-lejepa-random-50ksteps,50000,backbone,g4,32768,lejepa,random,354,6.179065467229957,,,,,,lejepa,random,10k,transfer,True
lid_superior,4.852514266967773,4.385787963867188,3.223917245864868,9.220614433288574,followup_50k_landmark_probe,celeb_to_cfd,geometry-fixedcompute-10k-lejepa-random-50ksteps,50000,backbone,g4,32768,lejepa,random,354,6.179065467229957,,,,,,lejepa,random,10k,transfer,True
medial_canthus,6.273619651794434,6.075466632843018,3.368887186050415,10.286336898803713,followup_50k_landmark_probe,celeb_to_cfd,geometry-fixedcompute-10k-lejepa-random-50ksteps,50000,backbone,g4,32768,lejepa,random,354,6.179065467229957,,,,,,lejepa,random,10k,transfer,True
sclera_inferior,4.103133678436278,3.6556911468505864,2.3901069164276123,7.470786571502685,followup_50k_landmark_probe,celeb_to_cfd,geometry-fixedcompute-10k-lejepa-random-50ksteps,50000,backbone,g4,32768,lejepa,random,354,6.179065467229957,,,,,,lejepa,random,10k,transfer,True
sclera_superior,4.4395012855529785,4.246564865112306,2.541945457458496,7.859681606292725,followup_50k_landmark_probe,celeb_to_cfd,geometry-fixedcompute-10k-lejepa-random-50ksteps,50000,backbone,g4,32768,lejepa,random,354,6.179065467229957,,,,,,lejepa,random,10k,transfer,True
iris_centroid,4.280933856964111,3.8486227989196777,2.2937824726104736,7.481053829193115,followup_50k_landmark_probe,celeb_to_cfd,geometry-fixedcompute-100k-lejepa-random-50ksteps,50000,backbone,g4,32768,lejepa,random,298,6.175154662523114,,,,,,lejepa,random,100k,transfer,True
iris_inferior,5.959511280059815,5.790821075439452,2.9754302501678467,10.12468433380127,followup_50k_landmark_probe,celeb_to_cfd,geometry-fixedcompute-100k-lejepa-random-50ksteps,50000,backbone,g4,32768,lejepa,random,298,6.175154662523114,,,,,,lejepa,random,100k,transfer,True
iris_superior,3.731366634368897,3.1706318855285645,2.351952075958252,7.227233409881593,followup_50k_landmark_probe,celeb_to_cfd,geometry-fixedcompute-100k-lejepa-random-50ksteps,50000,backbone,g4,32768,lejepa,random,298,6.175154662523114,,,,,,lejepa,random,100k,transfer,True
lateral_canthus,4.743961811065674,4.276059150695802,2.62776517868042,8.471366882324219,followup_50k_landmark_probe,celeb_to_cfd,geometry-fixedcompute-100k-lejepa-random-50ksteps,50000,backbone,g4,32768,lejepa,random,298,6.175154662523114,,,,,,lejepa,random,100k,transfer,True
lid_inferior,3.813979148864746,3.5878353118896484,2.0662872791290283,6.183780193328857,followup_50k_landmark_probe,celeb_to_cfd,geometry-fixedcompute-100k-lejepa-random-50ksteps,50000,backbone,g4,32768,lejepa,random,298,6.175154662523114,,,,,,lejepa,random,100k,transfer,True
lid_superior,4.286578178405762,3.5284082889556885,2.759146213531494,7.810020923614503,followup_50k_landmark_probe,celeb_to_cfd,geometry-fixedcompute-100k-lejepa-random-50ksteps,50000,backbone,g4,32768,lejepa,random,298,6.175154662523114,,,,,,lejepa,random,100k,transfer,True
medial_canthus,7.1451988220214835,6.496357440948486,3.614384174346924,12.067516326904295,followup_50k_landmark_probe,celeb_to_cfd,geometry-fixedcompute-100k-lejepa-random-50ksteps,50000,backbone,g4,32768,lejepa,random,298,6.175154662523114,,,,,,lejepa,random,100k,transfer,True
sclera_inferior,3.955556631088257,3.4801268577575684,2.3905837535858154,7.1806745529174805,followup_50k_landmark_probe,celeb_to_cfd,geometry-fixedcompute-100k-lejepa-random-50ksteps,50000,backbone,g4,32768,lejepa,random,298,6.175154662523114,,,,,,lejepa,random,100k,transfer,True
sclera_superior,3.913793563842773,3.6038312911987305,2.135032415390014,6.7553534507751465,followup_50k_landmark_probe,celeb_to_cfd,geometry-fixedcompute-100k-lejepa-random-50ksteps,50000,backbone,g4,32768,lejepa,random,298,6.175154662523114,,,,,,lejepa,random,100k,transfer,True
iris_centroid,5.046523094177246,4.697083473205566,2.534989595413208,8.132466316223145,followup_50k_landmark_probe,celeb_to_cfd,geometry-fixedcompute-1m-lejepa-random-50ksteps,50000,backbone,g4,32768,lejepa,random,559,6.1921171125818475,,,,,,lejepa,random,1m,transfer,True
iris_inferior,5.863558292388916,5.562775611877441,2.8327016830444336,9.700651168823242,followup_50k_landmark_probe,celeb_to_cfd,geometry-fixedcompute-1m-lejepa-random-50ksteps,50000,backbone,g4,32768,lejepa,random,559,6.1921171125818475,,,,,,lejepa,random,1m,transfer,True
iris_superior,4.395289421081543,4.09900426864624,2.5736820697784424,7.588883876800537,followup_50k_landmark_probe,celeb_to_cfd,geometry-fixedcompute-1m-lejepa-random-50ksteps,50000,backbone,g4,32768,lejepa,random,559,6.1921171125818475,,,,,,lejepa,random,1m,transfer,True
lateral_canthus,6.461647987365723,6.365015506744385,3.3835694789886475,10.828213691711426,followup_50k_landmark_probe,celeb_to_cfd,geometry-fixedcompute-1m-lejepa-random-50ksteps,50000,backbone,g4,32768,lejepa,random,559,6.1921171125818475,,,,,,lejepa,random,1m,transfer,True
lid_inferior,4.34271764755249,4.3906641006469735,2.2819771766662598,6.939209938049316,followup_50k_landmark_probe,celeb_to_cfd,geometry-fixedcompute-1m-lejepa-random-50ksteps,50000,backbone,g4,32768,lejepa,random,559,6.1921171125818475,,,,,,lejepa,random,1m,transfer,True
lid_superior,4.560777187347412,4.293814182281493,2.88855242729187,7.8120970726013175,followup_50k_landmark_probe,celeb_to_cfd,geometry-fixedcompute-1m-lejepa-random-50ksteps,50000,backbone,g4,32768,lejepa,random,559,6.1921171125818475,,,,,,lejepa,random,1m,transfer,True
medial_canthus,6.869106769561768,6.331401824951173,3.5717570781707764,11.667475700378418,followup_50k_landmark_probe,celeb_to_cfd,geometry-fixedcompute-1m-lejepa-random-50ksteps,50000,backbone,g4,32768,lejepa,random,559,6.1921171125818475,,,,,,lejepa,random,1m,transfer,True
sclera_inferior,4.281504154205321,3.889316320419312,2.403820753097534,7.262803554534912,followup_50k_landmark_probe,celeb_to_cfd,geometry-fixedcompute-1m-lejepa-random-50ksteps,50000,backbone,g4,32768,lejepa,random,559,6.1921171125818475,,,,,,lejepa,random,1m,transfer,True
sclera_superior,4.658958911895752,4.476414680480957,2.3977930545806885,7.756264686584473,followup_50k_landmark_probe,celeb_to_cfd,geometry-fixedcompute-1m-lejepa-random-50ksteps,50000,backbone,g4,32768,lejepa,random,559,6.1921171125818475,,,,,,lejepa,random,1m,transfer,True
iris_centroid,10.547601699829102,10.384866714477539,4.3404974937438965,15.753589630126953,followup_50k_landmark_probe,celeb_to_cfd,geometry-fixedcompute-10k-vicreg-random-50ksteps,50000,backbone,g4,32768,vicreg,random,279,6.344824684122221,,,,,,vicreg,random,10k,transfer,True
iris_inferior,11.592529296875,11.10576057434082,5.031989574432373,18.32585906982422,followup_50k_landmark_probe,celeb_to_cfd,geometry-fixedcompute-10k-vicreg-random-50ksteps,50000,backbone,g4,32768,vicreg,random,279,6.344824684122221,,,,,,vicreg,random,10k,transfer,True
iris_superior,8.636967658996582,8.623872756958008,4.083575248718262,14.055649757385256,followup_50k_landmark_probe,celeb_to_cfd,geometry-fixedcompute-10k-vicreg-random-50ksteps,50000,backbone,g4,32768,vicreg,random,279,6.344824684122221,,,,,,vicreg,random,10k,transfer,True
lateral_canthus,9.010302543640137,8.972475051879883,4.190646171569823,14.035933494567873,followup_50k_landmark_probe,celeb_to_cfd,geometry-fixedcompute-10k-vicreg-random-50ksteps,50000,backbone,g4,32768,vicreg,random,279,6.344824684122221,,,,,,vicreg,random,10k,transfer,True
lid_inferior,7.579051971435548,6.78068208694458,4.012805461883545,12.77242946624756,followup_50k_landmark_probe,celeb_to_cfd,geometry-fixedcompute-10k-vicreg-random-50ksteps,50000,backbone,g4,32768,vicreg,random,279,6.344824684122221,,,,,,vicreg,random,10k,transfer,True
lid_superior,7.446247100830077,6.894125938415527,4.399020195007324,13.575276374816895,followup_50k_landmark_probe,celeb_to_cfd,geometry-fixedcompute-10k-vicreg-random-50ksteps,50000,backbone,g4,32768,vicreg,random,279,6.344824684122221,,,,,,vicreg,random,10k,transfer,True
medial_canthus,10.46635627746582,10.428669929504396,5.248154640197754,17.9822998046875,followup_50k_landmark_probe,celeb_to_cfd,geometry-fixedcompute-10k-vicreg-random-50ksteps,50000,backbone,g4,32768,vicreg,random,279,6.344824684122221,,,,,,vicreg,random,10k,transfer,True
sclera_inferior,7.511558055877685,7.2515926361083975,4.07603931427002,13.192388534545898,followup_50k_landmark_probe,celeb_to_cfd,geometry-fixedcompute-10k-vicreg-random-50ksteps,50000,backbone,g4,32768,vicreg,random,279,6.344824684122221,,,,,,vicreg,random,10k,transfer,True
sclera_superior,8.081730842590332,7.844086647033691,4.163885593414307,13.671707153320312,followup_50k_landmark_probe,celeb_to_cfd,geometry-fixedcompute-10k-vicreg-random-50ksteps,50000,backbone,g4,32768,vicreg,random,279,6.344824684122221,,,,,,vicreg,random,10k,transfer,True
iris_centroid,4.624026298522949,4.418287754058838,2.4259965419769287,7.549824714660644,followup_50k_landmark_probe,celeb_to_cfd,geometry-fixedcompute-100k-vicreg-random-50ksteps,50000,backbone,g4,32768,vicreg,random,411,5.6765602221254445,,,,,,vicreg,random,100k,transfer,True
iris_inferior,6.0295281410217285,5.412609100341797,3.138346672058105,10.473014831542967,followup_50k_landmark_probe,celeb_to_cfd,geometry-fixedcompute-100k-vicreg-random-50ksteps,50000,backbone,g4,32768,vicreg,random,411,5.6765602221254445,,,,,,vicreg,random,100k,transfer,True
iris_superior,4.163502216339111,3.8899035453796387,2.157961368560791,7.105018615722656,followup_50k_landmark_probe,celeb_to_cfd,geometry-fixedcompute-100k-vicreg-random-50ksteps,50000,backbone,g4,32768,vicreg,random,411,5.6765602221254445,,,,,,vicreg,random,100k,transfer,True
lateral_canthus,4.950167179107666,4.332633972167969,3.11307144165039,8.839207649230957,followup_50k_landmark_probe,celeb_to_cfd,geometry-fixedcompute-100k-vicreg-random-50ksteps,50000,backbone,g4,32768,vicreg,random,411,5.6765602221254445,,,,,,vicreg,random,100k,transfer,True
lid_inferior,4.1696996688842765,4.1659584045410165,2.284036159515381,6.7027692794799805,followup_50k_landmark_probe,celeb_to_cfd,geometry-fixedcompute-100k-vicreg-random-50ksteps,50000,backbone,g4,32768,vicreg,random,411,5.6765602221254445,,,,,,vicreg,random,100k,transfer,True
lid_superior,4.234084606170653,4.1157402992248535,2.581500291824341,7.441849708557129,followup_50k_landmark_probe,celeb_to_cfd,geometry-fixedcompute-100k-vicreg-random-50ksteps,50000,backbone,g4,32768,vicreg,random,411,5.6765602221254445,,,,,,vicreg,random,100k,transfer,True
medial_canthus,5.713979244232178,5.261363983154297,3.1454379558563232,10.631473541259766,followup_50k_landmark_probe,celeb_to_cfd,geometry-fixedcompute-100k-vicreg-random-50ksteps,50000,backbone,g4,32768,vicreg,random,411,5.6765602221254445,,,,,,vicreg,random,100k,transfer,True
sclera_inferior,4.330371856689453,3.740361213684082,2.520385503768921,8.126203536987305,followup_50k_landmark_probe,celeb_to_cfd,geometry-fixedcompute-100k-vicreg-random-50ksteps,50000,backbone,g4,32768,vicreg,random,411,5.6765602221254445,,,,,,vicreg,random,100k,transfer,True
sclera_superior,4.2337260246276855,4.171791076660156,2.3129651546478267,7.216655254364014,followup_50k_landmark_probe,celeb_to_cfd,geometry-fixedcompute-100k-vicreg-random-50ksteps,50000,backbone,g4,32768,vicreg,random,411,5.6765602221254445,,,,,,vicreg,random,100k,transfer,True
iris_centroid,4.552573204040527,4.440633773803711,2.1991236209869385,7.361842632293701,followup_50k_landmark_probe,celeb_to_cfd,geometry-fixedcompute-1m-vicreg-random-50ksteps,50000,backbone,g4,32768,vicreg,random,209,5.7548600702337875,,,,,,vicreg,random,1m,transfer,True
iris_inferior,5.488431930541992,5.101190567016602,2.5071043968200684,8.738143920898438,followup_50k_landmark_probe,celeb_to_cfd,geometry-fixedcompute-1m-vicreg-random-50ksteps,50000,backbone,g4,32768,vicreg,random,209,5.7548600702337875,,,,,,vicreg,random,1m,transfer,True
iris_superior,4.294769763946533,3.9006505012512207,2.299950122833252,7.185533046722412,followup_50k_landmark_probe,celeb_to_cfd,geometry-fixedcompute-1m-vicreg-random-50ksteps,50000,backbone,g4,32768,vicreg,random,209,5.7548600702337875,,,,,,vicreg,random,1m,transfer,True
lateral_canthus,5.592986106872559,4.996207237243652,3.3686008453369136,9.695204734802246,followup_50k_landmark_probe,celeb_to_cfd,geometry-fixedcompute-1m-vicreg-random-50ksteps,50000,backbone,g4,32768,vicreg,random,209,5.7548600702337875,,,,,,vicreg,random,1m,transfer,True
lid_inferior,4.3685998916625985,4.0842323303222665,2.396370649337769,7.963562965393066,followup_50k_landmark_probe,celeb_to_cfd,geometry-fixedcompute-1m-vicreg-random-50ksteps,50000,backbone,g4,32768,vicreg,random,209,5.7548600702337875,,,,,,vicreg,random,1m,transfer,True
lid_superior,5.045678615570068,4.726621627807617,2.5619027614593506,8.342873573303223,followup_50k_landmark_probe,celeb_to_cfd,geometry-fixedcompute-1m-vicreg-random-50ksteps,50000,backbone,g4,32768,vicreg,random,209,5.7548600702337875,,,,,,vicreg,random,1m,transfer,True
medial_canthus,5.6095542907714835,5.313467502593994,2.8555057048797607,9.54827880859375,followup_50k_landmark_probe,celeb_to_cfd,geometry-fixedcompute-1m-vicreg-random-50ksteps,50000,backbone,g4,32768,vicreg,random,209,5.7548600702337875,,,,,,vicreg,random,1m,transfer,True
sclera_inferior,5.003968238830566,4.63336992263794,2.590178966522217,9.083738327026367,followup_50k_landmark_probe,celeb_to_cfd,geometry-fixedcompute-1m-vicreg-random-50ksteps,50000,backbone,g4,32768,vicreg,random,209,5.7548600702337875,,,,,,vicreg,random,1m,transfer,True
sclera_superior,4.500321865081787,4.288250923156738,2.4005846977233887,7.814064502716064,followup_50k_landmark_probe,celeb_to_cfd,geometry-fixedcompute-1m-vicreg-random-50ksteps,50000,backbone,g4,32768,vicreg,random,209,5.7548600702337875,,,,,,vicreg,random,1m,transfer,True
iris_centroid,10.947469711303713,9.80703830718994,6.659156799316406,18.78155899047852,followup_50k_landmark_probe,celeb_to_cfd,baseline-imagenet,0,backbone,g4,32768,baseline,imagenet,303,12.51689850437185,,,,,,baseline,imagenet,baseline,transfer,True
iris_inferior,11.809045791625975,10.12437629699707,7.498990535736084,21.823198318481445,followup_50k_landmark_probe,celeb_to_cfd,baseline-imagenet,0,backbone,g4,32768,baseline,imagenet,303,12.51689850437185,,,,,,baseline,imagenet,baseline,transfer,True
iris_superior,10.394411087036133,8.866193771362305,6.113646507263184,18.117000579833984,followup_50k_landmark_probe,celeb_to_cfd,baseline-imagenet,0,backbone,g4,32768,baseline,imagenet,303,12.51689850437185,,,,,,baseline,imagenet,baseline,transfer,True
lateral_canthus,13.35745334625244,11.41598892211914,8.797819137573242,24.28494453430176,followup_50k_landmark_probe,celeb_to_cfd,baseline-imagenet,0,backbone,g4,32768,baseline,imagenet,303,12.51689850437185,,,,,,baseline,imagenet,baseline,transfer,True
lid_inferior,11.685364723205565,10.404363632202148,6.612025737762451,20.737415313720703,followup_50k_landmark_probe,celeb_to_cfd,baseline-imagenet,0,backbone,g4,32768,baseline,imagenet,303,12.51689850437185,,,,,,baseline,imagenet,baseline,transfer,True
lid_superior,11.429048538208008,9.95380973815918,6.421054363250732,21.57078742980957,followup_50k_landmark_probe,celeb_to_cfd,baseline-imagenet,0,backbone,g4,32768,baseline,imagenet,303,12.51689850437185,,,,,,baseline,imagenet,baseline,transfer,True
medial_canthus,15.036883354187012,11.69327163696289,13.230401039123535,27.985958099365234,followup_50k_landmark_probe,celeb_to_cfd,baseline-imagenet,0,backbone,g4,32768,baseline,imagenet,303,12.51689850437185,,,,,,baseline,imagenet,baseline,transfer,True
sclera_inferior,12.726154327392578,11.438849449157715,6.9450950622558585,22.89461898803711,followup_50k_landmark_probe,celeb_to_cfd,baseline-imagenet,0,backbone,g4,32768,baseline,imagenet,303,12.51689850437185,,,,,,baseline,imagenet,baseline,transfer,True
sclera_superior,11.37601089477539,9.99307918548584,6.6607160568237305,20.32892799377441,followup_50k_landmark_probe,celeb_to_cfd,baseline-imagenet,0,backbone,g4,32768,baseline,imagenet,303,12.51689850437185,,,,,,baseline,imagenet,baseline,transfer,True
iris_centroid,14.229331970214846,12.43494701385498,9.006584167480469,26.69461250305176,followup_50k_landmark_probe,celeb_to_cfd,geometry-fixedcompute-10k-infonce-imagenet-50ksteps,50000,backbone,g4,32768,infonce,imagenet,287,13.130484398596925,,,,,,infonce,imagenet,10k,transfer,True
iris_inferior,16.123865127563473,13.745121002197266,10.036437034606934,30.50178527832031,followup_50k_landmark_probe,celeb_to_cfd,geometry-fixedcompute-10k-infonce-imagenet-50ksteps,50000,backbone,g4,32768,infonce,imagenet,287,13.130484398596925,,,,,,infonce,imagenet,10k,transfer,True
iris_superior,12.709511756896973,11.219974517822266,8.070243835449219,22.83177947998047,followup_50k_landmark_probe,celeb_to_cfd,geometry-fixedcompute-10k-infonce-imagenet-50ksteps,50000,backbone,g4,32768,infonce,imagenet,287,13.130484398596925,,,,,,infonce,imagenet,10k,transfer,True
lateral_canthus,14.095715522766113,12.444778442382812,8.805294036865234,27.251434326171875,followup_50k_landmark_probe,celeb_to_cfd,geometry-fixedcompute-10k-infonce-imagenet-50ksteps,50000,backbone,g4,32768,infonce,imagenet,287,13.130484398596925,,,,,,infonce,imagenet,10k,transfer,True
lid_inferior,12.38416862487793,10.579428672790527,7.950221061706543,23.013376235961925,followup_50k_landmark_probe,celeb_to_cfd,geometry-fixedcompute-10k-infonce-imagenet-50ksteps,50000,backbone,g4,32768,infonce,imagenet,287,13.130484398596925,,,,,,infonce,imagenet,10k,transfer,True
lid_superior,11.811515808105467,10.14699935913086,7.398494243621826,22.09654235839844,followup_50k_landmark_probe,celeb_to_cfd,geometry-fixedcompute-10k-infonce-imagenet-50ksteps,50000,backbone,g4,32768,infonce,imagenet,287,13.130484398596925,,,,,,infonce,imagenet,10k,transfer,True
medial_canthus,16.580951690673828,15.489871978759766,9.198890686035156,28.70566749572754,followup_50k_landmark_probe,celeb_to_cfd,geometry-fixedcompute-10k-infonce-imagenet-50ksteps,50000,backbone,g4,32768,infonce,imagenet,287,13.130484398596925,,,,,,infonce,imagenet,10k,transfer,True
sclera_inferior,13.43505573272705,11.559826850891113,9.013239860534668,25.37488174438477,followup_50k_landmark_probe,celeb_to_cfd,geometry-fixedcompute-10k-infonce-imagenet-50ksteps,50000,backbone,g4,32768,infonce,imagenet,287,13.130484398596925,,,,,,infonce,imagenet,10k,transfer,True
sclera_superior,12.94504451751709,11.316139221191404,8.262913703918457,24.193809509277344,followup_50k_landmark_probe,celeb_to_cfd,geometry-fixedcompute-10k-infonce-imagenet-50ksteps,50000,backbone,g4,32768,infonce,imagenet,287,13.130484398596925,,,,,,infonce,imagenet,10k,transfer,True
iris_centroid,5.39077615737915,5.030226707458496,2.750051498413086,9.470544815063477,followup_50k_landmark_probe,celeb_to_cfd,geometry-fixedcompute-100k-infonce-imagenet-50ksteps,50000,backbone,g4,32768,infonce,imagenet,249,6.7301168650225875,,,,,,infonce,imagenet,100k,transfer,True
iris_inferior,5.739616394042969,5.370734691619873,2.8700046539306636,9.792159080505373,followup_50k_landmark_probe,celeb_to_cfd,geometry-fixedcompute-100k-infonce-imagenet-50ksteps,50000,backbone,g4,32768,infonce,imagenet,249,6.7301168650225875,,,,,,infonce,imagenet,100k,transfer,True
iris_superior,5.527300834655762,5.129979133605957,2.7883400917053223,9.190133094787598,followup_50k_landmark_probe,celeb_to_cfd,geometry-fixedcompute-100k-infonce-imagenet-50ksteps,50000,backbone,g4,32768,infonce,imagenet,249,6.7301168650225875,,,,,,infonce,imagenet,100k,transfer,True
lateral_canthus,8.056674957275389,7.348154544830322,4.348243236541748,14.808419227600098,followup_50k_landmark_probe,celeb_to_cfd,geometry-fixedcompute-100k-infonce-imagenet-50ksteps,50000,backbone,g4,32768,infonce,imagenet,249,6.7301168650225875,,,,,,infonce,imagenet,100k,transfer,True
lid_inferior,5.882920265197754,5.105340003967285,3.05812406539917,10.54702091217041,followup_50k_landmark_probe,celeb_to_cfd,geometry-fixedcompute-100k-infonce-imagenet-50ksteps,50000,backbone,g4,32768,infonce,imagenet,249,6.7301168650225875,,,,,,infonce,imagenet,100k,transfer,True
lid_superior,6.4798216819763175,6.151047706604004,3.0784237384796143,10.71116828918457,followup_50k_landmark_probe,celeb_to_cfd,geometry-fixedcompute-100k-infonce-imagenet-50ksteps,50000,backbone,g4,32768,infonce,imagenet,249,6.7301168650225875,,,,,,infonce,imagenet,100k,transfer,True
medial_canthus,7.045836448669434,6.2897586822509775,3.9913623332977295,12.766919136047365,followup_50k_landmark_probe,celeb_to_cfd,geometry-fixedcompute-100k-infonce-imagenet-50ksteps,50000,backbone,g4,32768,infonce,imagenet,249,6.7301168650225875,,,,,,infonce,imagenet,100k,transfer,True
sclera_inferior,7.1660828590393075,7.089923858642577,3.454797506332397,11.267005920410154,followup_50k_landmark_probe,celeb_to_cfd,geometry-fixedcompute-100k-infonce-imagenet-50ksteps,50000,backbone,g4,32768,infonce,imagenet,249,6.7301168650225875,,,,,,infonce,imagenet,100k,transfer,True
sclera_superior,5.416104316711426,4.632159233093262,2.94374418258667,9.590524673461914,followup_50k_landmark_probe,celeb_to_cfd,geometry-fixedcompute-100k-infonce-imagenet-50ksteps,50000,backbone,g4,32768,infonce,imagenet,249,6.7301168650225875,,,,,,infonce,imagenet,100k,transfer,True
iris_centroid,5.402406692504883,5.0827250480651855,2.934032201766968,9.18948459625244,followup_50k_landmark_probe,celeb_to_cfd,geometry-fixedcompute-1m-infonce-imagenet-50ksteps,50000,backbone,g4,32768,infonce,imagenet,397,6.627006911189178,,,,,,infonce,imagenet,1m,transfer,True
iris_inferior,5.939896106719972,5.845101356506348,2.931767225265503,9.59684944152832,followup_50k_landmark_probe,celeb_to_cfd,geometry-fixedcompute-1m-infonce-imagenet-50ksteps,50000,backbone,g4,32768,infonce,imagenet,397,6.627006911189178,,,,,,infonce,imagenet,1m,transfer,True
iris_superior,5.6247897148132315,4.958632469177246,3.1415812969207764,9.51944637298584,followup_50k_landmark_probe,celeb_to_cfd,geometry-fixedcompute-1m-infonce-imagenet-50ksteps,50000,backbone,g4,32768,infonce,imagenet,397,6.627006911189178,,,,,,infonce,imagenet,1m,transfer,True
lateral_canthus,6.666722297668457,5.943096160888673,3.9027130603790283,11.409174919128418,followup_50k_landmark_probe,celeb_to_cfd,geometry-fixedcompute-1m-infonce-imagenet-50ksteps,50000,backbone,g4,32768,infonce,imagenet,397,6.627006911189178,,,,,,infonce,imagenet,1m,transfer,True
lid_inferior,5.745017051696777,5.160490036010742,3.2978708744049072,10.460674285888672,followup_50k_landmark_probe,celeb_to_cfd,geometry-fixedcompute-1m-infonce-imagenet-50ksteps,50000,backbone,g4,32768,infonce,imagenet,397,6.627006911189178,,,,,,infonce,imagenet,1m,transfer,True
lid_superior,6.306796073913574,5.573583602905273,3.7722339630126953,11.48312759399414,followup_50k_landmark_probe,celeb_to_cfd,geometry-fixedcompute-1m-infonce-imagenet-50ksteps,50000,backbone,g4,32768,infonce,imagenet,397,6.627006911189178,,,,,,infonce,imagenet,1m,transfer,True
medial_canthus,6.554527759552003,5.865745544433594,4.027076721191406,12.1063814163208,followup_50k_landmark_probe,celeb_to_cfd,geometry-fixedcompute-1m-infonce-imagenet-50ksteps,50000,backbone,g4,32768,infonce,imagenet,397,6.627006911189178,,,,,,infonce,imagenet,1m,transfer,True
sclera_inferior,6.508599281311035,5.71891450881958,3.749537229537964,11.417055130004885,followup_50k_landmark_probe,celeb_to_cfd,geometry-fixedcompute-1m-infonce-imagenet-50ksteps,50000,backbone,g4,32768,infonce,imagenet,397,6.627006911189178,,,,,,infonce,imagenet,1m,transfer,True
sclera_superior,5.628320217132568,4.989385604858398,3.258384227752685,9.749191284179688,followup_50k_landmark_probe,celeb_to_cfd,geometry-fixedcompute-1m-infonce-imagenet-50ksteps,50000,backbone,g4,32768,infonce,imagenet,397,6.627006911189178,,,,,,infonce,imagenet,1m,transfer,True
iris_centroid,12.506467819213867,11.396371841430664,6.556151390075684,21.025737762451172,followup_50k_landmark_probe,celeb_to_cfd,geometry-fixedcompute-10k-lejepa-imagenet-50ksteps,50000,backbone,g4,32768,lejepa,imagenet,311,11.806192283421916,,,,,,lejepa,imagenet,10k,transfer,True
iris_inferior,14.175532341003418,13.112565994262695,7.438346862792969,23.256866455078125,followup_50k_landmark_probe,celeb_to_cfd,geometry-fixedcompute-10k-lejepa-imagenet-50ksteps,50000,backbone,g4,32768,lejepa,imagenet,311,11.806192283421916,,,,,,lejepa,imagenet,10k,transfer,True
iris_superior,11.005332946777344,9.807559967041016,5.97510290145874,18.162569046020508,followup_50k_landmark_probe,celeb_to_cfd,geometry-fixedcompute-10k-lejepa-imagenet-50ksteps,50000,backbone,g4,32768,lejepa,imagenet,311,11.806192283421916,,,,,,lejepa,imagenet,10k,transfer,True
lateral_canthus,13.747950553894045,12.051263809204102,9.03538417816162,26.00147819519043,followup_50k_landmark_probe,celeb_to_cfd,geometry-fixedcompute-10k-lejepa-imagenet-50ksteps,50000,backbone,g4,32768,lejepa,imagenet,311,11.806192283421916,,,,,,lejepa,imagenet,10k,transfer,True
lid_inferior,10.92625331878662,10.118664741516113,5.806588649749756,18.416301727294922,followup_50k_landmark_probe,celeb_to_cfd,geometry-fixedcompute-10k-lejepa-imagenet-50ksteps,50000,backbone,g4,32768,lejepa,imagenet,311,11.806192283421916,,,,,,lejepa,imagenet,10k,transfer,True
lid_superior,11.003538131713867,10.19487762451172,5.929228782653809,17.520238876342773,followup_50k_landmark_probe,celeb_to_cfd,geometry-fixedcompute-10k-lejepa-imagenet-50ksteps,50000,backbone,g4,32768,lejepa,imagenet,311,11.806192283421916,,,,,,lejepa,imagenet,10k,transfer,True
medial_canthus,16.79714584350586,14.68416976928711,10.817831039428713,31.766305923461925,followup_50k_landmark_probe,celeb_to_cfd,geometry-fixedcompute-10k-lejepa-imagenet-50ksteps,50000,backbone,g4,32768,lejepa,imagenet,311,11.806192283421916,,,,,,lejepa,imagenet,10k,transfer,True
sclera_inferior,11.78843879699707,10.42038345336914,7.1786537170410165,21.690813064575195,followup_50k_landmark_probe,celeb_to_cfd,geometry-fixedcompute-10k-lejepa-imagenet-50ksteps,50000,backbone,g4,32768,lejepa,imagenet,311,11.806192283421916,,,,,,lejepa,imagenet,10k,transfer,True
sclera_superior,11.67324447631836,11.402739524841307,5.987515926361084,19.92123413085937,followup_50k_landmark_probe,celeb_to_cfd,geometry-fixedcompute-10k-lejepa-imagenet-50ksteps,50000,backbone,g4,32768,lejepa,imagenet,311,11.806192283421916,,,,,,lejepa,imagenet,10k,transfer,True
iris_centroid,6.418057441711426,5.900774002075195,3.4692506790161133,11.209653854370117,followup_50k_landmark_probe,celeb_to_cfd,geometry-fixedcompute-100k-lejepa-imagenet-50ksteps,50000,backbone,g4,32768,lejepa,imagenet,271,7.93182453301435,,,,,,lejepa,imagenet,100k,transfer,True
iris_inferior,7.330057144165039,7.036286354064941,3.51521897315979,11.700613975524902,followup_50k_landmark_probe,celeb_to_cfd,geometry-fixedcompute-100k-lejepa-imagenet-50ksteps,50000,backbone,g4,32768,lejepa,imagenet,271,7.93182453301435,,,,,,lejepa,imagenet,100k,transfer,True
iris_superior,6.505241394042969,5.826494216918945,3.5858979225158687,11.694751739501953,followup_50k_landmark_probe,celeb_to_cfd,geometry-fixedcompute-100k-lejepa-imagenet-50ksteps,50000,backbone,g4,32768,lejepa,imagenet,271,7.93182453301435,,,,,,lejepa,imagenet,100k,transfer,True
lateral_canthus,7.883450508117676,6.747435569763184,5.410764217376709,15.491332054138185,followup_50k_landmark_probe,celeb_to_cfd,geometry-fixedcompute-100k-lejepa-imagenet-50ksteps,50000,backbone,g4,32768,lejepa,imagenet,271,7.93182453301435,,,,,,lejepa,imagenet,100k,transfer,True
lid_inferior,7.478475093841553,6.981078147888184,3.623777866363525,12.539881706237793,followup_50k_landmark_probe,celeb_to_cfd,geometry-fixedcompute-100k-lejepa-imagenet-50ksteps,50000,backbone,g4,32768,lejepa,imagenet,271,7.93182453301435,,,,,,lejepa,imagenet,100k,transfer,True
lid_superior,6.644575119018555,6.03099250793457,3.4097745418548584,11.633560180664062,followup_50k_landmark_probe,celeb_to_cfd,geometry-fixedcompute-100k-lejepa-imagenet-50ksteps,50000,backbone,g4,32768,lejepa,imagenet,271,7.93182453301435,,,,,,lejepa,imagenet,100k,transfer,True
medial_canthus,8.562580108642576,7.667426109313965,5.610547065734863,15.745729446411133,followup_50k_landmark_probe,celeb_to_cfd,geometry-fixedcompute-100k-lejepa-imagenet-50ksteps,50000,backbone,g4,32768,lejepa,imagenet,271,7.93182453301435,,,,,,lejepa,imagenet,100k,transfer,True
sclera_inferior,7.658152103424072,6.981172561645508,4.053881645202637,13.530097007751465,followup_50k_landmark_probe,celeb_to_cfd,geometry-fixedcompute-100k-lejepa-imagenet-50ksteps,50000,backbone,g4,32768,lejepa,imagenet,271,7.93182453301435,,,,,,lejepa,imagenet,100k,transfer,True
sclera_superior,6.783439636230469,6.213987350463867,3.485654592514038,11.445966720581055,followup_50k_landmark_probe,celeb_to_cfd,geometry-fixedcompute-100k-lejepa-imagenet-50ksteps,50000,backbone,g4,32768,lejepa,imagenet,271,7.93182453301435,,,,,,lejepa,imagenet,100k,transfer,True
iris_centroid,6.170276165008545,5.5557403564453125,3.459744691848755,11.261053085327148,followup_50k_landmark_probe,celeb_to_cfd,geometry-fixedcompute-1m-lejepa-imagenet-50ksteps,50000,backbone,g4,32768,lejepa,imagenet,138,7.942874423793105,,,,,,lejepa,imagenet,1m,transfer,True
iris_inferior,7.007997989654541,6.75545597076416,3.832233667373657,12.44792366027832,followup_50k_landmark_probe,celeb_to_cfd,geometry-fixedcompute-1m-lejepa-imagenet-50ksteps,50000,backbone,g4,32768,lejepa,imagenet,138,7.942874423793105,,,,,,lejepa,imagenet,1m,transfer,True
iris_superior,6.055412292480469,5.622102737426758,3.295546531677246,10.431116104125977,followup_50k_landmark_probe,celeb_to_cfd,geometry-fixedcompute-1m-lejepa-imagenet-50ksteps,50000,backbone,g4,32768,lejepa,imagenet,138,7.942874423793105,,,,,,lejepa,imagenet,1m,transfer,True
lateral_canthus,7.466457843780518,6.943179130554199,4.301600456237793,12.920025825500488,followup_50k_landmark_probe,celeb_to_cfd,geometry-fixedcompute-1m-lejepa-imagenet-50ksteps,50000,backbone,g4,32768,lejepa,imagenet,138,7.942874423793105,,,,,,lejepa,imagenet,1m,transfer,True
lid_inferior,6.424269676208496,6.142197608947754,3.445974588394165,11.33255100250244,followup_50k_landmark_probe,celeb_to_cfd,geometry-fixedcompute-1m-lejepa-imagenet-50ksteps,50000,backbone,g4,32768,lejepa,imagenet,138,7.942874423793105,,,,,,lejepa,imagenet,1m,transfer,True
lid_superior,6.29494571685791,5.9565162658691415,3.3268611431121826,10.909478187561037,followup_50k_landmark_probe,celeb_to_cfd,geometry-fixedcompute-1m-lejepa-imagenet-50ksteps,50000,backbone,g4,32768,lejepa,imagenet,138,7.942874423793105,,,,,,lejepa,imagenet,1m,transfer,True
medial_canthus,8.808096885681152,8.378073692321777,4.888359069824219,15.13772678375244,followup_50k_landmark_probe,celeb_to_cfd,geometry-fixedcompute-1m-lejepa-imagenet-50ksteps,50000,backbone,g4,32768,lejepa,imagenet,138,7.942874423793105,,,,,,lejepa,imagenet,1m,transfer,True
sclera_inferior,6.94684362411499,6.331799507141112,3.673825979232788,12.2034912109375,followup_50k_landmark_probe,celeb_to_cfd,geometry-fixedcompute-1m-lejepa-imagenet-50ksteps,50000,backbone,g4,32768,lejepa,imagenet,138,7.942874423793105,,,,,,lejepa,imagenet,1m,transfer,True
sclera_superior,6.215743541717528,5.963906288146973,3.316491842269897,10.788312911987305,followup_50k_landmark_probe,celeb_to_cfd,geometry-fixedcompute-1m-lejepa-imagenet-50ksteps,50000,backbone,g4,32768,lejepa,imagenet,138,7.942874423793105,,,,,,lejepa,imagenet,1m,transfer,True
iris_centroid,7.597760200500487,6.965798377990723,4.462953567504883,13.580759048461914,followup_50k_landmark_probe,celeb_to_cfd,geometry-fixedcompute-10k-vicreg-imagenet-50ksteps,50000,backbone,g4,32768,vicreg,imagenet,256,9.918427613263573,,,,,,vicreg,imagenet,10k,transfer,True
iris_inferior,8.311267852783201,7.3299665451049805,4.690944194793701,14.868124961853027,followup_50k_landmark_probe,celeb_to_cfd,geometry-fixedcompute-10k-vicreg-imagenet-50ksteps,50000,backbone,g4,32768,vicreg,imagenet,256,9.918427613263573,,,,,,vicreg,imagenet,10k,transfer,True
iris_superior,7.466775894165039,6.855826377868652,4.3152031898498535,12.99329948425293,followup_50k_landmark_probe,celeb_to_cfd,geometry-fixedcompute-10k-vicreg-imagenet-50ksteps,50000,backbone,g4,32768,vicreg,imagenet,256,9.918427613263573,,,,,,vicreg,imagenet,10k,transfer,True
lateral_canthus,9.69148063659668,8.897729873657227,5.5682454109191895,16.543266296386722,followup_50k_landmark_probe,celeb_to_cfd,geometry-fixedcompute-10k-vicreg-imagenet-50ksteps,50000,backbone,g4,32768,vicreg,imagenet,256,9.918427613263573,,,,,,vicreg,imagenet,10k,transfer,True
lid_inferior,8.490517616271973,7.4374427795410165,4.771641731262207,14.9900484085083,followup_50k_landmark_probe,celeb_to_cfd,geometry-fixedcompute-10k-vicreg-imagenet-50ksteps,50000,backbone,g4,32768,vicreg,imagenet,256,9.918427613263573,,,,,,vicreg,imagenet,10k,transfer,True
lid_superior,8.349391937255861,7.428873062133789,4.96837043762207,15.111760139465332,followup_50k_landmark_probe,celeb_to_cfd,geometry-fixedcompute-10k-vicreg-imagenet-50ksteps,50000,backbone,g4,32768,vicreg,imagenet,256,9.918427613263573,,,,,,vicreg,imagenet,10k,transfer,True
medial_canthus,10.44102382659912,9.321717262268066,6.181531429290772,19.09503746032715,followup_50k_landmark_probe,celeb_to_cfd,geometry-fixedcompute-10k-vicreg-imagenet-50ksteps,50000,backbone,g4,32768,vicreg,imagenet,256,9.918427613263573,,,,,,vicreg,imagenet,10k,transfer,True
sclera_inferior,9.28221321105957,8.51396369934082,5.460648059844972,16.624505996704098,followup_50k_landmark_probe,celeb_to_cfd,geometry-fixedcompute-10k-vicreg-imagenet-50ksteps,50000,backbone,g4,32768,vicreg,imagenet,256,9.918427613263573,,,,,,vicreg,imagenet,10k,transfer,True
sclera_superior,7.901998519897461,7.403810501098633,4.5493597984313965,14.050142288208008,followup_50k_landmark_probe,celeb_to_cfd,geometry-fixedcompute-10k-vicreg-imagenet-50ksteps,50000,backbone,g4,32768,vicreg,imagenet,256,9.918427613263573,,,,,,vicreg,imagenet,10k,transfer,True
iris_centroid,5.260835647583008,4.84133243560791,3.0889601707458496,9.435554504394533,followup_50k_landmark_probe,celeb_to_cfd,geometry-fixedcompute-100k-vicreg-imagenet-50ksteps,50000,backbone,g4,32768,vicreg,imagenet,253,6.823302362785965,,,,,,vicreg,imagenet,100k,transfer,True
iris_inferior,6.383621692657472,5.968584060668945,3.4925012588500977,10.999326705932617,followup_50k_landmark_probe,celeb_to_cfd,geometry-fixedcompute-100k-vicreg-imagenet-50ksteps,50000,backbone,g4,32768,vicreg,imagenet,253,6.823302362785965,,,,,,vicreg,imagenet,100k,transfer,True
iris_superior,5.1008949279785165,4.667717933654785,3.1143097877502437,8.728893280029299,followup_50k_landmark_probe,celeb_to_cfd,geometry-fixedcompute-100k-vicreg-imagenet-50ksteps,50000,backbone,g4,32768,vicreg,imagenet,253,6.823302362785965,,,,,,vicreg,imagenet,100k,transfer,True
lateral_canthus,6.2559075355529785,5.366425514221191,3.572127103805542,10.567190170288086,followup_50k_landmark_probe,celeb_to_cfd,geometry-fixedcompute-100k-vicreg-imagenet-50ksteps,50000,backbone,g4,32768,vicreg,imagenet,253,6.823302362785965,,,,,,vicreg,imagenet,100k,transfer,True
lid_inferior,5.1565775871276855,4.680089473724365,3.1539702415466313,8.550657272338867,followup_50k_landmark_probe,celeb_to_cfd,geometry-fixedcompute-100k-vicreg-imagenet-50ksteps,50000,backbone,g4,32768,vicreg,imagenet,253,6.823302362785965,,,,,,vicreg,imagenet,100k,transfer,True
lid_superior,5.638054847717285,5.095978736877441,3.6889970302581774,9.9237699508667,followup_50k_landmark_probe,celeb_to_cfd,geometry-fixedcompute-100k-vicreg-imagenet-50ksteps,50000,backbone,g4,32768,vicreg,imagenet,253,6.823302362785965,,,,,,vicreg,imagenet,100k,transfer,True
medial_canthus,7.399965763092041,6.080880641937256,5.47933292388916,13.293478965759276,followup_50k_landmark_probe,celeb_to_cfd,geometry-fixedcompute-100k-vicreg-imagenet-50ksteps,50000,backbone,g4,32768,vicreg,imagenet,253,6.823302362785965,,,,,,vicreg,imagenet,100k,transfer,True
sclera_inferior,6.35143518447876,6.019430160522461,3.260931968688965,10.302041053771973,followup_50k_landmark_probe,celeb_to_cfd,geometry-fixedcompute-100k-vicreg-imagenet-50ksteps,50000,backbone,g4,32768,vicreg,imagenet,253,6.823302362785965,,,,,,vicreg,imagenet,100k,transfer,True
sclera_superior,5.009568214416504,4.736590385437012,3.1166508197784424,8.607247352600098,followup_50k_landmark_probe,celeb_to_cfd,geometry-fixedcompute-100k-vicreg-imagenet-50ksteps,50000,backbone,g4,32768,vicreg,imagenet,253,6.823302362785965,,,,,,vicreg,imagenet,100k,transfer,True
iris_centroid,5.129964828491211,4.752693176269531,2.694793701171875,8.724809646606445,followup_50k_landmark_probe,celeb_to_cfd,geometry-fixedcompute-1m-vicreg-imagenet-50ksteps,50000,backbone,g4,32768,vicreg,imagenet,186,6.926190993824942,,,,,,vicreg,imagenet,1m,transfer,True
iris_inferior,5.59375524520874,4.968456268310547,2.906548023223877,9.569021224975586,followup_50k_landmark_probe,celeb_to_cfd,geometry-fixedcompute-1m-vicreg-imagenet-50ksteps,50000,backbone,g4,32768,vicreg,imagenet,186,6.926190993824942,,,,,,vicreg,imagenet,1m,transfer,True
iris_superior,4.8052825927734375,4.579289436340332,2.671933650970459,8.430267333984375,followup_50k_landmark_probe,celeb_to_cfd,geometry-fixedcompute-1m-vicreg-imagenet-50ksteps,50000,backbone,g4,32768,vicreg,imagenet,186,6.926190993824942,,,,,,vicreg,imagenet,1m,transfer,True
lateral_canthus,6.009951591491699,5.624979019165039,3.3435239791870117,10.598267555236816,followup_50k_landmark_probe,celeb_to_cfd,geometry-fixedcompute-1m-vicreg-imagenet-50ksteps,50000,backbone,g4,32768,vicreg,imagenet,186,6.926190993824942,,,,,,vicreg,imagenet,1m,transfer,True
lid_inferior,4.976788520812988,4.614232063293457,2.662409782409668,8.61335277557373,followup_50k_landmark_probe,celeb_to_cfd,geometry-fixedcompute-1m-vicreg-imagenet-50ksteps,50000,backbone,g4,32768,vicreg,imagenet,186,6.926190993824942,,,,,,vicreg,imagenet,1m,transfer,True
lid_superior,5.627478122711182,5.314148902893066,3.049004316329956,9.671660423278807,followup_50k_landmark_probe,celeb_to_cfd,geometry-fixedcompute-1m-vicreg-imagenet-50ksteps,50000,backbone,g4,32768,vicreg,imagenet,186,6.926190993824942,,,,,,vicreg,imagenet,1m,transfer,True
medial_canthus,6.997693538665772,6.1353278160095215,4.212745189666748,12.389412879943848,followup_50k_landmark_probe,celeb_to_cfd,geometry-fixedcompute-1m-vicreg-imagenet-50ksteps,50000,backbone,g4,32768,vicreg,imagenet,186,6.926190993824942,,,,,,vicreg,imagenet,1m,transfer,True
sclera_inferior,5.6188130378723145,5.27890682220459,2.8508412837982178,9.281503677368164,followup_50k_landmark_probe,celeb_to_cfd,geometry-fixedcompute-1m-vicreg-imagenet-50ksteps,50000,backbone,g4,32768,vicreg,imagenet,186,6.926190993824942,,,,,,vicreg,imagenet,1m,transfer,True
sclera_superior,4.8588972091674805,4.482743263244629,2.5655434131622314,8.674884796142576,followup_50k_landmark_probe,celeb_to_cfd,geometry-fixedcompute-1m-vicreg-imagenet-50ksteps,50000,backbone,g4,32768,vicreg,imagenet,186,6.926190993824942,,,,,,vicreg,imagenet,1m,transfer,True
iris_centroid,4.9134554862976065,4.49949836730957,2.3503201007843018,7.7926692962646475,external_vit_landmark_probe,celeb_to_cfd,baseline-dinov2-vitb14,0,patch_tokens,g4,12288,external_baseline,dinov2,197,6.340131616331839,dinov2,vitb14,14.0,LVD-142M,patch_tokens_g4,external_baseline,dinov2,baseline,transfer,True
iris_inferior,5.855481147766112,5.2414631843566895,2.865157127380371,10.019363403320312,external_vit_landmark_probe,celeb_to_cfd,baseline-dinov2-vitb14,0,patch_tokens,g4,12288,external_baseline,dinov2,197,6.340131616331839,dinov2,vitb14,14.0,LVD-142M,patch_tokens_g4,external_baseline,dinov2,baseline,transfer,True
iris_superior,4.567286968231201,4.2253665924072275,2.3704867362976074,7.485537528991699,external_vit_landmark_probe,celeb_to_cfd,baseline-dinov2-vitb14,0,patch_tokens,g4,12288,external_baseline,dinov2,197,6.340131616331839,dinov2,vitb14,14.0,LVD-142M,patch_tokens_g4,external_baseline,dinov2,baseline,transfer,True
lateral_canthus,5.670902729034424,5.132603645324707,3.0332365036010738,9.340825080871582,external_vit_landmark_probe,celeb_to_cfd,baseline-dinov2-vitb14,0,patch_tokens,g4,12288,external_baseline,dinov2,197,6.340131616331839,dinov2,vitb14,14.0,LVD-142M,patch_tokens_g4,external_baseline,dinov2,baseline,transfer,True
lid_inferior,4.183484077453613,3.849713802337648,2.607737302780152,7.087049961090088,external_vit_landmark_probe,celeb_to_cfd,baseline-dinov2-vitb14,0,patch_tokens,g4,12288,external_baseline,dinov2,197,6.340131616331839,dinov2,vitb14,14.0,LVD-142M,patch_tokens_g4,external_baseline,dinov2,baseline,transfer,True
lid_superior,5.320397853851318,4.812095642089844,3.095198392868042,8.70326042175293,external_vit_landmark_probe,celeb_to_cfd,baseline-dinov2-vitb14,0,patch_tokens,g4,12288,external_baseline,dinov2,197,6.340131616331839,dinov2,vitb14,14.0,LVD-142M,patch_tokens_g4,external_baseline,dinov2,baseline,transfer,True
medial_canthus,5.548766613006592,4.745778560638428,3.491501808166504,9.696683883666992,external_vit_landmark_probe,celeb_to_cfd,baseline-dinov2-vitb14,0,patch_tokens,g4,12288,external_baseline,dinov2,197,6.340131616331839,dinov2,vitb14,14.0,LVD-142M,patch_tokens_g4,external_baseline,dinov2,baseline,transfer,True
sclera_inferior,5.0850043296813965,4.572428226470947,2.86199688911438,9.052921295166016,external_vit_landmark_probe,celeb_to_cfd,baseline-dinov2-vitb14,0,patch_tokens,g4,12288,external_baseline,dinov2,197,6.340131616331839,dinov2,vitb14,14.0,LVD-142M,patch_tokens_g4,external_baseline,dinov2,baseline,transfer,True
sclera_superior,4.226864814758302,3.903243064880371,2.348886489868164,6.685561656951903,external_vit_landmark_probe,celeb_to_cfd,baseline-dinov2-vitb14,0,patch_tokens,g4,12288,external_baseline,dinov2,197,6.340131616331839,dinov2,vitb14,14.0,LVD-142M,patch_tokens_g4,external_baseline,dinov2,baseline,transfer,True
iris_centroid,7.5305328369140625,6.820158004760742,4.035126209259033,13.24277400970459,external_vit_landmark_probe,celeb_to_cfd,baseline-mae-vitb16-in1k-pretrain,0,patch_tokens,g4,12288,external_baseline,mae,302,6.650388074051487,mae,vitb16,16.0,ImageNet-1K,patch_tokens_g4,external_baseline,mae,baseline,transfer,True
iris_inferior,7.8712263107299805,6.940068244934082,4.3061184883117685,13.927227973937988,external_vit_landmark_probe,celeb_to_cfd,baseline-mae-vitb16-in1k-pretrain,0,patch_tokens,g4,12288,external_baseline,mae,302,6.650388074051487,mae,vitb16,16.0,ImageNet-1K,patch_tokens_g4,external_baseline,mae,baseline,transfer,True
iris_superior,7.929075717926025,7.422820091247559,3.79622745513916,13.271596908569336,external_vit_landmark_probe,celeb_to_cfd,baseline-mae-vitb16-in1k-pretrain,0,patch_tokens,g4,12288,external_baseline,mae,302,6.650388074051487,mae,vitb16,16.0,ImageNet-1K,patch_tokens_g4,external_baseline,mae,baseline,transfer,True
lateral_canthus,10.473915100097656,9.917230606079102,4.9828033447265625,17.315744400024414,external_vit_landmark_probe,celeb_to_cfd,baseline-mae-vitb16-in1k-pretrain,0,patch_tokens,g4,12288,external_baseline,mae,302,6.650388074051487,mae,vitb16,16.0,ImageNet-1K,patch_tokens_g4,external_baseline,mae,baseline,transfer,True
lid_inferior,8.396303176879883,7.711693286895753,4.274448871612549,14.097197532653807,external_vit_landmark_probe,celeb_to_cfd,baseline-mae-vitb16-in1k-pretrain,0,patch_tokens,g4,12288,external_baseline,mae,302,6.650388074051487,mae,vitb16,16.0,ImageNet-1K,patch_tokens_g4,external_baseline,mae,baseline,transfer,True
lid_superior,8.661540031433105,7.836390972137451,4.416272163391113,14.690996170043945,external_vit_landmark_probe,celeb_to_cfd,baseline-mae-vitb16-in1k-pretrain,0,patch_tokens,g4,12288,external_baseline,mae,302,6.650388074051487,mae,vitb16,16.0,ImageNet-1K,patch_tokens_g4,external_baseline,mae,baseline,transfer,True
medial_canthus,9.797966003417967,8.965217590332031,5.143300533294678,17.454195022583008,external_vit_landmark_probe,celeb_to_cfd,baseline-mae-vitb16-in1k-pretrain,0,patch_tokens,g4,12288,external_baseline,mae,302,6.650388074051487,mae,vitb16,16.0,ImageNet-1K,patch_tokens_g4,external_baseline,mae,baseline,transfer,True
sclera_inferior,11.661975860595705,11.369990348815918,4.8057861328125,17.828039169311523,external_vit_landmark_probe,celeb_to_cfd,baseline-mae-vitb16-in1k-pretrain,0,patch_tokens,g4,12288,external_baseline,mae,302,6.650388074051487,mae,vitb16,16.0,ImageNet-1K,patch_tokens_g4,external_baseline,mae,baseline,transfer,True
sclera_superior,7.717228412628174,6.912944316864014,4.1092567443847665,13.279577255249025,external_vit_landmark_probe,celeb_to_cfd,baseline-mae-vitb16-in1k-pretrain,0,patch_tokens,g4,12288,external_baseline,mae,302,6.650388074051487,mae,vitb16,16.0,ImageNet-1K,patch_tokens_g4,external_baseline,mae,baseline,transfer,True
