step,epoch,lr,world_size,bs,loss,sim,sigreg,V,run_name,scale,objective,init,reg,ep_partial,bhep
0,0,5.0396e-06,1,384,4.085387706756592,0.4846188426017761,72.5,2,geometry-fixedcompute-1m-lejepa-random-50ksteps,1m,lejepa,random,72.5,,
100,0,8.999599999999996e-06,1,384,0.5281143188476562,0.4937182366847992,1.1796875,2,geometry-fixedcompute-1m-lejepa-random-50ksteps,1m,lejepa,random,1.1796875,,
200,0,1.295959999999996e-05,1,384,0.5168858766555786,0.49731823801994324,0.88671875,2,geometry-fixedcompute-1m-lejepa-random-50ksteps,1m,lejepa,random,0.88671875,,
300,0,1.691959999999993e-05,1,384,0.5100778341293335,0.4973475933074951,0.75390625,2,geometry-fixedcompute-1m-lejepa-random-50ksteps,1m,lejepa,random,0.75390625,,
400,0,2.0879599999999897e-05,1,384,0.5100406408309937,0.49422454833984375,0.80859375,2,geometry-fixedcompute-1m-lejepa-random-50ksteps,1m,lejepa,random,0.80859375,,
500,0,2.483959999999992e-05,1,384,0.5052247047424316,0.4935239255428314,0.7265625,2,geometry-fixedcompute-1m-lejepa-random-50ksteps,1m,lejepa,random,0.7265625,,
600,0,2.879959999999994e-05,1,384,0.5074225664138794,0.4914686381816864,0.8125,2,geometry-fixedcompute-1m-lejepa-random-50ksteps,1m,lejepa,random,0.8125,,
700,0,3.275959999999989e-05,1,384,0.5011712312698364,0.4890001714229584,0.73046875,2,geometry-fixedcompute-1m-lejepa-random-50ksteps,1m,lejepa,random,0.73046875,,
800,0,3.671959999999993e-05,1,384,0.5112271308898926,0.4895626902580261,0.921875,2,geometry-fixedcompute-1m-lejepa-random-50ksteps,1m,lejepa,random,0.921875,,
900,0,4.0679599999999955e-05,1,384,0.49691420793533325,0.48349112272262573,0.75,2,geometry-fixedcompute-1m-lejepa-random-50ksteps,1m,lejepa,random,0.75,,
1000,0,4.463959999999999e-05,1,384,0.49737992882728577,0.47781357169151306,0.87109375,2,geometry-fixedcompute-1m-lejepa-random-50ksteps,1m,lejepa,random,0.87109375,,
1100,0,4.859960000000004e-05,1,384,0.5004792213439941,0.480305016040802,0.8828125,2,geometry-fixedcompute-1m-lejepa-random-50ksteps,1m,lejepa,random,0.8828125,,
1200,0,5.25596000000001e-05,1,384,0.5071673393249512,0.47989246249198914,1.0234375,2,geometry-fixedcompute-1m-lejepa-random-50ksteps,1m,lejepa,random,1.0234375,,
1300,0,5.651960000000012e-05,1,384,0.5031927824020386,0.47930654883384705,0.95703125,2,geometry-fixedcompute-1m-lejepa-random-50ksteps,1m,lejepa,random,0.95703125,,
1400,0,6.047960000000012e-05,1,384,0.5042664408683777,0.47838079929351807,0.99609375,2,geometry-fixedcompute-1m-lejepa-random-50ksteps,1m,lejepa,random,0.99609375,,
1500,0,6.443960000000015e-05,1,384,0.509989321231842,0.47566720843315125,1.1640625,2,geometry-fixedcompute-1m-lejepa-random-50ksteps,1m,lejepa,random,1.1640625,,
1600,0,6.839960000000024e-05,1,384,0.5018406510353088,0.47608432173728943,0.9921875,2,geometry-fixedcompute-1m-lejepa-random-50ksteps,1m,lejepa,random,0.9921875,,
1700,0,7.23596000000003e-05,1,384,0.5017656087875366,0.4731784760951996,1.046875,2,geometry-fixedcompute-1m-lejepa-random-50ksteps,1m,lejepa,random,1.046875,,
1800,0,7.63196000000003e-05,1,384,0.5018211007118225,0.471437931060791,1.078125,2,geometry-fixedcompute-1m-lejepa-random-50ksteps,1m,lejepa,random,1.078125,,
1900,0,8.02796000000004e-05,1,384,0.4911928176879883,0.46924492716789246,0.90625,2,geometry-fixedcompute-1m-lejepa-random-50ksteps,1m,lejepa,random,0.90625,,
2000,0,8.423960000000036e-05,1,384,0.5066719055175781,0.4675494134426117,1.25,2,geometry-fixedcompute-1m-lejepa-random-50ksteps,1m,lejepa,random,1.25,,
2100,0,8.819960000000019e-05,1,384,0.5094935894012451,0.4694916009902954,1.265625,2,geometry-fixedcompute-1m-lejepa-random-50ksteps,1m,lejepa,random,1.265625,,
2200,0,9.215960000000019e-05,1,384,0.49735328555107117,0.4664779603481293,1.0859375,2,geometry-fixedcompute-1m-lejepa-random-50ksteps,1m,lejepa,random,1.0859375,,
2300,0,9.611960000000014e-05,1,384,0.49196314811706543,0.46722888946533203,0.9609375,2,geometry-fixedcompute-1m-lejepa-random-50ksteps,1m,lejepa,random,0.9609375,,
2400,0,0.00010007960000000004,1,384,0.5061517953872681,0.46597394347190857,1.2734375,2,geometry-fixedcompute-1m-lejepa-random-50ksteps,1m,lejepa,random,1.2734375,,
2500,0,0.0001040396,1,384,0.5056878924369812,0.46779853105545044,1.2265625,2,geometry-fixedcompute-1m-lejepa-random-50ksteps,1m,lejepa,random,1.2265625,,
2600,0,0.0001079995999999999,1,384,0.5069664120674133,0.46528947353363037,1.296875,2,geometry-fixedcompute-1m-lejepa-random-50ksteps,1m,lejepa,random,1.296875,,
2700,1,0.0001119595999999997,1,384,0.4978978633880615,0.46448132395744324,1.1328125,2,geometry-fixedcompute-1m-lejepa-random-50ksteps,1m,lejepa,random,1.1328125,,
2800,1,0.00011591959999999953,1,384,0.4978303909301758,0.4618403911590576,1.1796875,2,geometry-fixedcompute-1m-lejepa-random-50ksteps,1m,lejepa,random,1.1796875,,
2900,1,0.00011987959999999937,1,384,0.49863216280937195,0.4598574638366699,1.234375,2,geometry-fixedcompute-1m-lejepa-random-50ksteps,1m,lejepa,random,1.234375,,
3000,1,0.00012383959999999963,1,384,0.49629494547843933,0.46484994888305664,1.09375,2,geometry-fixedcompute-1m-lejepa-random-50ksteps,1m,lejepa,random,1.09375,,
3100,1,0.00012779959999999966,1,384,0.5059914588928223,0.46169328689575195,1.3515625,2,geometry-fixedcompute-1m-lejepa-random-50ksteps,1m,lejepa,random,1.3515625,,
3200,1,0.0001317595999999997,1,384,0.4970649480819702,0.46283358335494995,1.1484375,2,geometry-fixedcompute-1m-lejepa-random-50ksteps,1m,lejepa,random,1.1484375,,
3300,1,0.00013571959999999936,1,384,0.4997577369213104,0.4628412127494812,1.203125,2,geometry-fixedcompute-1m-lejepa-random-50ksteps,1m,lejepa,random,1.203125,,
3400,1,0.00013967959999999918,1,384,0.5070322751998901,0.4627889096736908,1.34375,2,geometry-fixedcompute-1m-lejepa-random-50ksteps,1m,lejepa,random,1.34375,,
3500,1,0.0001436395999999989,1,384,0.5103597640991211,0.46577757596969604,1.359375,2,geometry-fixedcompute-1m-lejepa-random-50ksteps,1m,lejepa,random,1.359375,,
3600,1,0.00014759959999999874,1,384,0.510522723197937,0.46337923407554626,1.40625,2,geometry-fixedcompute-1m-lejepa-random-50ksteps,1m,lejepa,random,1.40625,,
3700,1,0.0001515595999999985,1,384,0.5073684453964233,0.4616008698940277,1.375,2,geometry-fixedcompute-1m-lejepa-random-50ksteps,1m,lejepa,random,1.375,,
3800,1,0.00015551959999999835,1,384,0.509848952293396,0.4590721130371094,1.4765625,2,geometry-fixedcompute-1m-lejepa-random-50ksteps,1m,lejepa,random,1.4765625,,
3900,1,0.00015947959999999822,1,384,0.5120505094528198,0.4649873673915863,1.40625,2,geometry-fixedcompute-1m-lejepa-random-50ksteps,1m,lejepa,random,1.40625,,
4000,1,0.00016343959999999774,1,384,0.5035820007324219,0.45710110664367676,1.3828125,2,geometry-fixedcompute-1m-lejepa-random-50ksteps,1m,lejepa,random,1.3828125,,
4100,1,0.00016739959999999743,1,384,0.49837300181388855,0.45958465337753296,1.234375,2,geometry-fixedcompute-1m-lejepa-random-50ksteps,1m,lejepa,random,1.234375,,
4200,1,0.00017135959999999722,1,384,0.5083397626876831,0.4667350947856903,1.296875,2,geometry-fixedcompute-1m-lejepa-random-50ksteps,1m,lejepa,random,1.296875,,
4300,1,0.00017531959999999682,1,384,0.5157663822174072,0.4617030620574951,1.5390625,2,geometry-fixedcompute-1m-lejepa-random-50ksteps,1m,lejepa,random,1.5390625,,
4400,1,0.00017927959999999667,1,384,0.5104002952575684,0.45502662658691406,1.5625,2,geometry-fixedcompute-1m-lejepa-random-50ksteps,1m,lejepa,random,1.5625,,
4500,1,0.00018323959999999654,1,384,0.5173708200454712,0.4546542763710022,1.7109375,2,geometry-fixedcompute-1m-lejepa-random-50ksteps,1m,lejepa,random,1.7109375,,
4600,1,0.00018719959999999628,1,384,0.5130012035369873,0.4572504460811615,1.5703125,2,geometry-fixedcompute-1m-lejepa-random-50ksteps,1m,lejepa,random,1.5703125,,
4700,1,0.0001911595999999961,1,384,0.5147711038589478,0.45551562309265137,1.640625,2,geometry-fixedcompute-1m-lejepa-random-50ksteps,1m,lejepa,random,1.640625,,
4800,1,0.00019511959999999579,1,384,0.5040794610977173,0.4555688500404358,1.421875,2,geometry-fixedcompute-1m-lejepa-random-50ksteps,1m,lejepa,random,1.421875,,
4900,1,0.0001990795999999954,1,384,0.5173518657684326,0.45309245586395264,1.734375,2,geometry-fixedcompute-1m-lejepa-random-50ksteps,1m,lejepa,random,1.734375,,
5000,1,0.00020303959999999526,1,384,0.5092685222625732,0.45846113562583923,1.4765625,2,geometry-fixedcompute-1m-lejepa-random-50ksteps,1m,lejepa,random,1.4765625,,
5100,1,0.00020699959999999503,1,384,0.5078792572021484,0.4528869092464447,1.5546875,2,geometry-fixedcompute-1m-lejepa-random-50ksteps,1m,lejepa,random,1.5546875,,
5200,1,0.00021095959999999455,1,384,0.4941472113132477,0.45436549186706543,1.25,2,geometry-fixedcompute-1m-lejepa-random-50ksteps,1m,lejepa,random,1.25,,
5300,2,0.00021491959999999426,1,384,0.5072983503341675,0.45381736755371094,1.5234375,2,geometry-fixedcompute-1m-lejepa-random-50ksteps,1m,lejepa,random,1.5234375,,
5400,2,0.00021887959999999408,1,384,0.52054762840271,0.45131656527519226,1.8359375,2,geometry-fixedcompute-1m-lejepa-random-50ksteps,1m,lejepa,random,1.8359375,,
5500,2,0.0002228395999999941,1,384,0.5175197124481201,0.4542970657348633,1.71875,2,geometry-fixedcompute-1m-lejepa-random-50ksteps,1m,lejepa,random,1.71875,,
5600,2,0.0002267995999999939,1,384,0.5166648626327515,0.45134133100509644,1.7578125,2,geometry-fixedcompute-1m-lejepa-random-50ksteps,1m,lejepa,random,1.7578125,,
5700,2,0.00023075959999999354,1,384,0.5010337829589844,0.44825100898742676,1.5078125,2,geometry-fixedcompute-1m-lejepa-random-50ksteps,1m,lejepa,random,1.5078125,,
5800,2,0.00023471959999999328,1,384,0.508012592792511,0.44326162338256836,1.734375,2,geometry-fixedcompute-1m-lejepa-random-50ksteps,1m,lejepa,random,1.734375,,
5900,2,0.00023867959999999288,1,384,0.515609622001648,0.4538283944129944,1.6875,2,geometry-fixedcompute-1m-lejepa-random-50ksteps,1m,lejepa,random,1.6875,,
6000,2,0.00024263959999999268,1,384,0.5196125507354736,0.4523882269859314,1.796875,2,geometry-fixedcompute-1m-lejepa-random-50ksteps,1m,lejepa,random,1.796875,,
6100,2,0.0002465995999999924,1,384,0.5183382034301758,0.4469349980354309,1.875,2,geometry-fixedcompute-1m-lejepa-random-50ksteps,1m,lejepa,random,1.875,,
6200,2,0.00025055959999999237,1,384,0.5303642153739929,0.4565100371837616,1.9296875,2,geometry-fixedcompute-1m-lejepa-random-50ksteps,1m,lejepa,random,1.9296875,,
6300,2,0.00025451959999999216,1,384,0.5164636373519897,0.45421335101127625,1.703125,2,geometry-fixedcompute-1m-lejepa-random-50ksteps,1m,lejepa,random,1.703125,,
6400,2,0.0002584795999999917,1,384,0.5416547060012817,0.45605921745300293,2.171875,2,geometry-fixedcompute-1m-lejepa-random-50ksteps,1m,lejepa,random,2.171875,,
6500,2,0.00026243959999999164,1,384,0.5306148529052734,0.450092077255249,2.0625,2,geometry-fixedcompute-1m-lejepa-random-50ksteps,1m,lejepa,random,2.0625,,
6600,2,0.0002663995999999912,1,384,0.5202674269676208,0.44999366998672485,1.859375,2,geometry-fixedcompute-1m-lejepa-random-50ksteps,1m,lejepa,random,1.859375,,
6700,2,0.00027035959999999106,1,384,0.5186688303947449,0.45653462409973145,1.6953125,2,geometry-fixedcompute-1m-lejepa-random-50ksteps,1m,lejepa,random,1.6953125,,
6800,2,0.0002743195999999908,1,384,0.5185585618019104,0.4461389482021332,1.890625,2,geometry-fixedcompute-1m-lejepa-random-50ksteps,1m,lejepa,random,1.890625,,
6900,2,0.0002782795999999907,1,384,0.5268479585647583,0.452808678150177,1.9296875,2,geometry-fixedcompute-1m-lejepa-random-50ksteps,1m,lejepa,random,1.9296875,,
7000,2,0.00028223959999999033,1,384,0.5437663793563843,0.456226110458374,2.203125,2,geometry-fixedcompute-1m-lejepa-random-50ksteps,1m,lejepa,random,2.203125,,
7100,2,0.0002861995999999898,1,384,0.5372891426086426,0.4530058801174164,2.140625,2,geometry-fixedcompute-1m-lejepa-random-50ksteps,1m,lejepa,random,2.140625,,
7200,2,0.00029015959999998954,1,384,0.5213342905044556,0.4511166512966156,1.859375,2,geometry-fixedcompute-1m-lejepa-random-50ksteps,1m,lejepa,random,1.859375,,
7300,2,0.0002941195999999894,1,384,0.5301002264022827,0.45109230279922485,2.03125,2,geometry-fixedcompute-1m-lejepa-random-50ksteps,1m,lejepa,random,2.03125,,
7400,2,0.00029807959999998874,1,384,0.5280726552009583,0.44793009757995605,2.046875,2,geometry-fixedcompute-1m-lejepa-random-50ksteps,1m,lejepa,random,2.046875,,
7500,2,0.00030203959999998816,1,384,0.5443533658981323,0.44656437635421753,2.40625,2,geometry-fixedcompute-1m-lejepa-random-50ksteps,1m,lejepa,random,2.40625,,
7600,2,0.00030599959999998757,1,384,0.5506478548049927,0.44599443674087524,2.546875,2,geometry-fixedcompute-1m-lejepa-random-50ksteps,1m,lejepa,random,2.546875,,
7700,2,0.0003099595999999868,1,384,0.5443426370620728,0.44398319721221924,2.453125,2,geometry-fixedcompute-1m-lejepa-random-50ksteps,1m,lejepa,random,2.453125,,
7800,2,0.0003139195999999862,1,384,0.5412802696228027,0.4489833116531372,2.296875,2,geometry-fixedcompute-1m-lejepa-random-50ksteps,1m,lejepa,random,2.296875,,
7900,3,0.0003178795999999855,1,384,0.538946270942688,0.4439566135406494,2.34375,2,geometry-fixedcompute-1m-lejepa-random-50ksteps,1m,lejepa,random,2.34375,,
8000,3,0.000321839599999985,1,384,0.5447677969932556,0.44854259490966797,2.375,2,geometry-fixedcompute-1m-lejepa-random-50ksteps,1m,lejepa,random,2.375,,
8100,3,0.0003257995999999847,1,384,0.5397857427597046,0.4438123404979706,2.359375,2,geometry-fixedcompute-1m-lejepa-random-50ksteps,1m,lejepa,random,2.359375,,
8200,3,0.00032975959999998416,1,384,0.5515046119689941,0.4468963146209717,2.53125,2,geometry-fixedcompute-1m-lejepa-random-50ksteps,1m,lejepa,random,2.53125,,
8300,3,0.0003337195999999837,1,384,0.5440188646316528,0.44364243745803833,2.453125,2,geometry-fixedcompute-1m-lejepa-random-50ksteps,1m,lejepa,random,2.453125,,
8400,3,0.0003376795999999835,1,384,0.5412877202033997,0.44899117946624756,2.296875,2,geometry-fixedcompute-1m-lejepa-random-50ksteps,1m,lejepa,random,2.296875,,
8500,3,0.0003416395999999833,1,384,0.527978777885437,0.4447473883628845,2.109375,2,geometry-fixedcompute-1m-lejepa-random-50ksteps,1m,lejepa,random,2.109375,,
8600,3,0.00034559959999998306,1,384,0.5411084890365601,0.4452046751976013,2.359375,2,geometry-fixedcompute-1m-lejepa-random-50ksteps,1m,lejepa,random,2.359375,,
8700,3,0.00034955959999998263,1,384,0.5409868955612183,0.4491884708404541,2.28125,2,geometry-fixedcompute-1m-lejepa-random-50ksteps,1m,lejepa,random,2.28125,,
8800,3,0.0003535195999999821,1,384,0.553881049156189,0.4473419189453125,2.578125,2,geometry-fixedcompute-1m-lejepa-random-50ksteps,1m,lejepa,random,2.578125,,
8900,3,0.00035747959999998184,1,384,0.5298441648483276,0.4425991475582123,2.1875,2,geometry-fixedcompute-1m-lejepa-random-50ksteps,1m,lejepa,random,2.1875,,
9000,3,0.00036143959999998163,1,384,0.5356007814407349,0.4455748498439789,2.25,2,geometry-fixedcompute-1m-lejepa-random-50ksteps,1m,lejepa,random,2.25,,
9100,3,0.0003653995999999812,1,384,0.537312388420105,0.44480666518211365,2.296875,2,geometry-fixedcompute-1m-lejepa-random-50ksteps,1m,lejepa,random,2.296875,,
9200,3,0.0003693595999999805,1,384,0.551016092300415,0.44741004705429077,2.515625,2,geometry-fixedcompute-1m-lejepa-random-50ksteps,1m,lejepa,random,2.515625,,
9300,3,0.00037331959999997933,1,384,0.5429917573928833,0.4451311528682709,2.40625,2,geometry-fixedcompute-1m-lejepa-random-50ksteps,1m,lejepa,random,2.40625,,
9400,3,0.0003772795999999783,1,384,0.5199156999588013,0.44345566630363464,1.96875,2,geometry-fixedcompute-1m-lejepa-random-50ksteps,1m,lejepa,random,1.96875,,
9500,3,0.0003812395999999781,1,384,0.5420907735824585,0.4472665786743164,2.34375,2,geometry-fixedcompute-1m-lejepa-random-50ksteps,1m,lejepa,random,2.34375,,
9600,3,0.00038519959999997806,1,384,0.5155810117721558,0.43323904275894165,2.078125,2,geometry-fixedcompute-1m-lejepa-random-50ksteps,1m,lejepa,random,2.078125,,
9700,3,0.00038915959999997747,1,384,0.525865912437439,0.43121573328971863,2.328125,2,geometry-fixedcompute-1m-lejepa-random-50ksteps,1m,lejepa,random,2.328125,,
9800,3,0.0003931195999999769,1,384,0.5204253792762756,0.43833839893341064,2.078125,2,geometry-fixedcompute-1m-lejepa-random-50ksteps,1m,lejepa,random,2.078125,,
9900,3,0.000397079599999977,1,384,0.5203161835670471,0.4294857978820801,2.25,2,geometry-fixedcompute-1m-lejepa-random-50ksteps,1m,lejepa,random,2.25,,
10000,3,0.00040103959999997647,1,384,0.5192998647689819,0.42841601371765137,2.25,2,geometry-fixedcompute-1m-lejepa-random-50ksteps,1m,lejepa,random,2.25,,
10100,3,0.00040499959999997626,1,384,0.5146759152412415,0.4235486686229706,2.25,2,geometry-fixedcompute-1m-lejepa-random-50ksteps,1m,lejepa,random,2.25,,
10200,3,0.00040895959999997584,1,384,0.49974358081817627,0.4201659560203552,2.015625,2,geometry-fixedcompute-1m-lejepa-random-50ksteps,1m,lejepa,random,2.015625,,
10300,3,0.0004129195999999751,1,384,0.5071774125099182,0.428505003452301,2.0,2,geometry-fixedcompute-1m-lejepa-random-50ksteps,1m,lejepa,random,2.0,,
10400,3,0.0004168795999999747,1,384,0.5097618103027344,0.4122081696987152,2.359375,2,geometry-fixedcompute-1m-lejepa-random-50ksteps,1m,lejepa,random,2.359375,,
10500,4,0.00042083959999997456,1,384,0.49258336424827576,0.41160091757774353,2.03125,2,geometry-fixedcompute-1m-lejepa-random-50ksteps,1m,lejepa,random,2.03125,,
10600,4,0.000424799599999974,1,384,0.5000438094139099,0.4081464409828186,2.25,2,geometry-fixedcompute-1m-lejepa-random-50ksteps,1m,lejepa,random,2.25,,
10700,4,0.00042875959999997404,1,384,0.4876452088356018,0.4012630581855774,2.125,2,geometry-fixedcompute-1m-lejepa-random-50ksteps,1m,lejepa,random,2.125,,
10800,4,0.0004327195999999736,1,384,0.4942364990711212,0.40408942103385925,2.203125,2,geometry-fixedcompute-1m-lejepa-random-50ksteps,1m,lejepa,random,2.203125,,
10900,4,0.00043667959999997254,1,384,0.49503257870674133,0.3992736041545868,2.3125,2,geometry-fixedcompute-1m-lejepa-random-50ksteps,1m,lejepa,random,2.3125,,
11000,4,0.0004406395999999721,1,384,0.4791603684425354,0.3907896876335144,2.15625,2,geometry-fixedcompute-1m-lejepa-random-50ksteps,1m,lejepa,random,2.15625,,
11100,4,0.00044459959999997186,1,384,0.49085643887519836,0.39641961455345154,2.28125,2,geometry-fixedcompute-1m-lejepa-random-50ksteps,1m,lejepa,random,2.28125,,
11200,4,0.00044855959999997176,1,384,0.4877074658870697,0.39002102613449097,2.34375,2,geometry-fixedcompute-1m-lejepa-random-50ksteps,1m,lejepa,random,2.34375,,
11300,4,0.000452519599999972,1,384,0.4657621681690216,0.38182613253593445,2.0625,2,geometry-fixedcompute-1m-lejepa-random-50ksteps,1m,lejepa,random,2.0625,,
11400,4,0.0004564795999999721,1,384,0.47901567816734314,0.373676061630249,2.484375,2,geometry-fixedcompute-1m-lejepa-random-50ksteps,1m,lejepa,random,2.484375,,
11500,4,0.000460439599999972,1,384,0.4607650339603424,0.3724541664123535,2.140625,2,geometry-fixedcompute-1m-lejepa-random-50ksteps,1m,lejepa,random,2.140625,,
11600,4,0.00046439959999997174,1,384,0.44722235202789307,0.36796432733535767,1.953125,2,geometry-fixedcompute-1m-lejepa-random-50ksteps,1m,lejepa,random,1.953125,,
11700,4,0.00046835959999997126,1,384,0.47393983602523804,0.36216530203819275,2.59375,2,geometry-fixedcompute-1m-lejepa-random-50ksteps,1m,lejepa,random,2.59375,,
11800,4,0.0004723195999999719,1,384,0.465257465839386,0.3612496256828308,2.4375,2,geometry-fixedcompute-1m-lejepa-random-50ksteps,1m,lejepa,random,2.4375,,
11900,4,0.0004762795999999715,1,384,0.4518339931964874,0.35123151540756226,2.359375,2,geometry-fixedcompute-1m-lejepa-random-50ksteps,1m,lejepa,random,2.359375,,
12000,4,0.0004802395999999717,1,384,0.4628555476665497,0.34124597907066345,2.765625,2,geometry-fixedcompute-1m-lejepa-random-50ksteps,1m,lejepa,random,2.765625,,
12100,4,0.00048419959999997125,1,384,0.44216591119766235,0.3395126461982727,2.390625,2,geometry-fixedcompute-1m-lejepa-random-50ksteps,1m,lejepa,random,2.390625,,
12200,4,0.0004881595999999707,1,384,0.4526362419128418,0.3464221954345703,2.46875,2,geometry-fixedcompute-1m-lejepa-random-50ksteps,1m,lejepa,random,2.46875,,
12300,4,0.0004921195999999699,1,384,0.4313162863254547,0.31832635402679443,2.578125,2,geometry-fixedcompute-1m-lejepa-random-50ksteps,1m,lejepa,random,2.578125,,
12400,4,0.0004960795999999694,1,384,0.42707347869873047,0.32105597853660583,2.4375,2,geometry-fixedcompute-1m-lejepa-random-50ksteps,1m,lejepa,random,2.4375,,
12500,4,0.0004999999991235791,1,384,0.41913917660713196,0.3055083453655243,2.578125,2,geometry-fixedcompute-1m-lejepa-random-50ksteps,1m,lejepa,random,2.578125,,
12600,4,0.000499991059684037,1,384,0.4363631308078766,0.3154151439666748,2.734375,2,geometry-fixedcompute-1m-lejepa-random-50ksteps,1m,lejepa,random,2.734375,,
12700,4,0.0004999645925570581,1,384,0.42188760638237,0.3073734641075134,2.59375,2,geometry-fixedcompute-1m-lejepa-random-50ksteps,1m,lejepa,random,2.59375,,
12800,4,0.0004999205996001967,1,384,0.4183651804924011,0.3036656677722931,2.59375,2,geometry-fixedcompute-1m-lejepa-random-50ksteps,1m,lejepa,random,2.59375,,
12900,4,0.0004998590839010295,1,384,0.40664908289909363,0.290304958820343,2.625,2,geometry-fixedcompute-1m-lejepa-random-50ksteps,1m,lejepa,random,2.625,,
13000,4,0.00049978004977694,1,384,0.40773919224739075,0.30173206329345703,2.421875,2,geometry-fixedcompute-1m-lejepa-random-50ksteps,1m,lejepa,random,2.421875,,
13100,5,0.0004996835027748158,1,384,0.41933199763298035,0.26767677068710327,3.296875,2,geometry-fixedcompute-1m-lejepa-random-50ksteps,1m,lejepa,random,3.296875,,
13200,5,0.0004995694496706574,1,384,0.4146672487258911,0.2822977602481842,2.9375,2,geometry-fixedcompute-1m-lejepa-random-50ksteps,1m,lejepa,random,2.9375,,
13300,5,0.0004994378984691047,1,384,0.37907108664512634,0.2674432396888733,2.5,2,geometry-fixedcompute-1m-lejepa-random-50ksteps,1m,lejepa,random,2.5,,
13400,5,0.0004992888584028738,1,384,0.3883337676525116,0.26691383123397827,2.6875,2,geometry-fixedcompute-1m-lejepa-random-50ksteps,1m,lejepa,random,2.6875,,
13500,5,0.0004991223399321102,1,384,0.37886637449264526,0.25694817304611206,2.703125,2,geometry-fixedcompute-1m-lejepa-random-50ksteps,1m,lejepa,random,2.703125,,
13600,5,0.0004989383547436532,1,384,0.40058791637420654,0.25000208616256714,3.265625,2,geometry-fixedcompute-1m-lejepa-random-50ksteps,1m,lejepa,random,3.265625,,
13700,5,0.0004987369157502165,1,384,0.3765922784805298,0.24119091033935547,2.953125,2,geometry-fixedcompute-1m-lejepa-random-50ksteps,1m,lejepa,random,2.953125,,
13800,5,0.0004985180370894827,1,384,0.38070645928382874,0.2424377202987671,3.015625,2,geometry-fixedcompute-1m-lejepa-random-50ksteps,1m,lejepa,random,3.015625,,
13900,5,0.0004982817341231088,1,384,0.3742066025733948,0.24279150366783142,2.875,2,geometry-fixedcompute-1m-lejepa-random-50ksteps,1m,lejepa,random,2.875,,
14000,5,0.0004980280234356511,1,384,0.37761080265045166,0.23506727814674377,3.09375,2,geometry-fixedcompute-1m-lejepa-random-50ksteps,1m,lejepa,random,3.09375,,
14100,5,0.0004977569228333998,1,384,0.34685367345809937,0.2191387265920639,2.78125,2,geometry-fixedcompute-1m-lejepa-random-50ksteps,1m,lejepa,random,2.78125,,
14200,5,0.0004974684513431281,1,384,0.34658700227737427,0.2137182205915451,2.875,2,geometry-fixedcompute-1m-lejepa-random-50ksteps,1m,lejepa,random,2.875,,
14300,5,0.000497162629210758,1,384,0.3467862904071808,0.20981615781784058,2.953125,2,geometry-fixedcompute-1m-lejepa-random-50ksteps,1m,lejepa,random,2.953125,,
14400,5,0.0004968394778999407,1,384,0.31249332427978516,0.1953054964542389,2.546875,2,geometry-fixedcompute-1m-lejepa-random-50ksteps,1m,lejepa,random,2.546875,,
14500,5,0.0004964990200905466,1,384,0.3275233507156372,0.2039308249950409,2.671875,2,geometry-fixedcompute-1m-lejepa-random-50ksteps,1m,lejepa,random,2.671875,,
14600,5,0.0004961412796770781,1,384,0.31683024764060974,0.1978147327899933,2.578125,2,geometry-fixedcompute-1m-lejepa-random-50ksteps,1m,lejepa,random,2.578125,,
14700,5,0.0004957662817669899,1,384,0.32501909136772156,0.20540660619735718,2.59375,2,geometry-fixedcompute-1m-lejepa-random-50ksteps,1m,lejepa,random,2.59375,,
14800,5,0.0004953740526789238,1,384,0.31671422719955444,0.19563667476177216,2.625,2,geometry-fixedcompute-1m-lejepa-random-50ksteps,1m,lejepa,random,2.625,,
14900,5,0.0004949646199408699,1,384,0.29629313945770264,0.19007417559623718,2.3125,2,geometry-fixedcompute-1m-lejepa-random-50ksteps,1m,lejepa,random,2.3125,,
15000,5,0.0004945380122882255,1,384,0.29913991689682007,0.18124926090240479,2.53125,2,geometry-fixedcompute-1m-lejepa-random-50ksteps,1m,lejepa,random,2.53125,,
15100,5,0.0004940942596617859,1,384,0.3165985941886902,0.1903751790523529,2.71875,2,geometry-fixedcompute-1m-lejepa-random-50ksteps,1m,lejepa,random,2.71875,,
15200,5,0.000493633393205638,1,384,0.3019947409629822,0.1873382180929184,2.484375,2,geometry-fixedcompute-1m-lejepa-random-50ksteps,1m,lejepa,random,2.484375,,
15300,5,0.000493155445264977,1,384,0.2919631004333496,0.19322597980499268,2.171875,2,geometry-fixedcompute-1m-lejepa-random-50ksteps,1m,lejepa,random,2.171875,,
15400,5,0.0004926604493838346,1,384,0.28297924995422363,0.1801714152097702,2.234375,2,geometry-fixedcompute-1m-lejepa-random-50ksteps,1m,lejepa,random,2.234375,,
15500,5,0.0004921484403027254,1,384,0.2785520553588867,0.17139938473701477,2.3125,2,geometry-fixedcompute-1m-lejepa-random-50ksteps,1m,lejepa,random,2.3125,,
15600,5,0.0004916194539562103,1,384,0.27764052152633667,0.16478607058525085,2.421875,2,geometry-fixedcompute-1m-lejepa-random-50ksteps,1m,lejepa,random,2.421875,,
15700,6,0.0004910735274703725,1,384,0.2797567844390869,0.1726675033569336,2.3125,2,geometry-fixedcompute-1m-lejepa-random-50ksteps,1m,lejepa,random,2.3125,,
15800,6,0.0004905106991602119,1,384,0.2658994197845459,0.16373459994792938,2.203125,2,geometry-fixedcompute-1m-lejepa-random-50ksteps,1m,lejepa,random,2.203125,,
15900,6,0.0004899310085269574,1,384,0.2865307331085205,0.17260226607322693,2.453125,2,geometry-fixedcompute-1m-lejepa-random-50ksteps,1m,lejepa,random,2.453125,,
16000,6,0.0004893344962552931,1,384,0.27671629190444946,0.16227124631404877,2.453125,2,geometry-fixedcompute-1m-lejepa-random-50ksteps,1m,lejepa,random,2.453125,,
16100,6,0.0004887212042105043,1,384,0.2697749733924866,0.16216033697128296,2.3125,2,geometry-fixedcompute-1m-lejepa-random-50ksteps,1m,lejepa,random,2.3125,,
16200,6,0.0004880911754355366,1,384,0.2672320008277893,0.16359537839889526,2.234375,2,geometry-fixedcompute-1m-lejepa-random-50ksteps,1m,lejepa,random,2.234375,,
16300,6,0.00048744445414798296,1,384,0.2530709505081177,0.14868900179862976,2.234375,2,geometry-fixedcompute-1m-lejepa-random-50ksteps,1m,lejepa,random,2.234375,,
16400,6,0.0004867810857369673,1,384,0.25899410247802734,0.16314756870269775,2.078125,2,geometry-fixedcompute-1m-lejepa-random-50ksteps,1m,lejepa,random,2.078125,,
16500,6,0.0004861011167599691,1,384,0.2535073459148407,0.15994194149971008,2.03125,2,geometry-fixedcompute-1m-lejepa-random-50ksteps,1m,lejepa,random,2.03125,,
16600,6,0.00048540459493955193,1,384,0.26774048805236816,0.16413059830665588,2.234375,2,geometry-fixedcompute-1m-lejepa-random-50ksteps,1m,lejepa,random,2.234375,,
16700,6,0.0004846915691600154,1,384,0.2708611786365509,0.15508002042770386,2.46875,2,geometry-fixedcompute-1m-lejepa-random-50ksteps,1m,lejepa,random,2.46875,,
16800,6,0.0004839620894639634,1,384,0.2505759000778198,0.16045406460762024,1.9609375,2,geometry-fixedcompute-1m-lejepa-random-50ksteps,1m,lejepa,random,1.9609375,,
16900,6,0.0004832162070487937,1,384,0.23666472733020782,0.1519784927368164,1.84375,2,geometry-fixedcompute-1m-lejepa-random-50ksteps,1m,lejepa,random,1.84375,,
17000,6,0.00048245397426310144,1,384,0.24798162281513214,0.1541253924369812,2.03125,2,geometry-fixedcompute-1m-lejepa-random-50ksteps,1m,lejepa,random,2.03125,,
17100,6,0.00048167544460300815,1,384,0.2566823959350586,0.1566023826599121,2.15625,2,geometry-fixedcompute-1m-lejepa-random-50ksteps,1m,lejepa,random,2.15625,,
17200,6,0.000480880672708406,1,384,0.24447934329509735,0.15866246819496155,1.875,2,geometry-fixedcompute-1m-lejepa-random-50ksteps,1m,lejepa,random,1.875,,
17300,6,0.0004800697143591227,1,384,0.22699016332626343,0.13973882794380188,1.8828125,2,geometry-fixedcompute-1m-lejepa-random-50ksteps,1m,lejepa,random,1.8828125,,
17400,6,0.00047924262647100767,1,384,0.2292184680700302,0.14516828954219818,1.828125,2,geometry-fixedcompute-1m-lejepa-random-50ksteps,1m,lejepa,random,1.828125,,
17500,6,0.00047839946709193616,1,384,0.2540014088153839,0.1537802666425705,2.15625,2,geometry-fixedcompute-1m-lejepa-random-50ksteps,1m,lejepa,random,2.15625,,
17600,6,0.00047754029539773707,1,384,0.23761606216430664,0.1401304006576538,2.09375,2,geometry-fixedcompute-1m-lejepa-random-50ksteps,1m,lejepa,random,2.09375,,
17700,6,0.00047666517168803757,1,384,0.23315978050231934,0.14469121396541595,1.9140625,2,geometry-fixedcompute-1m-lejepa-random-50ksteps,1m,lejepa,random,1.9140625,,
17800,6,0.0004757741573820327,1,384,0.24771790206432343,0.14716604351997375,2.15625,2,geometry-fixedcompute-1m-lejepa-random-50ksteps,1m,lejepa,random,2.15625,,
17900,6,0.00047486731501417427,1,384,0.25341323018074036,0.15059122443199158,2.203125,2,geometry-fixedcompute-1m-lejepa-random-50ksteps,1m,lejepa,random,2.203125,,
18000,6,0.00047394470822978196,1,384,0.23495474457740784,0.149150550365448,1.8671875,2,geometry-fixedcompute-1m-lejepa-random-50ksteps,1m,lejepa,random,1.8671875,,
18100,6,0.00047300640178057646,1,384,0.24423986673355103,0.14864476025104523,2.0625,2,geometry-fixedcompute-1m-lejepa-random-50ksteps,1m,lejepa,random,2.0625,,
18200,6,0.0004720524615201351,1,384,0.2372744381427765,0.14593856036663055,1.9765625,2,geometry-fixedcompute-1m-lejepa-random-50ksteps,1m,lejepa,random,1.9765625,,
18300,7,0.0004710829543992701,1,384,0.21528899669647217,0.12536588311195374,1.921875,2,geometry-fixedcompute-1m-lejepa-random-50ksteps,1m,lejepa,random,1.921875,,
18400,7,0.0004700979484613289,1,384,0.22129042446613312,0.13373909890651703,1.8828125,2,geometry-fixedcompute-1m-lejepa-random-50ksteps,1m,lejepa,random,1.8828125,,
18500,7,0.0004690975128374195,1,384,0.2368801236152649,0.1470654308795929,1.9453125,2,geometry-fixedcompute-1m-lejepa-random-50ksteps,1m,lejepa,random,1.9453125,,
18600,7,0.00046808171774155875,1,384,0.22395741939544678,0.13654646277427673,1.8828125,2,geometry-fixedcompute-1m-lejepa-random-50ksteps,1m,lejepa,random,1.8828125,,
18700,7,0.0004670506344657437,1,384,0.20773661136627197,0.1302655190229416,1.6796875,2,geometry-fixedcompute-1m-lejepa-random-50ksteps,1m,lejepa,random,1.6796875,,
18800,7,0.0004660043353749491,1,384,0.2153947353363037,0.1347288340330124,1.75,2,geometry-fixedcompute-1m-lejepa-random-50ksteps,1m,lejepa,random,1.75,,
18900,7,0.00046494289390204747,1,384,0.2254435271024704,0.1314290463924408,2.015625,2,geometry-fixedcompute-1m-lejepa-random-50ksteps,1m,lejepa,random,2.015625,,
19000,7,0.0004638663845426557,1,384,0.2036697119474411,0.12495660781860352,1.6953125,2,geometry-fixedcompute-1m-lejepa-random-50ksteps,1m,lejepa,random,1.6953125,,
19100,7,0.0004627748828499074,1,384,0.21906256675720215,0.13344991207122803,1.84375,2,geometry-fixedcompute-1m-lejepa-random-50ksteps,1m,lejepa,random,1.84375,,
19200,7,0.000461668465429149,1,384,0.2283615618944168,0.144266277551651,1.828125,2,geometry-fixedcompute-1m-lejepa-random-50ksteps,1m,lejepa,random,1.828125,,
19300,7,0.0004605472099325649,1,384,0.22155936062335968,0.1463577151298523,1.6484375,2,geometry-fixedcompute-1m-lejepa-random-50ksteps,1m,lejepa,random,1.6484375,,
19400,7,0.00045941119505372654,1,384,0.21279767155647278,0.12993916869163513,1.7890625,2,geometry-fixedcompute-1m-lejepa-random-50ksteps,1m,lejepa,random,1.7890625,,
19500,7,0.0004582605005220694,1,384,0.22666236758232117,0.13322600722312927,2.0,2,geometry-fixedcompute-1m-lejepa-random-50ksteps,1m,lejepa,random,2.0,,
19600,7,0.0004570952070972972,1,384,0.20297563076019287,0.13090774416923523,1.5703125,2,geometry-fixedcompute-1m-lejepa-random-50ksteps,1m,lejepa,random,1.5703125,,
19700,7,0.0004559153965637145,1,384,0.22231192886829376,0.137898251414299,1.828125,2,geometry-fixedcompute-1m-lejepa-random-50ksteps,1m,lejepa,random,1.828125,,
19800,7,0.0004547211517244872,1,384,0.210358664393425,0.13199761509895325,1.703125,2,geometry-fixedcompute-1m-lejepa-random-50ksteps,1m,lejepa,random,1.703125,,
19900,7,0.00045351255639583006,1,384,0.21967773139476776,0.13409744203090668,1.84375,2,geometry-fixedcompute-1m-lejepa-random-50ksteps,1m,lejepa,random,1.84375,,
20000,7,0.0004522896954011244,1,384,0.20563042163848877,0.1208527535200119,1.8203125,2,geometry-fixedcompute-1m-lejepa-random-50ksteps,1m,lejepa,random,1.8203125,,
20100,7,0.0004510526545649648,1,384,0.19998560845851898,0.12621840834617615,1.6015625,2,geometry-fixedcompute-1m-lejepa-random-50ksteps,1m,lejepa,random,1.6015625,,
20200,7,0.00044980152070713615,1,384,0.2248896062374115,0.13855567574501038,1.8671875,2,geometry-fixedcompute-1m-lejepa-random-50ksteps,1m,lejepa,random,1.8671875,,
20300,7,0.0004485363816365206,1,384,0.21928110718727112,0.14344558119773865,1.6640625,2,geometry-fixedcompute-1m-lejepa-random-50ksteps,1m,lejepa,random,1.6640625,,
20400,7,0.0004472573261449342,1,384,0.21320098638534546,0.12625186145305634,1.8671875,2,geometry-fixedcompute-1m-lejepa-random-50ksteps,1m,lejepa,random,1.8671875,,
20500,7,0.00044596444400089554,1,384,0.21186931431293488,0.1335877627134323,1.703125,2,geometry-fixedcompute-1m-lejepa-random-50ksteps,1m,lejepa,random,1.703125,,
20600,7,0.0004446578259433245,1,384,0.2135230451822281,0.1343005746603012,1.71875,2,geometry-fixedcompute-1m-lejepa-random-50ksteps,1m,lejepa,random,1.71875,,
20700,7,0.0004433375636751747,1,384,0.20060887932777405,0.12327660620212555,1.671875,2,geometry-fixedcompute-1m-lejepa-random-50ksteps,1m,lejepa,random,1.671875,,
20800,7,0.0004420037498569983,1,384,0.2071818858385086,0.12145790457725525,1.8359375,2,geometry-fixedcompute-1m-lejepa-random-50ksteps,1m,lejepa,random,1.8359375,,
20900,8,0.0004406564781004411,1,384,0.2006116658449173,0.11762576550245285,1.7734375,2,geometry-fixedcompute-1m-lejepa-random-50ksteps,1m,lejepa,random,1.7734375,,
21000,8,0.000439295842961674,1,384,0.204226553440094,0.12965458631515503,1.625,2,geometry-fixedcompute-1m-lejepa-random-50ksteps,1m,lejepa,random,1.625,,
21100,8,0.00043792193993475587,1,384,0.19577249884605408,0.1212695837020874,1.609375,2,geometry-fixedcompute-1m-lejepa-random-50ksteps,1m,lejepa,random,1.609375,,
21200,8,0.0004365348654449318,1,384,0.20314736664295197,0.12851861119270325,1.6171875,2,geometry-fixedcompute-1m-lejepa-random-50ksteps,1m,lejepa,random,1.6171875,,
21300,8,0.0004351347168418642,1,384,0.20185112953186035,0.12047240138053894,1.75,2,geometry-fixedcompute-1m-lejepa-random-50ksteps,1m,lejepa,random,1.75,,
21400,8,0.000433721592392804,1,384,0.20101754367351532,0.12010893225669861,1.7421875,2,geometry-fixedcompute-1m-lejepa-random-50ksteps,1m,lejepa,random,1.7421875,,
21500,8,0.00043229559127568956,1,384,0.19637301564216614,0.1183038279414177,1.6796875,2,geometry-fixedcompute-1m-lejepa-random-50ksteps,1m,lejepa,random,1.6796875,,
21600,8,0.0004308568135721894,1,384,0.18757668137550354,0.11161442846059799,1.6328125,2,geometry-fixedcompute-1m-lejepa-random-50ksteps,1m,lejepa,random,1.6328125,,
21700,8,0.0004294053602606763,1,384,0.19460755586624146,0.11747342348098755,1.6640625,2,geometry-fixedcompute-1m-lejepa-random-50ksteps,1m,lejepa,random,1.6640625,,
21800,8,0.0004279413332091415,1,384,0.2012518346309662,0.128579244017601,1.5859375,2,geometry-fixedcompute-1m-lejepa-random-50ksteps,1m,lejepa,random,1.5859375,,
21900,8,0.000426464835168044,1,384,0.19393089413642883,0.11676113307476044,1.6640625,2,geometry-fixedcompute-1m-lejepa-random-50ksteps,1m,lejepa,random,1.6640625,,
22000,8,0.0004249759697630992,1,384,0.1906179040670395,0.11430174112319946,1.640625,2,geometry-fixedcompute-1m-lejepa-random-50ksteps,1m,lejepa,random,1.640625,,
22100,8,0.0004234748414880087,1,384,0.20452448725700378,0.1222585067152977,1.765625,2,geometry-fixedcompute-1m-lejepa-random-50ksteps,1m,lejepa,random,1.765625,,
22200,8,0.0004219615556971227,1,384,0.18067747354507446,0.10846394300460815,1.5546875,2,geometry-fixedcompute-1m-lejepa-random-50ksteps,1m,lejepa,random,1.5546875,,
22300,8,0.0004204362185980483,1,384,0.20182323455810547,0.12506887316703796,1.65625,2,geometry-fixedcompute-1m-lejepa-random-50ksteps,1m,lejepa,random,1.65625,,
22400,8,0.00041889893724419514,1,384,0.1977420449256897,0.11871695518493652,1.703125,2,geometry-fixedcompute-1m-lejepa-random-50ksteps,1m,lejepa,random,1.703125,,
22500,8,0.00041734981952726145,1,384,0.20543032884597778,0.12012814730405807,1.828125,2,geometry-fixedcompute-1m-lejepa-random-50ksteps,1m,lejepa,random,1.828125,,
22600,8,0.0004157889741696617,1,384,0.1863372027873993,0.11287963390350342,1.5859375,2,geometry-fixedcompute-1m-lejepa-random-50ksteps,1m,lejepa,random,1.5859375,,
22700,8,0.00041421651071689767,1,384,0.1885520964860916,0.11007128655910492,1.6796875,2,geometry-fixedcompute-1m-lejepa-random-50ksteps,1m,lejepa,random,1.6796875,,
22800,8,0.00041263253952986877,1,384,0.18556874990463257,0.11361267417669296,1.5546875,2,geometry-fixedcompute-1m-lejepa-random-50ksteps,1m,lejepa,random,1.5546875,,
22900,8,0.00041103717177712627,1,384,0.18938733637332916,0.11763223260641098,1.5546875,2,geometry-fixedcompute-1m-lejepa-random-50ksteps,1m,lejepa,random,1.5546875,,
23000,8,0.00040943051942707206,1,384,0.18223349750041962,0.11678361892700195,1.421875,2,geometry-fixedcompute-1m-lejepa-random-50ksteps,1m,lejepa,random,1.421875,,
23100,8,0.0004078126952400997,1,384,0.19197240471839905,0.12138131260871887,1.53125,2,geometry-fixedcompute-1m-lejepa-random-50ksteps,1m,lejepa,random,1.53125,,
23200,8,0.0004061838127606807,1,384,0.188088059425354,0.11215272545814514,1.6328125,2,geometry-fixedcompute-1m-lejepa-random-50ksteps,1m,lejepa,random,1.6328125,,
23300,8,0.0004045439863093963,1,384,0.2116459310054779,0.12924078106880188,1.78125,2,geometry-fixedcompute-1m-lejepa-random-50ksteps,1m,lejepa,random,1.78125,,
23400,8,0.0004028933309749125,1,384,0.18728628754615784,0.11233671754598618,1.609375,2,geometry-fixedcompute-1m-lejepa-random-50ksteps,1m,lejepa,random,1.609375,,
23500,9,0.0004012319626059038,1,384,0.1905122846364975,0.11110667884349823,1.703125,2,geometry-fixedcompute-1m-lejepa-random-50ksteps,1m,lejepa,random,1.703125,,
23600,9,0.00039955999780292277,1,384,0.19288572669029236,0.12234270572662354,1.53125,2,geometry-fixedcompute-1m-lejepa-random-50ksteps,1m,lejepa,random,1.53125,,
23700,9,0.0003978775539102158,1,384,0.19309082627296448,0.12204461544752121,1.5390625,2,geometry-fixedcompute-1m-lejepa-random-50ksteps,1m,lejepa,random,1.5390625,,
23800,9,0.00039618474900748776,1,384,0.18961063027381897,0.12660494446754456,1.390625,2,geometry-fixedcompute-1m-lejepa-random-50ksteps,1m,lejepa,random,1.390625,,
23900,9,0.0003944817019016155,1,384,0.19877558946609497,0.12237479537725449,1.6484375,2,geometry-fixedcompute-1m-lejepa-random-50ksteps,1m,lejepa,random,1.6484375,,
24000,9,0.0003927685321183087,1,384,0.19481928646564484,0.1290038526058197,1.4453125,2,geometry-fixedcompute-1m-lejepa-random-50ksteps,1m,lejepa,random,1.4453125,,
24100,9,0.0003910453598937212,1,384,0.18447735905647278,0.11040791124105453,1.59375,2,geometry-fixedcompute-1m-lejepa-random-50ksteps,1m,lejepa,random,1.59375,,
24200,9,0.00038931230616601225,1,384,0.18278583884239197,0.10811339318752289,1.6015625,2,geometry-fixedcompute-1m-lejepa-random-50ksteps,1m,lejepa,random,1.6015625,,
24300,9,0.0003875694925668595,1,384,0.1852460652589798,0.12201066315174103,1.390625,2,geometry-fixedcompute-1m-lejepa-random-50ksteps,1m,lejepa,random,1.390625,,
24400,9,0.00038581704141292186,1,384,0.1793840080499649,0.11378415673971176,1.421875,2,geometry-fixedcompute-1m-lejepa-random-50ksteps,1m,lejepa,random,1.421875,,
24500,9,0.00038405507569725566,1,384,0.18898698687553406,0.12286458909511566,1.4453125,2,geometry-fixedcompute-1m-lejepa-random-50ksteps,1m,lejepa,random,1.4453125,,
24600,9,0.0003822837190806807,1,384,0.19170671701431274,0.12058766186237335,1.546875,2,geometry-fixedcompute-1m-lejepa-random-50ksteps,1m,lejepa,random,1.546875,,
24700,9,0.00038050309588310373,1,384,0.18058286607265472,0.11299018561840057,1.4609375,2,geometry-fixedcompute-1m-lejepa-random-50ksteps,1m,lejepa,random,1.4609375,,
24800,9,0.0003787133310747911,1,384,0.18010857701301575,0.10580920428037643,1.59375,2,geometry-fixedcompute-1m-lejepa-random-50ksteps,1m,lejepa,random,1.59375,,
24900,9,0.00037691455026759966,1,384,0.17945271730422974,0.11282852292060852,1.4453125,2,geometry-fixedcompute-1m-lejepa-random-50ksteps,1m,lejepa,random,1.4453125,,
25000,9,0.0003751068797061594,1,384,0.17818567156791687,0.10841090977191925,1.5,2,geometry-fixedcompute-1m-lejepa-random-50ksteps,1m,lejepa,random,1.5,,
25100,9,0.0003732904462590138,1,384,0.19476701319217682,0.11866922676563263,1.640625,2,geometry-fixedcompute-1m-lejepa-random-50ksteps,1m,lejepa,random,1.640625,,
25200,9,0.0003714653774097174,1,384,0.1763576865196228,0.1070006936788559,1.4921875,2,geometry-fixedcompute-1m-lejepa-random-50ksteps,1m,lejepa,random,1.4921875,,
25300,9,0.0003696318012478849,1,384,0.18061590194702148,0.11096903681755066,1.5,2,geometry-fixedcompute-1m-lejepa-random-50ksteps,1m,lejepa,random,1.5,,
25400,9,0.00036778984646020454,1,384,0.17110490798950195,0.10301338136196136,1.4609375,2,geometry-fixedcompute-1m-lejepa-random-50ksteps,1m,lejepa,random,1.4609375,,
25500,9,0.00036593964232140567,1,384,0.17382514476776123,0.1069047674536705,1.4453125,2,geometry-fixedcompute-1m-lejepa-random-50ksteps,1m,lejepa,random,1.4453125,,
25600,9,0.0003640813186851842,1,384,0.17140746116638184,0.10692974179983139,1.3984375,2,geometry-fixedcompute-1m-lejepa-random-50ksteps,1m,lejepa,random,1.3984375,,
25700,9,0.0003622150059750918,1,384,0.18515273928642273,0.10854893922805786,1.640625,2,geometry-fixedcompute-1m-lejepa-random-50ksteps,1m,lejepa,random,1.640625,,
25800,9,0.0003603408351753808,1,384,0.17621760070323944,0.10839517414569855,1.46875,2,geometry-fixedcompute-1m-lejepa-random-50ksteps,1m,lejepa,random,1.46875,,
25900,9,0.00035845893782181037,1,384,0.17373666167259216,0.10578366369009018,1.4609375,2,geometry-fixedcompute-1m-lejepa-random-50ksteps,1m,lejepa,random,1.4609375,,
26000,9,0.0003565694459924158,1,384,0.17403900623321533,0.10455998033285141,1.4921875,2,geometry-fixedcompute-1m-lejepa-random-50ksteps,1m,lejepa,random,1.4921875,,
26100,10,0.00035467249229823944,1,384,0.18131199479103088,0.10964585840702057,1.5390625,2,geometry-fixedcompute-1m-lejepa-random-50ksteps,1m,lejepa,random,1.5390625,,
26200,10,0.00035276820987402294,1,384,0.17629820108413696,0.11104991286993027,1.4140625,2,geometry-fixedcompute-1m-lejepa-random-50ksteps,1m,lejepa,random,1.4140625,,
26300,10,0.00035085673236886345,1,384,0.18752607703208923,0.11413107812404633,1.5859375,2,geometry-fixedcompute-1m-lejepa-random-50ksteps,1m,lejepa,random,1.5859375,,
26400,10,0.00034893819393683314,1,384,0.16963744163513184,0.11560314893722534,1.1953125,2,geometry-fixedcompute-1m-lejepa-random-50ksteps,1m,lejepa,random,1.1953125,,
26500,10,0.0003470127292275656,1,384,0.1608644425868988,0.09737374633550644,1.3671875,2,geometry-fixedcompute-1m-lejepa-random-50ksteps,1m,lejepa,random,1.3671875,,
26600,10,0.00034508047337680276,1,384,0.17405915260314941,0.10406720638275146,1.5078125,2,geometry-fixedcompute-1m-lejepa-random-50ksteps,1m,lejepa,random,1.5078125,,
26700,10,0.00034314156199691313,1,384,0.17133986949920654,0.10377468913793564,1.453125,2,geometry-fixedcompute-1m-lejepa-random-50ksteps,1m,lejepa,random,1.453125,,
26800,10,0.00034119613116737334,1,384,0.17664885520935059,0.11141902208328247,1.4140625,2,geometry-fixedcompute-1m-lejepa-random-50ksteps,1m,lejepa,random,1.4140625,,
26900,10,0.0003392443174252175,1,384,0.17263062298297882,0.11232911050319672,1.3203125,2,geometry-fixedcompute-1m-lejepa-random-50ksteps,1m,lejepa,random,1.3203125,,
27000,10,0.00033728625775545344,1,384,0.17409001290798187,0.11232337355613708,1.34375,2,geometry-fixedcompute-1m-lejepa-random-50ksteps,1m,lejepa,random,1.34375,,
27100,10,0.0003353220895814506,1,384,0.17006182670593262,0.10037346929311752,1.4921875,2,geometry-fixedcompute-1m-lejepa-random-50ksteps,1m,lejepa,random,1.4921875,,
27200,10,0.00033335195075529466,1,384,0.16789057850837708,0.10476969182491302,1.3671875,2,geometry-fixedcompute-1m-lejepa-random-50ksteps,1m,lejepa,random,1.3671875,,
27300,10,0.0003313759795481116,1,384,0.17508801817893982,0.11183195561170578,1.375,2,geometry-fixedcompute-1m-lejepa-random-50ksteps,1m,lejepa,random,1.375,,
27400,10,0.00032939431464036395,1,384,0.16113261878490448,0.10228186845779419,1.28125,2,geometry-fixedcompute-1m-lejepa-random-50ksteps,1m,lejepa,random,1.28125,,
27500,10,0.00032740709511211826,1,384,0.1673479527235031,0.11036626994609833,1.25,2,geometry-fixedcompute-1m-lejepa-random-50ksteps,1m,lejepa,random,1.25,,
27600,10,0.00032541446043328243,1,384,0.16647978127002716,0.10225667804479599,1.390625,2,geometry-fixedcompute-1m-lejepa-random-50ksteps,1m,lejepa,random,1.390625,,
27700,10,0.0003234165504538194,1,384,0.16841037571430206,0.1063448041677475,1.3515625,2,geometry-fixedcompute-1m-lejepa-random-50ksteps,1m,lejepa,random,1.3515625,,
27800,10,0.0003214135053939299,1,384,0.1729690134525299,0.10600356757640839,1.4453125,2,geometry-fixedcompute-1m-lejepa-random-50ksteps,1m,lejepa,random,1.4453125,,
27900,10,0.0003194054658342132,1,384,0.16967010498046875,0.1076708436012268,1.34375,2,geometry-fixedcompute-1m-lejepa-random-50ksteps,1m,lejepa,random,1.34375,,
28000,10,0.0003173925727057994,1,384,0.17933201789855957,0.11115951836109161,1.4765625,2,geometry-fixedcompute-1m-lejepa-random-50ksteps,1m,lejepa,random,1.4765625,,
28100,10,0.00031537496728045874,1,384,0.1687479168176651,0.10361623018980026,1.40625,2,geometry-fixedcompute-1m-lejepa-random-50ksteps,1m,lejepa,random,1.40625,,
28200,10,0.00031335279116068664,1,384,0.1803402304649353,0.11736061424016953,1.375,2,geometry-fixedcompute-1m-lejepa-random-50ksteps,1m,lejepa,random,1.375,,
28300,10,0.0003113261862697656,1,384,0.17368924617767334,0.10573373734951019,1.46875,2,geometry-fixedcompute-1m-lejepa-random-50ksteps,1m,lejepa,random,1.46875,,
28400,10,0.00030929529484180425,1,384,0.16343754529953003,0.10059626400470734,1.359375,2,geometry-fixedcompute-1m-lejepa-random-50ksteps,1m,lejepa,random,1.359375,,
28500,10,0.00030726025941175587,1,384,0.1586640477180481,0.09865542501211166,1.296875,2,geometry-fixedcompute-1m-lejepa-random-50ksteps,1m,lejepa,random,1.296875,,
28600,10,0.0003052212228054132,1,384,0.15820960700511932,0.09869103878736496,1.2890625,2,geometry-fixedcompute-1m-lejepa-random-50ksteps,1m,lejepa,random,1.2890625,,
28700,11,0.00030317832812938594,1,384,0.16891926527023315,0.09917076677083969,1.4921875,2,geometry-fixedcompute-1m-lejepa-random-50ksteps,1m,lejepa,random,1.4921875,,
28800,11,0.00030113171876105653,1,384,0.1681930422782898,0.10560204833745956,1.359375,2,geometry-fixedcompute-1m-lejepa-random-50ksteps,1m,lejepa,random,1.359375,,
28900,11,0.0002990815383385165,1,384,0.16351768374443054,0.1011946052312851,1.34375,2,geometry-fixedcompute-1m-lejepa-random-50ksteps,1m,lejepa,random,1.34375,,
29000,11,0.0002970279307504874,1,384,0.16412784159183502,0.09566911309957504,1.4609375,2,geometry-fixedcompute-1m-lejepa-random-50ksteps,1m,lejepa,random,1.4609375,,
29100,11,0.0002949710401262197,1,384,0.16561363637447357,0.10597077012062073,1.296875,2,geometry-fixedcompute-1m-lejepa-random-50ksteps,1m,lejepa,random,1.296875,,
29200,11,0.0002929110108253798,1,384,0.14825719594955444,0.09643848985433578,1.1328125,2,geometry-fixedcompute-1m-lejepa-random-50ksteps,1m,lejepa,random,1.1328125,,
29300,11,0.0002908479874279166,1,384,0.16332058608531952,0.10458499193191528,1.28125,2,geometry-fixedcompute-1m-lejepa-random-50ksteps,1m,lejepa,random,1.28125,,
29400,11,0.0002887821147239155,1,384,0.15106016397476196,0.09579113125801086,1.203125,2,geometry-fixedcompute-1m-lejepa-random-50ksteps,1m,lejepa,random,1.203125,,
29500,11,0.0002867135377034353,1,384,0.16176214814186096,0.09729073941707611,1.390625,2,geometry-fixedcompute-1m-lejepa-random-50ksteps,1m,lejepa,random,1.390625,,
29600,11,0.0002846424015463339,1,384,0.176243856549263,0.11202067136764526,1.3984375,2,geometry-fixedcompute-1m-lejepa-random-50ksteps,1m,lejepa,random,1.3984375,,
29700,11,0.00028256885161207727,1,384,0.1613592505455017,0.10149247944355011,1.296875,2,geometry-fixedcompute-1m-lejepa-random-50ksteps,1m,lejepa,random,1.296875,,
29800,11,0.00028049303342953994,1,384,0.16506560146808624,0.09871214628219604,1.421875,2,geometry-fixedcompute-1m-lejepa-random-50ksteps,1m,lejepa,random,1.421875,,
29900,11,0.0002784150926867882,1,384,0.15668439865112305,0.09502962231636047,1.328125,2,geometry-fixedcompute-1m-lejepa-random-50ksteps,1m,lejepa,random,1.328125,,
30000,11,0.00027633517522085795,1,384,0.1610221415758133,0.10319353640079498,1.2578125,2,geometry-fixedcompute-1m-lejepa-random-50ksteps,1m,lejepa,random,1.2578125,,
30100,11,0.00027425342700751877,1,384,0.16025091707706451,0.1008397787809372,1.2890625,2,geometry-fixedcompute-1m-lejepa-random-50ksteps,1m,lejepa,random,1.2890625,,
30200,11,0.0002721699941510273,1,384,0.16377350687980652,0.10094991326332092,1.359375,2,geometry-fixedcompute-1m-lejepa-random-50ksteps,1m,lejepa,random,1.359375,,
30300,11,0.00027008502287387476,1,384,0.15751202404499054,0.0994986817240715,1.2578125,2,geometry-fixedcompute-1m-lejepa-random-50ksteps,1m,lejepa,random,1.2578125,,
30400,11,0.00026799865950652446,1,384,0.1676439791917801,0.10553807020187378,1.3515625,2,geometry-fixedcompute-1m-lejepa-random-50ksteps,1m,lejepa,random,1.3515625,,
30500,11,0.00026591105047714045,1,384,0.17200370132923126,0.10241755098104477,1.4921875,2,geometry-fixedcompute-1m-lejepa-random-50ksteps,1m,lejepa,random,1.4921875,,
30600,11,0.0002638223423013126,1,384,0.17090439796447754,0.10845610499382019,1.359375,2,geometry-fixedcompute-1m-lejepa-random-50ksteps,1m,lejepa,random,1.359375,,
30700,11,0.0002617326815717717,1,384,0.15290331840515137,0.09464740008115768,1.2578125,2,geometry-fixedcompute-1m-lejepa-random-50ksteps,1m,lejepa,random,1.2578125,,
30800,11,0.00025964221494810275,1,384,0.17261546850204468,0.11282714456319809,1.3125,2,geometry-fixedcompute-1m-lejepa-random-50ksteps,1m,lejepa,random,1.3125,,
30900,11,0.0002575510891464514,1,384,0.16048111021518707,0.10211005061864853,1.2734375,2,geometry-fixedcompute-1m-lejepa-random-50ksteps,1m,lejepa,random,1.2734375,,
31000,11,0.0002554594509292255,1,384,0.1606581062078476,0.09972646087408066,1.3203125,2,geometry-fixedcompute-1m-lejepa-random-50ksteps,1m,lejepa,random,1.3203125,,
31100,11,0.0002533674470947974,1,384,0.1567460596561432,0.09663648903369904,1.296875,2,geometry-fixedcompute-1m-lejepa-random-50ksteps,1m,lejepa,random,1.296875,,
31200,11,0.0002512752244671984,1,384,0.14771977066993713,0.09304589033126831,1.1875,2,geometry-fixedcompute-1m-lejepa-random-50ksteps,1m,lejepa,random,1.1875,,
31300,12,0.00024918292988581643,1,384,0.15689712762832642,0.09422560036182404,1.34375,2,geometry-fixedcompute-1m-lejepa-random-50ksteps,1m,lejepa,random,1.34375,,
31400,12,0.0002470907101950889,1,384,0.14324307441711426,0.08627765625715256,1.2265625,2,geometry-fixedcompute-1m-lejepa-random-50ksteps,1m,lejepa,random,1.2265625,,
31500,12,0.00024499871223419774,1,384,0.16098155081272125,0.09801100939512253,1.359375,2,geometry-fixedcompute-1m-lejepa-random-50ksteps,1m,lejepa,random,1.359375,,
31600,12,0.00024290708282676213,1,384,0.14086031913757324,0.08325551450252533,1.234375,2,geometry-fixedcompute-1m-lejepa-random-50ksteps,1m,lejepa,random,1.234375,,
31700,12,0.00024081596877053573,1,384,0.16793322563171387,0.10121671855449677,1.4375,2,geometry-fixedcompute-1m-lejepa-random-50ksteps,1m,lejepa,random,1.4375,,
31800,12,0.00023872551682710305,1,384,0.15401479601860046,0.09016361087560654,1.3671875,2,geometry-fixedcompute-1m-lejepa-random-50ksteps,1m,lejepa,random,1.3671875,,
31900,12,0.00023663587371157852,1,384,0.15786121785640717,0.10089421272277832,1.2421875,2,geometry-fixedcompute-1m-lejepa-random-50ksteps,1m,lejepa,random,1.2421875,,
32000,12,0.00023454718608231087,1,384,0.17146077752113342,0.10749983042478561,1.3828125,2,geometry-fixedcompute-1m-lejepa-random-50ksteps,1m,lejepa,random,1.3828125,,
32100,12,0.0002324596005305893,1,384,0.14819416403770447,0.08814845979213715,1.2890625,2,geometry-fixedcompute-1m-lejepa-random-50ksteps,1m,lejepa,random,1.2890625,,
32200,12,0.00023037326357035543,1,384,0.14941544830799103,0.08943402767181396,1.2890625,2,geometry-fixedcompute-1m-lejepa-random-50ksteps,1m,lejepa,random,1.2890625,,
32300,12,0.00022828832162792063,1,384,0.16571001708507538,0.10196038335561752,1.375,2,geometry-fixedcompute-1m-lejepa-random-50ksteps,1m,lejepa,random,1.375,,
32400,12,0.0002262049210316887,1,384,0.14592286944389343,0.08781355619430542,1.25,2,geometry-fixedcompute-1m-lejepa-random-50ksteps,1m,lejepa,random,1.25,,
32500,12,0.00022412320800188715,1,384,0.1565563976764679,0.09592285007238388,1.3125,2,geometry-fixedcompute-1m-lejepa-random-50ksteps,1m,lejepa,random,1.3125,,
32600,12,0.00022204332864030358,1,384,0.15497344732284546,0.09811144322156906,1.234375,2,geometry-fixedcompute-1m-lejepa-random-50ksteps,1m,lejepa,random,1.234375,,
32700,12,0.0002199654289200327,1,384,0.16087543964385986,0.10432406514883041,1.234375,2,geometry-fixedcompute-1m-lejepa-random-50ksteps,1m,lejepa,random,1.234375,,
32800,12,0.0002178896546752311,1,384,0.16087272763252258,0.10252228379249573,1.265625,2,geometry-fixedcompute-1m-lejepa-random-50ksteps,1m,lejepa,random,1.265625,,
32900,12,0.00021581615159088242,1,384,0.15934491157531738,0.10091404616832733,1.2734375,2,geometry-fixedcompute-1m-lejepa-random-50ksteps,1m,lejepa,random,1.2734375,,
33000,12,0.00021374506519257182,1,384,0.15479616820812225,0.09869580715894699,1.21875,2,geometry-fixedcompute-1m-lejepa-random-50ksteps,1m,lejepa,random,1.21875,,
33100,12,0.00021167654083627428,1,384,0.1480831503868103,0.09497033059597015,1.15625,2,geometry-fixedcompute-1m-lejepa-random-50ksteps,1m,lejepa,random,1.15625,,
33200,12,0.00020961072369815053,1,384,0.1578827202320099,0.09320714324712753,1.3828125,2,geometry-fixedcompute-1m-lejepa-random-50ksteps,1m,lejepa,random,1.3828125,,
33300,12,0.0002075477587643603,1,384,0.15756461024284363,0.10340889543294907,1.1875,2,geometry-fixedcompute-1m-lejepa-random-50ksteps,1m,lejepa,random,1.1875,,
33400,12,0.0002054877908208857,1,384,0.16345150768756866,0.0990690216422081,1.390625,2,geometry-fixedcompute-1m-lejepa-random-50ksteps,1m,lejepa,random,1.390625,,
33500,12,0.000203430964443369,1,384,0.15572994947433472,0.10019271075725555,1.2109375,2,geometry-fixedcompute-1m-lejepa-random-50ksteps,1m,lejepa,random,1.2109375,,
33600,12,0.00020137742398696734,1,384,0.1487877070903778,0.09211411327123642,1.2265625,2,geometry-fixedcompute-1m-lejepa-random-50ksteps,1m,lejepa,random,1.2265625,,
33700,12,0.00019932731357622064,1,384,0.16063429415225983,0.10124333947896957,1.2890625,2,geometry-fixedcompute-1m-lejepa-random-50ksteps,1m,lejepa,random,1.2890625,,
33800,12,0.00019728077709493596,1,384,0.16927596926689148,0.11136780679225922,1.265625,2,geometry-fixedcompute-1m-lejepa-random-50ksteps,1m,lejepa,random,1.265625,,
33900,13,0.0001952379581760898,1,384,0.15794670581817627,0.0994422659277916,1.265625,2,geometry-fixedcompute-1m-lejepa-random-50ksteps,1m,lejepa,random,1.265625,,
34000,13,0.00019319900019174743,1,384,0.14688310027122498,0.09010927379131317,1.2265625,2,geometry-fixedcompute-1m-lejepa-random-50ksteps,1m,lejepa,random,1.2265625,,
34100,13,0.00019116404624300033,1,384,0.14752039313316345,0.09489195048809052,1.1484375,2,geometry-fixedcompute-1m-lejepa-random-50ksteps,1m,lejepa,random,1.1484375,,
34200,13,0.0001891332391499233,1,384,0.16867735981941223,0.10354195535182953,1.40625,2,geometry-fixedcompute-1m-lejepa-random-50ksteps,1m,lejepa,random,1.40625,,
34300,13,0.00018710672144155014,1,384,0.15476630628108978,0.09660845249891281,1.2578125,2,geometry-fixedcompute-1m-lejepa-random-50ksteps,1m,lejepa,random,1.2578125,,
34400,13,0.0001850846353458707,1,384,0.14974382519721985,0.091835618019104,1.25,2,geometry-fixedcompute-1m-lejepa-random-50ksteps,1m,lejepa,random,1.25,,
34500,13,0.00018306712277984952,1,384,0.15045347809791565,0.09412455558776855,1.21875,2,geometry-fixedcompute-1m-lejepa-random-50ksteps,1m,lejepa,random,1.21875,,
34600,13,0.00018105432533946497,1,384,0.15546774864196777,0.09117904305458069,1.375,2,geometry-fixedcompute-1m-lejepa-random-50ksteps,1m,lejepa,random,1.375,,
34700,13,0.00017904638428977156,1,384,0.1522436887025833,0.09600898623466492,1.21875,2,geometry-fixedcompute-1m-lejepa-random-50ksteps,1m,lejepa,random,1.21875,,
34800,13,0.00017704344055498542,1,384,0.14211276173591614,0.0899706780910492,1.1328125,2,geometry-fixedcompute-1m-lejepa-random-50ksteps,1m,lejepa,random,1.1328125,,
34900,13,0.0001750456347085943,1,384,0.15533937513828278,0.10055255144834518,1.1953125,2,geometry-fixedcompute-1m-lejepa-random-50ksteps,1m,lejepa,random,1.1953125,,
35000,13,0.00017305310696349096,1,384,0.15428254008293152,0.10072503983974457,1.171875,2,geometry-fixedcompute-1m-lejepa-random-50ksteps,1m,lejepa,random,1.171875,,
35100,13,0.00017106599716213282,1,384,0.15674880146980286,0.1040920838713646,1.15625,2,geometry-fixedcompute-1m-lejepa-random-50ksteps,1m,lejepa,random,1.15625,,
35200,13,0.0001690844447667272,1,384,0.14927171170711517,0.08979670703411102,1.28125,2,geometry-fixedcompute-1m-lejepa-random-50ksteps,1m,lejepa,random,1.28125,,
35300,13,0.00016710858884944415,1,384,0.15220819413661957,0.08980385959148407,1.3359375,2,geometry-fixedcompute-1m-lejepa-random-50ksteps,1m,lejepa,random,1.3359375,,
35400,13,0.0001651385680826546,1,384,0.15755438804626465,0.10673899948596954,1.125,2,geometry-fixedcompute-1m-lejepa-random-50ksteps,1m,lejepa,random,1.125,,
35500,13,0.00016317452072919913,1,384,0.15214604139328003,0.09642018377780914,1.2109375,2,geometry-fixedcompute-1m-lejepa-random-50ksteps,1m,lejepa,random,1.2109375,,
35600,13,0.00016121658463268292,1,384,0.15581108629703522,0.09308239072561264,1.34375,2,geometry-fixedcompute-1m-lejepa-random-50ksteps,1m,lejepa,random,1.34375,,
35700,13,0.0001592648972078028,1,384,0.14344823360443115,0.08932050317525864,1.171875,2,geometry-fixedcompute-1m-lejepa-random-50ksteps,1m,lejepa,random,1.171875,,
35800,13,0.00015731959543070187,1,384,0.16053543984889984,0.10216724127531052,1.265625,2,geometry-fixedcompute-1m-lejepa-random-50ksteps,1m,lejepa,random,1.265625,,
35900,13,0.00015538081582935656,1,384,0.15448234975337982,0.09836547076702118,1.21875,2,geometry-fixedcompute-1m-lejepa-random-50ksteps,1m,lejepa,random,1.21875,,
36000,13,0.000153448694473995,1,384,0.14674469828605652,0.09150552749633789,1.1953125,2,geometry-fixedcompute-1m-lejepa-random-50ksteps,1m,lejepa,random,1.1953125,,
36100,13,0.0001515233669675453,1,384,0.14628365635871887,0.09564604610204697,1.109375,2,geometry-fixedcompute-1m-lejepa-random-50ksteps,1m,lejepa,random,1.109375,,
36200,13,0.00014960496843612167,1,384,0.14910146594047546,0.08807556331157684,1.3046875,2,geometry-fixedcompute-1m-lejepa-random-50ksteps,1m,lejepa,random,1.3046875,,
36300,13,0.00014769363351953805,1,384,0.14795255661010742,0.09406191110610962,1.171875,2,geometry-fixedcompute-1m-lejepa-random-50ksteps,1m,lejepa,random,1.171875,,
36400,13,0.00014578949636185942,1,384,0.16064263880252838,0.10536396503448486,1.2109375,2,geometry-fixedcompute-1m-lejepa-random-50ksteps,1m,lejepa,random,1.2109375,,
36500,14,0.00014389269060198772,1,384,0.1466289460659027,0.09395357221364975,1.1484375,2,geometry-fixedcompute-1m-lejepa-random-50ksteps,1m,lejepa,random,1.1484375,,
36600,14,0.00014200334936428197,1,384,0.1330782175064087,0.08328752219676971,1.078125,2,geometry-fixedcompute-1m-lejepa-random-50ksteps,1m,lejepa,random,1.078125,,
36700,14,0.0001401216052492153,1,384,0.14546403288841248,0.08861550688743591,1.2265625,2,geometry-fixedcompute-1m-lejepa-random-50ksteps,1m,lejepa,random,1.2265625,,
36800,14,0.00013824759032406842,1,384,0.14639928936958313,0.0916559249162674,1.1875,2,geometry-fixedcompute-1m-lejepa-random-50ksteps,1m,lejepa,random,1.1875,,
36900,14,0.0001363814361136612,1,384,0.14869514107704163,0.09021775424480438,1.2578125,2,geometry-fixedcompute-1m-lejepa-random-50ksteps,1m,lejepa,random,1.2578125,,
37000,14,0.0001345232735911211,1,384,0.14210918545722961,0.08071525394916534,1.3046875,2,geometry-fixedcompute-1m-lejepa-random-50ksteps,1m,lejepa,random,1.3046875,,
37100,14,0.0001326732331686923,1,384,0.14150166511535645,0.08470159769058228,1.21875,2,geometry-fixedcompute-1m-lejepa-random-50ksteps,1m,lejepa,random,1.21875,,
37200,14,0.0001308314446885811,1,384,0.1362583041191101,0.08046722412109375,1.1953125,2,geometry-fixedcompute-1m-lejepa-random-50ksteps,1m,lejepa,random,1.1953125,,
37300,14,0.00012899803741384444,1,384,0.14553722739219666,0.08175382018089294,1.359375,2,geometry-fixedcompute-1m-lejepa-random-50ksteps,1m,lejepa,random,1.359375,,
37400,14,0.0001271731400193172,1,384,0.14888857305049896,0.08939339965581894,1.28125,2,geometry-fixedcompute-1m-lejepa-random-50ksteps,1m,lejepa,random,1.28125,,
37500,14,0.00012535688058258176,1,384,0.1481311321258545,0.09270793199539185,1.203125,2,geometry-fixedcompute-1m-lejepa-random-50ksteps,1m,lejepa,random,1.203125,,
37600,14,0.00012354938657497893,1,384,0.13828197121620178,0.08850815892219543,1.0859375,2,geometry-fixedcompute-1m-lejepa-random-50ksteps,1m,lejepa,random,1.0859375,,
37700,14,0.00012175078485266159,1,384,0.14304867386817932,0.08761497586965561,1.1953125,2,geometry-fixedcompute-1m-lejepa-random-50ksteps,1m,lejepa,random,1.1953125,,
37800,14,0.00011996120164769079,1,384,0.13577689230442047,0.08330133557319641,1.1328125,2,geometry-fixedcompute-1m-lejepa-random-50ksteps,1m,lejepa,random,1.1328125,,
37900,14,0.0001181807625591779,1,384,0.15006738901138306,0.1011708602309227,1.078125,2,geometry-fixedcompute-1m-lejepa-random-50ksteps,1m,lejepa,random,1.078125,,
38000,14,0.000116409592544468,1,384,0.14404407143592834,0.09071867167949677,1.15625,2,geometry-fixedcompute-1m-lejepa-random-50ksteps,1m,lejepa,random,1.15625,,
38100,14,0.00011464781591037102,1,384,0.15348434448242188,0.09166115522384644,1.328125,2,geometry-fixedcompute-1m-lejepa-random-50ksteps,1m,lejepa,random,1.328125,,
38200,14,0.00011289555630443703,1,384,0.14267593622207642,0.08645164966583252,1.2109375,2,geometry-fixedcompute-1m-lejepa-random-50ksteps,1m,lejepa,random,1.2109375,,
38300,14,0.00011115293670627819,1,384,0.1487458199262619,0.09129905700683594,1.2421875,2,geometry-fixedcompute-1m-lejepa-random-50ksteps,1m,lejepa,random,1.2421875,,
38400,14,0.00010942007941893789,1,384,0.1267162561416626,0.07710469514131546,1.0703125,2,geometry-fixedcompute-1m-lejepa-random-50ksteps,1m,lejepa,random,1.0703125,,
38500,14,0.00010769710606030696,1,384,0.14501561224460602,0.093026302754879,1.1328125,2,geometry-fixedcompute-1m-lejepa-random-50ksteps,1m,lejepa,random,1.1328125,,
38600,14,0.0001059841375545878,1,384,0.14217430353164673,0.08669459074735641,1.1953125,2,geometry-fixedcompute-1m-lejepa-random-50ksteps,1m,lejepa,random,1.1953125,,
38700,14,0.000104281294123808,1,384,0.1398058533668518,0.08959826081991196,1.09375,2,geometry-fixedcompute-1m-lejepa-random-50ksteps,1m,lejepa,random,1.09375,,
38800,14,0.0001025886952793824,1,384,0.15440863370895386,0.09931584447622299,1.203125,2,geometry-fixedcompute-1m-lejepa-random-50ksteps,1m,lejepa,random,1.203125,,
38900,14,0.0001009064598137258,1,384,0.14212387800216675,0.08715548366308212,1.1875,2,geometry-fixedcompute-1m-lejepa-random-50ksteps,1m,lejepa,random,1.1875,,
39000,14,9.923470579191513e-05,1,384,0.14066866040229797,0.08562367409467697,1.1875,2,geometry-fixedcompute-1m-lejepa-random-50ksteps,1m,lejepa,random,1.1875,,
39100,15,9.757355054340345e-05,1,384,0.1455059051513672,0.08531870692968369,1.2890625,2,geometry-fixedcompute-1m-lejepa-random-50ksteps,1m,lejepa,random,1.2890625,,
39200,15,9.592311065378547e-05,1,384,0.1445196121931076,0.09378914535045624,1.109375,2,geometry-fixedcompute-1m-lejepa-random-50ksteps,1m,lejepa,random,1.109375,,
39300,15,9.428350195661534e-05,1,384,0.13559243083000183,0.08670502156019211,1.0625,2,geometry-fixedcompute-1m-lejepa-random-50ksteps,1m,lejepa,random,1.0625,,
39400,15,9.26548395252766e-05,1,384,0.14219219982624054,0.08594244718551636,1.2109375,2,geometry-fixedcompute-1m-lejepa-random-50ksteps,1m,lejepa,random,1.2109375,,
39500,15,9.103723766490616e-05,1,384,0.14903143048286438,0.09519755840301514,1.171875,2,geometry-fixedcompute-1m-lejepa-random-50ksteps,1m,lejepa,random,1.171875,,
39600,15,8.943080990437218e-05,1,384,0.14624959230422974,0.09226930141448975,1.171875,2,geometry-fixedcompute-1m-lejepa-random-50ksteps,1m,lejepa,random,1.171875,,
39700,15,8.783566898830578e-05,1,384,0.13689839839935303,0.0798560380935669,1.21875,2,geometry-fixedcompute-1m-lejepa-random-50ksteps,1m,lejepa,random,1.21875,,
39800,15,8.625192686918863e-05,1,384,0.15509623289108276,0.09952563047409058,1.2109375,2,geometry-fixedcompute-1m-lejepa-random-50ksteps,1m,lejepa,random,1.2109375,,
39900,15,8.467969469949542e-05,1,384,0.13758859038352966,0.0872642993927002,1.09375,2,geometry-fixedcompute-1m-lejepa-random-50ksteps,1m,lejepa,random,1.09375,,
40000,15,8.311908282389323e-05,1,384,0.14285337924957275,0.09332016110420227,1.0859375,2,geometry-fixedcompute-1m-lejepa-random-50ksteps,1m,lejepa,random,1.0859375,,
40100,15,8.157020077149652e-05,1,384,0.14177989959716797,0.08602243661880493,1.203125,2,geometry-fixedcompute-1m-lejepa-random-50ksteps,1m,lejepa,random,1.203125,,
40200,15,8.00331572481809e-05,1,384,0.1384267508983612,0.09148745238780975,1.03125,2,geometry-fixedcompute-1m-lejepa-random-50ksteps,1m,lejepa,random,1.03125,,
40300,15,7.850806012895276e-05,1,384,0.13480710983276367,0.08022459596395493,1.171875,2,geometry-fixedcompute-1m-lejepa-random-50ksteps,1m,lejepa,random,1.171875,,
40400,15,7.699501645037899e-05,1,384,0.14449205994606018,0.08759238570928574,1.2265625,2,geometry-fixedcompute-1m-lejepa-random-50ksteps,1m,lejepa,random,1.2265625,,
40500,15,7.54941324030742e-05,1,384,0.13911843299865723,0.08013699948787689,1.2578125,2,geometry-fixedcompute-1m-lejepa-random-50ksteps,1m,lejepa,random,1.2578125,,
40600,15,7.400551332424869e-05,1,384,0.1444486379623413,0.08060793578624725,1.359375,2,geometry-fixedcompute-1m-lejepa-random-50ksteps,1m,lejepa,random,1.359375,,
40700,15,7.252926369031471e-05,1,384,0.1421004831790924,0.08430397510528564,1.2421875,2,geometry-fixedcompute-1m-lejepa-random-50ksteps,1m,lejepa,random,1.2421875,,
40800,15,7.106548710955427e-05,1,384,0.1405462622642517,0.08472385257482529,1.203125,2,geometry-fixedcompute-1m-lejepa-random-50ksteps,1m,lejepa,random,1.203125,,
40900,15,6.961428631484758e-05,1,384,0.138556107878685,0.08751177787780762,1.109375,2,geometry-fixedcompute-1m-lejepa-random-50ksteps,1m,lejepa,random,1.109375,,
41000,15,6.817576315646321e-05,1,384,0.14945489168167114,0.0905034989118576,1.2734375,2,geometry-fixedcompute-1m-lejepa-random-50ksteps,1m,lejepa,random,1.2734375,,
41100,15,6.675001859490918e-05,1,384,0.14155037701129913,0.08680878579616547,1.1796875,2,geometry-fixedcompute-1m-lejepa-random-50ksteps,1m,lejepa,random,1.1796875,,
41200,15,6.533715269384758e-05,1,384,0.15230613946914673,0.08836501836776733,1.3671875,2,geometry-fixedcompute-1m-lejepa-random-50ksteps,1m,lejepa,random,1.3671875,,
41300,15,6.393726461307193e-05,1,384,0.14426296949386597,0.09172005951404572,1.140625,2,geometry-fixedcompute-1m-lejepa-random-50ksteps,1m,lejepa,random,1.140625,,
41400,15,6.255045260154781e-05,1,384,0.1453189253807068,0.09128966182470322,1.171875,2,geometry-fixedcompute-1m-lejepa-random-50ksteps,1m,lejepa,random,1.171875,,
41500,15,6.117681399051704e-05,1,384,0.13705113530158997,0.08515661209821701,1.125,2,geometry-fixedcompute-1m-lejepa-random-50ksteps,1m,lejepa,random,1.125,,
41600,15,5.98164451866666e-05,1,384,0.13972985744476318,0.09003224223852158,1.0859375,2,geometry-fixedcompute-1m-lejepa-random-50ksteps,1m,lejepa,random,1.0859375,,
41700,16,5.84694416653631e-05,1,384,0.14682751893997192,0.09287764132022858,1.171875,2,geometry-fixedcompute-1m-lejepa-random-50ksteps,1m,lejepa,random,1.171875,,
41800,16,5.713589796395131e-05,1,384,0.14381328225135803,0.08970477432012558,1.171875,2,geometry-fixedcompute-1m-lejepa-random-50ksteps,1m,lejepa,random,1.171875,,
41900,16,5.581590767511983e-05,1,384,0.12847685813903809,0.08435475826263428,0.96484375,2,geometry-fixedcompute-1m-lejepa-random-50ksteps,1m,lejepa,random,0.96484375,,
42000,16,5.450956344033184e-05,1,384,0.13802915811538696,0.08207426965236664,1.203125,2,geometry-fixedcompute-1m-lejepa-random-50ksteps,1m,lejepa,random,1.203125,,
42100,16,5.3216956943323445e-05,1,384,0.14034205675125122,0.0860508531332016,1.171875,2,geometry-fixedcompute-1m-lejepa-random-50ksteps,1m,lejepa,random,1.171875,,
42200,16,5.19381789036691e-05,1,384,0.13295404613018036,0.0872686505317688,1.0,2,geometry-fixedcompute-1m-lejepa-random-50ksteps,1m,lejepa,random,1.0,,
42300,16,5.0673319070414635e-05,1,384,0.13323035836219788,0.08524658530950546,1.046875,2,geometry-fixedcompute-1m-lejepa-random-50ksteps,1m,lejepa,random,1.046875,,
42400,16,4.942246621577805e-05,1,384,0.14395588636398315,0.08779896795749664,1.2109375,2,geometry-fixedcompute-1m-lejepa-random-50ksteps,1m,lejepa,random,1.2109375,,
42500,16,4.8185708128919435e-05,1,384,0.14392295479774475,0.08827828615903854,1.203125,2,geometry-fixedcompute-1m-lejepa-random-50ksteps,1m,lejepa,random,1.203125,,
42600,16,4.6963131609779435e-05,1,384,0.14792774617671967,0.09326481819152832,1.1875,2,geometry-fixedcompute-1m-lejepa-random-50ksteps,1m,lejepa,random,1.1875,,
42700,16,4.575482246298764e-05,1,384,0.1269409954547882,0.08093911409378052,1.0,2,geometry-fixedcompute-1m-lejepa-random-50ksteps,1m,lejepa,random,1.0,,
42800,16,4.456086549184025e-05,1,384,0.12711718678474426,0.07624176889657974,1.09375,2,geometry-fixedcompute-1m-lejepa-random-50ksteps,1m,lejepa,random,1.09375,,
42900,16,4.3381344492348286e-05,1,384,0.1357385218143463,0.08480288833379745,1.1015625,2,geometry-fixedcompute-1m-lejepa-random-50ksteps,1m,lejepa,random,1.1015625,,
43000,16,4.2216342247356707e-05,1,384,0.14101320505142212,0.0872712954878807,1.1640625,2,geometry-fixedcompute-1m-lejepa-random-50ksteps,1m,lejepa,random,1.1640625,,
43100,16,4.1065940520733994e-05,1,384,0.13108383119106293,0.08170214295387268,1.0703125,2,geometry-fixedcompute-1m-lejepa-random-50ksteps,1m,lejepa,random,1.0703125,,
43200,16,3.9930220051634445e-05,1,384,0.1437351256608963,0.09039346873760223,1.15625,2,geometry-fixedcompute-1m-lejepa-random-50ksteps,1m,lejepa,random,1.15625,,
43300,16,3.8809260548830795e-05,1,384,0.13688549399375916,0.08369731158018112,1.1484375,2,geometry-fixedcompute-1m-lejepa-random-50ksteps,1m,lejepa,random,1.1484375,,
43400,16,3.7703140685120476e-05,1,384,0.13676699995994568,0.08896937966346741,1.046875,2,geometry-fixedcompute-1m-lejepa-random-50ksteps,1m,lejepa,random,1.046875,,
43500,16,3.661193809180397e-05,1,384,0.1366550326347351,0.09142141044139862,0.99609375,2,geometry-fixedcompute-1m-lejepa-random-50ksteps,1m,lejepa,random,0.99609375,,
43600,16,3.5535729353236204e-05,1,384,0.13165000081062317,0.07895723730325699,1.1328125,2,geometry-fixedcompute-1m-lejepa-random-50ksteps,1m,lejepa,random,1.1328125,,
43700,16,3.4474590001452095e-05,1,384,0.14350426197052002,0.09477627277374268,1.0703125,2,geometry-fixedcompute-1m-lejepa-random-50ksteps,1m,lejepa,random,1.0703125,,
43800,16,3.3428594510864724e-05,1,384,0.13699933886528015,0.08535908907651901,1.1171875,2,geometry-fixedcompute-1m-lejepa-random-50ksteps,1m,lejepa,random,1.1171875,,
43900,16,3.239781629303911e-05,1,384,0.13626478612422943,0.08021704852581024,1.203125,2,geometry-fixedcompute-1m-lejepa-random-50ksteps,1m,lejepa,random,1.203125,,
44000,16,3.138232769153948e-05,1,384,0.13938863575458527,0.08093540370464325,1.25,2,geometry-fixedcompute-1m-lejepa-random-50ksteps,1m,lejepa,random,1.25,,
44100,16,3.038219997685242e-05,1,384,0.1365044116973877,0.08072628080844879,1.1953125,2,geometry-fixedcompute-1m-lejepa-random-50ksteps,1m,lejepa,random,1.1953125,,
44200,16,2.9397503341384265e-05,1,384,0.13606545329093933,0.08000722527503967,1.203125,2,geometry-fixedcompute-1m-lejepa-random-50ksteps,1m,lejepa,random,1.203125,,
44300,17,2.8428306894535338e-05,1,384,0.13924545049667358,0.0890083760023117,1.09375,2,geometry-fixedcompute-1m-lejepa-random-50ksteps,1m,lejepa,random,1.09375,,
44400,17,2.7474678657849148e-05,1,384,0.1322028785943985,0.08416503667831421,1.046875,2,geometry-fixedcompute-1m-lejepa-random-50ksteps,1m,lejepa,random,1.046875,,
44500,17,2.6536685560238913e-05,1,384,0.13812953233718872,0.08295091241598129,1.1875,2,geometry-fixedcompute-1m-lejepa-random-50ksteps,1m,lejepa,random,1.1875,,
44600,17,2.5614393433289605e-05,1,384,0.13409730792045593,0.08410324156284332,1.0859375,2,geometry-fixedcompute-1m-lejepa-random-50ksteps,1m,lejepa,random,1.0859375,,
44700,17,2.4707867006638262e-05,1,384,0.1333020031452179,0.08403706550598145,1.0703125,2,geometry-fixedcompute-1m-lejepa-random-50ksteps,1m,lejepa,random,1.0703125,,
44800,17,2.3817169903430686e-05,1,384,0.13274553418159485,0.08139537274837494,1.109375,2,geometry-fixedcompute-1m-lejepa-random-50ksteps,1m,lejepa,random,1.109375,,
44900,17,2.2942364635856203e-05,1,384,0.13070690631866455,0.08156237006187439,1.0625,2,geometry-fixedcompute-1m-lejepa-random-50ksteps,1m,lejepa,random,1.0625,,
45000,17,2.2083512600760726e-05,1,384,0.14240065217018127,0.09310060739517212,1.078125,2,geometry-fixedcompute-1m-lejepa-random-50ksteps,1m,lejepa,random,1.078125,,
45100,17,2.124067407533687e-05,1,384,0.13969342410564423,0.08125623315572739,1.25,2,geometry-fixedcompute-1m-lejepa-random-50ksteps,1m,lejepa,random,1.25,,
45200,17,2.0413908212894406e-05,1,384,0.14137353003025055,0.08867855370044708,1.140625,2,geometry-fixedcompute-1m-lejepa-random-50ksteps,1m,lejepa,random,1.140625,,
45300,17,1.960327303870808e-05,1,384,0.13552623987197876,0.07892563939094543,1.2109375,2,geometry-fixedcompute-1m-lejepa-random-50ksteps,1m,lejepa,random,1.2109375,,
45400,17,1.8808825445945534e-05,1,384,0.14170214533805847,0.08594058454036713,1.203125,2,geometry-fixedcompute-1m-lejepa-random-50ksteps,1m,lejepa,random,1.203125,,
45500,17,1.8030621191674124e-05,1,384,0.1329127550125122,0.08028645813465118,1.1328125,2,geometry-fixedcompute-1m-lejepa-random-50ksteps,1m,lejepa,random,1.1328125,,
45600,17,1.7268714892947803e-05,1,384,0.14617636799812317,0.09296321123838425,1.15625,2,geometry-fixedcompute-1m-lejepa-random-50ksteps,1m,lejepa,random,1.15625,,
45700,17,1.6523160022973805e-05,1,384,0.13452833890914917,0.08044512569904327,1.1640625,2,geometry-fixedcompute-1m-lejepa-random-50ksteps,1m,lejepa,random,1.1640625,,
45800,17,1.5794008907360016e-05,1,384,0.13918526470661163,0.08971598744392395,1.078125,2,geometry-fixedcompute-1m-lejepa-random-50ksteps,1m,lejepa,random,1.078125,,
45900,17,1.5081312720442118e-05,1,384,0.13503319025039673,0.08328945934772491,1.1171875,2,geometry-fixedcompute-1m-lejepa-random-50ksteps,1m,lejepa,random,1.1171875,,
46000,17,1.438512148169243e-05,1,384,0.13823838531970978,0.08666335046291351,1.1171875,2,geometry-fixedcompute-1m-lejepa-random-50ksteps,1m,lejepa,random,1.1171875,,
46100,17,1.3705484052209072e-05,1,384,0.14223192632198334,0.08469931781291962,1.234375,2,geometry-fixedcompute-1m-lejepa-random-50ksteps,1m,lejepa,random,1.234375,,
46200,17,1.3042448131286824e-05,1,384,0.14199741184711456,0.08496643602848053,1.2265625,2,geometry-fixedcompute-1m-lejepa-random-50ksteps,1m,lejepa,random,1.2265625,,
46300,17,1.239606025306954e-05,1,384,0.14089873433113098,0.08792178332805634,1.1484375,2,geometry-fixedcompute-1m-lejepa-random-50ksteps,1m,lejepa,random,1.1484375,,
46400,17,1.1766365783284007e-05,1,384,0.12258050590753555,0.07506418228149414,1.0234375,2,geometry-fixedcompute-1m-lejepa-random-50ksteps,1m,lejepa,random,1.0234375,,
46500,17,1.1153408916056172e-05,1,384,0.1318351775407791,0.0796661451458931,1.125,2,geometry-fixedcompute-1m-lejepa-random-50ksteps,1m,lejepa,random,1.125,,
46600,17,1.0557232670809407e-05,1,384,0.13454049825668335,0.08354180306196213,1.1015625,2,geometry-fixedcompute-1m-lejepa-random-50ksteps,1m,lejepa,random,1.1015625,,
46700,17,9.97787888924533e-06,1,384,0.14702382683753967,0.08691653609275818,1.2890625,2,geometry-fixedcompute-1m-lejepa-random-50ksteps,1m,lejepa,random,1.2890625,,
46800,17,9.415388232407037e-06,1,384,0.14076553285121918,0.0844406932592392,1.2109375,2,geometry-fixedcompute-1m-lejepa-random-50ksteps,1m,lejepa,random,1.2109375,,
46900,18,8.869800177825473e-06,1,384,0.1418631374835968,0.08611005544662476,1.203125,2,geometry-fixedcompute-1m-lejepa-random-50ksteps,1m,lejepa,random,1.203125,,
47000,18,8.341153016748756e-06,1,384,0.13156846165657043,0.08426819741725922,1.03125,2,geometry-fixedcompute-1m-lejepa-random-50ksteps,1m,lejepa,random,1.03125,,
47100,18,7.829483851454853e-06,1,384,0.13518290221691132,0.0860169529914856,1.0703125,2,geometry-fixedcompute-1m-lejepa-random-50ksteps,1m,lejepa,random,1.0703125,,
47200,18,7.334828592647484e-06,1,384,0.1382448673248291,0.08718416094779968,1.109375,2,geometry-fixedcompute-1m-lejepa-random-50ksteps,1m,lejepa,random,1.109375,,
47300,18,6.857221956935838e-06,1,384,0.13347411155700684,0.08447521179914474,1.0625,2,geometry-fixedcompute-1m-lejepa-random-50ksteps,1m,lejepa,random,1.0625,,
47400,18,6.396697464398013e-06,1,384,0.13673514127731323,0.08636593818664551,1.09375,2,geometry-fixedcompute-1m-lejepa-random-50ksteps,1m,lejepa,random,1.09375,,
47500,18,5.953287436228477e-06,1,384,0.13796210289001465,0.08226069062948227,1.1953125,2,geometry-fixedcompute-1m-lejepa-random-50ksteps,1m,lejepa,random,1.1953125,,
47600,18,5.527022992469717e-06,1,384,0.13753807544708252,0.08361327648162842,1.1640625,2,geometry-fixedcompute-1m-lejepa-random-50ksteps,1m,lejepa,random,1.1640625,,
47700,18,5.117934049828051e-06,1,384,0.13181808590888977,0.08478795737028122,1.0234375,2,geometry-fixedcompute-1m-lejepa-random-50ksteps,1m,lejepa,random,1.0234375,,
47800,18,4.726049319573937e-06,1,384,0.1266479790210724,0.07626184821128845,1.0859375,2,geometry-fixedcompute-1m-lejepa-random-50ksteps,1m,lejepa,random,1.0859375,,
47900,18,4.351396305527036e-06,1,384,0.14071691036224365,0.08490350097417831,1.203125,2,geometry-fixedcompute-1m-lejepa-random-50ksteps,1m,lejepa,random,1.203125,,
48000,18,3.9940013021258395e-06,1,384,0.13279405236244202,0.08298839628696442,1.078125,2,geometry-fixedcompute-1m-lejepa-random-50ksteps,1m,lejepa,random,1.078125,,
48100,18,3.6538893925822097e-06,1,384,0.1346808224916458,0.07726476341485977,1.2265625,2,geometry-fixedcompute-1m-lejepa-random-50ksteps,1m,lejepa,random,1.2265625,,
48200,18,3.3310844471209523e-06,1,384,0.13497711718082428,0.08117451518774033,1.15625,2,geometry-fixedcompute-1m-lejepa-random-50ksteps,1m,lejepa,random,1.15625,,
48300,18,3.0256091213045416e-06,1,384,0.1248134970664978,0.0758727639913559,1.0546875,2,geometry-fixedcompute-1m-lejepa-random-50ksteps,1m,lejepa,random,1.0546875,,
48400,18,2.737484854443172e-06,1,384,0.13684211671352386,0.08519359678030014,1.1171875,2,geometry-fixedcompute-1m-lejepa-random-50ksteps,1m,lejepa,random,1.1171875,,
48500,18,2.4667318680899045e-06,1,384,0.13943317532539368,0.09049092233181,1.0703125,2,geometry-fixedcompute-1m-lejepa-random-50ksteps,1m,lejepa,random,1.0703125,,
48600,18,2.2133691646215212e-06,1,384,0.14320455491542816,0.09163390845060349,1.125,2,geometry-fixedcompute-1m-lejepa-random-50ksteps,1m,lejepa,random,1.125,,
48700,18,1.9774145259048734e-06,1,384,0.12683621048927307,0.07517503201961517,1.109375,2,geometry-fixedcompute-1m-lejepa-random-50ksteps,1m,lejepa,random,1.109375,,
48800,18,1.758884512048903e-06,1,384,0.12922166287899017,0.08256885409355164,1.015625,2,geometry-fixedcompute-1m-lejepa-random-50ksteps,1m,lejepa,random,1.015625,,
48900,18,1.5577944602424216e-06,1,384,0.1352643519639969,0.08892957866191864,1.015625,2,geometry-fixedcompute-1m-lejepa-random-50ksteps,1m,lejepa,random,1.015625,,
49000,18,1.3741584836776117e-06,1,384,0.14299824833869934,0.08550596237182617,1.234375,2,geometry-fixedcompute-1m-lejepa-random-50ksteps,1m,lejepa,random,1.234375,,
49100,18,1.2079894705595786e-06,1,384,0.1399606466293335,0.07948160171508789,1.2890625,2,geometry-fixedcompute-1m-lejepa-random-50ksteps,1m,lejepa,random,1.2890625,,
49200,18,1.0592990832017577e-06,1,384,0.1322464644908905,0.08215498924255371,1.0859375,2,geometry-fixedcompute-1m-lejepa-random-50ksteps,1m,lejepa,random,1.0859375,,
49300,18,9.280977572075126e-07,1,384,0.12948238849639893,0.08001640439033508,1.0703125,2,geometry-fixedcompute-1m-lejepa-random-50ksteps,1m,lejepa,random,1.0703125,,
49400,18,8.143947007376327e-07,1,384,0.12726666033267975,0.07717008888721466,1.078125,2,geometry-fixedcompute-1m-lejepa-random-50ksteps,1m,lejepa,random,1.078125,,
49500,19,7.181978938641054e-07,1,384,0.13764923810958862,0.08681416511535645,1.1015625,2,geometry-fixedcompute-1m-lejepa-random-50ksteps,1m,lejepa,random,1.1015625,,
49600,19,6.395140880100399e-07,1,384,0.12423337996006012,0.07680404931306839,1.0234375,2,geometry-fixedcompute-1m-lejepa-random-50ksteps,1m,lejepa,random,1.0234375,,
49700,19,5.783488054758322e-07,1,384,0.14375081658363342,0.09452184289693832,1.078125,2,geometry-fixedcompute-1m-lejepa-random-50ksteps,1m,lejepa,random,1.078125,,
49800,19,5.347063390516083e-07,1,384,0.13188523054122925,0.07380805164575577,1.234375,2,geometry-fixedcompute-1m-lejepa-random-50ksteps,1m,lejepa,random,1.234375,,
49900,19,5.085897517159643e-07,1,384,0.14087620377540588,0.08404319733381271,1.21875,2,geometry-fixedcompute-1m-lejepa-random-50ksteps,1m,lejepa,random,1.21875,,
0,0,5.0396e-06,3,128,0.4919891655445099,0.45543473958969116,1.1875,2,geometry-fixedcompute-1m-lejepa-imagenet-50ksteps,1m,lejepa,imagenet,1.1875,,
100,0,8.999599999999996e-06,3,128,0.46381911635398865,0.4383745789527893,0.9453125,2,geometry-fixedcompute-1m-lejepa-imagenet-50ksteps,1m,lejepa,imagenet,0.9453125,,
200,0,1.295959999999996e-05,3,128,0.4117700457572937,0.3635408282279968,1.328125,2,geometry-fixedcompute-1m-lejepa-imagenet-50ksteps,1m,lejepa,imagenet,1.328125,,
300,0,1.691959999999993e-05,3,128,0.38726699352264404,0.3295244574546814,1.484375,2,geometry-fixedcompute-1m-lejepa-imagenet-50ksteps,1m,lejepa,imagenet,1.484375,,
400,0,2.0879599999999897e-05,3,128,0.3437669277191162,0.2570079565048218,1.9921875,2,geometry-fixedcompute-1m-lejepa-imagenet-50ksteps,1m,lejepa,imagenet,1.9921875,,
500,0,2.483959999999992e-05,3,128,0.31256866455078125,0.22211173176765442,2.03125,2,geometry-fixedcompute-1m-lejepa-imagenet-50ksteps,1m,lejepa,imagenet,2.03125,,
600,0,2.879959999999994e-05,3,128,0.3102447986602783,0.22994516789913177,1.8359375,2,geometry-fixedcompute-1m-lejepa-imagenet-50ksteps,1m,lejepa,imagenet,1.8359375,,
700,0,3.275959999999989e-05,3,128,0.2587902545928955,0.170128732919693,1.9453125,2,geometry-fixedcompute-1m-lejepa-imagenet-50ksteps,1m,lejepa,imagenet,1.9453125,,
800,0,3.671959999999993e-05,3,128,0.26662468910217285,0.17066580057144165,2.09375,2,geometry-fixedcompute-1m-lejepa-imagenet-50ksteps,1m,lejepa,imagenet,2.09375,,
900,0,4.0679599999999955e-05,3,128,0.22111068665981293,0.1505112498998642,1.5625,2,geometry-fixedcompute-1m-lejepa-imagenet-50ksteps,1m,lejepa,imagenet,1.5625,,
1000,0,4.463959999999999e-05,3,128,0.23083925247192383,0.14430448412895203,1.875,2,geometry-fixedcompute-1m-lejepa-imagenet-50ksteps,1m,lejepa,imagenet,1.875,,
1100,0,4.859960000000004e-05,3,128,0.22173263132572174,0.1414003074169159,1.75,2,geometry-fixedcompute-1m-lejepa-imagenet-50ksteps,1m,lejepa,imagenet,1.75,,
1200,0,5.25596000000001e-05,3,128,0.21702687442302704,0.13593289256095886,1.7578125,2,geometry-fixedcompute-1m-lejepa-imagenet-50ksteps,1m,lejepa,imagenet,1.7578125,,
1300,0,5.651960000000012e-05,3,128,0.21953795850276947,0.13395032286643982,1.84375,2,geometry-fixedcompute-1m-lejepa-imagenet-50ksteps,1m,lejepa,imagenet,1.84375,,
1400,0,6.047960000000012e-05,3,128,0.21042659878730774,0.12538737058639526,1.828125,2,geometry-fixedcompute-1m-lejepa-imagenet-50ksteps,1m,lejepa,imagenet,1.828125,,
1500,0,6.443960000000015e-05,3,128,0.19673752784729004,0.11046384274959564,1.8359375,2,geometry-fixedcompute-1m-lejepa-imagenet-50ksteps,1m,lejepa,imagenet,1.8359375,,
1600,0,6.839960000000024e-05,3,128,0.19543087482452393,0.1193680390715599,1.640625,2,geometry-fixedcompute-1m-lejepa-imagenet-50ksteps,1m,lejepa,imagenet,1.640625,,
1700,0,7.23596000000003e-05,3,128,0.1897192895412445,0.10821603238582611,1.734375,2,geometry-fixedcompute-1m-lejepa-imagenet-50ksteps,1m,lejepa,imagenet,1.734375,,
1800,0,7.63196000000003e-05,3,128,0.18481916189193726,0.10408596694469452,1.71875,2,geometry-fixedcompute-1m-lejepa-imagenet-50ksteps,1m,lejepa,imagenet,1.71875,,
1900,0,8.02796000000004e-05,3,128,0.18557390570640564,0.11207615584135056,1.578125,2,geometry-fixedcompute-1m-lejepa-imagenet-50ksteps,1m,lejepa,imagenet,1.578125,,
2000,0,8.423960000000036e-05,3,128,0.17215245962142944,0.09589238464832306,1.6171875,2,geometry-fixedcompute-1m-lejepa-imagenet-50ksteps,1m,lejepa,imagenet,1.6171875,,
2100,0,8.819960000000019e-05,3,128,0.16455498337745667,0.08429719507694244,1.6875,2,geometry-fixedcompute-1m-lejepa-imagenet-50ksteps,1m,lejepa,imagenet,1.6875,,
2200,0,9.215960000000019e-05,3,128,0.175065815448761,0.09947305917739868,1.609375,2,geometry-fixedcompute-1m-lejepa-imagenet-50ksteps,1m,lejepa,imagenet,1.609375,,
2300,0,9.611960000000014e-05,3,128,0.16409683227539062,0.091524638235569,1.5390625,2,geometry-fixedcompute-1m-lejepa-imagenet-50ksteps,1m,lejepa,imagenet,1.5390625,,
2400,0,0.00010007960000000004,3,128,0.2056005597114563,0.12750306725502014,1.6875,2,geometry-fixedcompute-1m-lejepa-imagenet-50ksteps,1m,lejepa,imagenet,1.6875,,
2500,0,0.0001040396,3,128,0.18303905427455902,0.10118420422077179,1.7421875,2,geometry-fixedcompute-1m-lejepa-imagenet-50ksteps,1m,lejepa,imagenet,1.7421875,,
2600,0,0.0001079995999999999,3,128,0.1762041449546814,0.1037551760673523,1.5546875,2,geometry-fixedcompute-1m-lejepa-imagenet-50ksteps,1m,lejepa,imagenet,1.5546875,,
2700,1,0.0001119595999999997,3,128,0.17304646968841553,0.09837539494037628,1.59375,2,geometry-fixedcompute-1m-lejepa-imagenet-50ksteps,1m,lejepa,imagenet,1.59375,,
2800,1,0.00011591959999999953,3,128,0.1653617024421692,0.08668830245733261,1.6640625,2,geometry-fixedcompute-1m-lejepa-imagenet-50ksteps,1m,lejepa,imagenet,1.6640625,,
2900,1,0.00011987959999999937,3,128,0.1791590452194214,0.10635162889957428,1.5625,2,geometry-fixedcompute-1m-lejepa-imagenet-50ksteps,1m,lejepa,imagenet,1.5625,,
3000,1,0.00012383959999999963,3,128,0.1705336719751358,0.09264646470546722,1.6484375,2,geometry-fixedcompute-1m-lejepa-imagenet-50ksteps,1m,lejepa,imagenet,1.6484375,,
3100,1,0.00012779959999999966,3,128,0.182368665933609,0.10870220512151718,1.5859375,2,geometry-fixedcompute-1m-lejepa-imagenet-50ksteps,1m,lejepa,imagenet,1.5859375,,
3200,1,0.0001317595999999997,3,128,0.18184030055999756,0.10609012842178345,1.625,2,geometry-fixedcompute-1m-lejepa-imagenet-50ksteps,1m,lejepa,imagenet,1.625,,
3300,1,0.00013571959999999936,3,128,0.18733292818069458,0.10621803998947144,1.7265625,2,geometry-fixedcompute-1m-lejepa-imagenet-50ksteps,1m,lejepa,imagenet,1.7265625,,
3400,1,0.00013967959999999918,3,128,0.16258172690868378,0.08530395478010178,1.6328125,2,geometry-fixedcompute-1m-lejepa-imagenet-50ksteps,1m,lejepa,imagenet,1.6328125,,
3500,1,0.0001436395999999989,3,128,0.16424649953842163,0.08808431029319763,1.609375,2,geometry-fixedcompute-1m-lejepa-imagenet-50ksteps,1m,lejepa,imagenet,1.609375,,
3600,1,0.00014759959999999874,3,128,0.16710101068019867,0.0982847809791565,1.4765625,2,geometry-fixedcompute-1m-lejepa-imagenet-50ksteps,1m,lejepa,imagenet,1.4765625,,
3700,1,0.0001515595999999985,3,128,0.15881317853927612,0.08493492007255554,1.5625,2,geometry-fixedcompute-1m-lejepa-imagenet-50ksteps,1m,lejepa,imagenet,1.5625,,
3800,1,0.00015551959999999835,3,128,0.14967411756515503,0.07942671328783035,1.484375,2,geometry-fixedcompute-1m-lejepa-imagenet-50ksteps,1m,lejepa,imagenet,1.484375,,
3900,1,0.00015947959999999822,3,128,0.168071448802948,0.08902668207883835,1.671875,2,geometry-fixedcompute-1m-lejepa-imagenet-50ksteps,1m,lejepa,imagenet,1.671875,,
4000,1,0.00016343959999999774,3,128,0.1614159196615219,0.08253484964370728,1.6640625,2,geometry-fixedcompute-1m-lejepa-imagenet-50ksteps,1m,lejepa,imagenet,1.6640625,,
4100,1,0.00016739959999999743,3,128,0.16805264353752136,0.08592301607131958,1.7265625,2,geometry-fixedcompute-1m-lejepa-imagenet-50ksteps,1m,lejepa,imagenet,1.7265625,,
4200,1,0.00017135959999999722,3,128,0.15052452683448792,0.0834057629108429,1.421875,2,geometry-fixedcompute-1m-lejepa-imagenet-50ksteps,1m,lejepa,imagenet,1.421875,,
4300,1,0.00017531959999999682,3,128,0.1672191619873047,0.09429730474948883,1.5546875,2,geometry-fixedcompute-1m-lejepa-imagenet-50ksteps,1m,lejepa,imagenet,1.5546875,,
4400,1,0.00017927959999999667,3,128,0.1797943413257599,0.1059924066066742,1.578125,2,geometry-fixedcompute-1m-lejepa-imagenet-50ksteps,1m,lejepa,imagenet,1.578125,,
4500,1,0.00018323959999999654,3,128,0.16941848397254944,0.08684676885604858,1.734375,2,geometry-fixedcompute-1m-lejepa-imagenet-50ksteps,1m,lejepa,imagenet,1.734375,,
4600,1,0.00018719959999999628,3,128,0.166192889213562,0.08961915969848633,1.6171875,2,geometry-fixedcompute-1m-lejepa-imagenet-50ksteps,1m,lejepa,imagenet,1.6171875,,
4700,1,0.0001911595999999961,3,128,0.16457974910736084,0.0879211276769638,1.6171875,2,geometry-fixedcompute-1m-lejepa-imagenet-50ksteps,1m,lejepa,imagenet,1.6171875,,
4800,1,0.00019511959999999579,3,128,0.1414419710636139,0.0712752640247345,1.4765625,2,geometry-fixedcompute-1m-lejepa-imagenet-50ksteps,1m,lejepa,imagenet,1.4765625,,
4900,1,0.0001990795999999954,3,128,0.15677028894424438,0.07147694379091263,1.78125,2,geometry-fixedcompute-1m-lejepa-imagenet-50ksteps,1m,lejepa,imagenet,1.78125,,
5000,1,0.00020303959999999526,3,128,0.18220211565494537,0.10287311673164368,1.6875,2,geometry-fixedcompute-1m-lejepa-imagenet-50ksteps,1m,lejepa,imagenet,1.6875,,
5100,1,0.00020699959999999503,3,128,0.15076091885566711,0.08365459740161896,1.4296875,2,geometry-fixedcompute-1m-lejepa-imagenet-50ksteps,1m,lejepa,imagenet,1.4296875,,
5200,1,0.00021095959999999455,3,128,0.16239646077156067,0.08305302262306213,1.671875,2,geometry-fixedcompute-1m-lejepa-imagenet-50ksteps,1m,lejepa,imagenet,1.671875,,
5300,2,0.00021491959999999426,3,128,0.1610100418329239,0.08673343062400818,1.5703125,2,geometry-fixedcompute-1m-lejepa-imagenet-50ksteps,1m,lejepa,imagenet,1.5703125,,
5400,2,0.00021887959999999408,3,128,0.17108771204948425,0.10248130559921265,1.4765625,2,geometry-fixedcompute-1m-lejepa-imagenet-50ksteps,1m,lejepa,imagenet,1.4765625,,
5500,2,0.0002228395999999941,3,128,0.13508278131484985,0.06560933589935303,1.453125,2,geometry-fixedcompute-1m-lejepa-imagenet-50ksteps,1m,lejepa,imagenet,1.453125,,
5600,2,0.0002267995999999939,3,128,0.14203637838363647,0.07601279020309448,1.3984375,2,geometry-fixedcompute-1m-lejepa-imagenet-50ksteps,1m,lejepa,imagenet,1.3984375,,
5700,2,0.00023075959999999354,3,128,0.14916369318962097,0.08094534277915955,1.4453125,2,geometry-fixedcompute-1m-lejepa-imagenet-50ksteps,1m,lejepa,imagenet,1.4453125,,
5800,2,0.00023471959999999328,3,128,0.15610454976558685,0.08259771764278412,1.5546875,2,geometry-fixedcompute-1m-lejepa-imagenet-50ksteps,1m,lejepa,imagenet,1.5546875,,
5900,2,0.00023867959999999288,3,128,0.16465935111045837,0.08646297454833984,1.6484375,2,geometry-fixedcompute-1m-lejepa-imagenet-50ksteps,1m,lejepa,imagenet,1.6484375,,
6000,2,0.00024263959999999268,3,128,0.1524835228919983,0.07724417746067047,1.5859375,2,geometry-fixedcompute-1m-lejepa-imagenet-50ksteps,1m,lejepa,imagenet,1.5859375,,
6100,2,0.0002465995999999924,3,128,0.15784485638141632,0.08083175867795944,1.6171875,2,geometry-fixedcompute-1m-lejepa-imagenet-50ksteps,1m,lejepa,imagenet,1.6171875,,
6200,2,0.00025055959999999237,3,128,0.17067350447177887,0.08713987469673157,1.7578125,2,geometry-fixedcompute-1m-lejepa-imagenet-50ksteps,1m,lejepa,imagenet,1.7578125,,
6300,2,0.00025451959999999216,3,128,0.1526733785867691,0.07024829089641571,1.71875,2,geometry-fixedcompute-1m-lejepa-imagenet-50ksteps,1m,lejepa,imagenet,1.71875,,
6400,2,0.0002584795999999917,3,128,0.15997910499572754,0.08821813762187958,1.5234375,2,geometry-fixedcompute-1m-lejepa-imagenet-50ksteps,1m,lejepa,imagenet,1.5234375,,
6500,2,0.00026243959999999164,3,128,0.1535578966140747,0.07837509363889694,1.5859375,2,geometry-fixedcompute-1m-lejepa-imagenet-50ksteps,1m,lejepa,imagenet,1.5859375,,
6600,2,0.0002663995999999912,3,128,0.16288188099861145,0.09230165928602219,1.5,2,geometry-fixedcompute-1m-lejepa-imagenet-50ksteps,1m,lejepa,imagenet,1.5,,
6700,2,0.00027035959999999106,3,128,0.16147087514400482,0.0774528980255127,1.7578125,2,geometry-fixedcompute-1m-lejepa-imagenet-50ksteps,1m,lejepa,imagenet,1.7578125,,
6800,2,0.0002743195999999908,3,128,0.1630392074584961,0.09966297447681427,1.3671875,2,geometry-fixedcompute-1m-lejepa-imagenet-50ksteps,1m,lejepa,imagenet,1.3671875,,
6900,2,0.0002782795999999907,3,128,0.16204801201820374,0.08936797082424164,1.5390625,2,geometry-fixedcompute-1m-lejepa-imagenet-50ksteps,1m,lejepa,imagenet,1.5390625,,
7000,2,0.00028223959999999033,3,128,0.16799837350845337,0.08535189926624298,1.7421875,2,geometry-fixedcompute-1m-lejepa-imagenet-50ksteps,1m,lejepa,imagenet,1.7421875,,
7100,2,0.0002861995999999898,3,128,0.1576288342475891,0.08420223742723465,1.5546875,2,geometry-fixedcompute-1m-lejepa-imagenet-50ksteps,1m,lejepa,imagenet,1.5546875,,
7200,2,0.00029015959999998954,3,128,0.14249654114246368,0.06981544196605682,1.5234375,2,geometry-fixedcompute-1m-lejepa-imagenet-50ksteps,1m,lejepa,imagenet,1.5234375,,
7300,2,0.0002941195999999894,3,128,0.15737289190292358,0.07930699735879898,1.640625,2,geometry-fixedcompute-1m-lejepa-imagenet-50ksteps,1m,lejepa,imagenet,1.640625,,
7400,2,0.00029807959999998874,3,128,0.15210434794425964,0.07478910684585571,1.6171875,2,geometry-fixedcompute-1m-lejepa-imagenet-50ksteps,1m,lejepa,imagenet,1.6171875,,
7500,2,0.00030203959999998816,3,128,0.14719659090042114,0.07784673571586609,1.46875,2,geometry-fixedcompute-1m-lejepa-imagenet-50ksteps,1m,lejepa,imagenet,1.46875,,
7600,2,0.00030599959999998757,3,128,0.158344566822052,0.07724592834711075,1.6953125,2,geometry-fixedcompute-1m-lejepa-imagenet-50ksteps,1m,lejepa,imagenet,1.6953125,,
7700,2,0.0003099595999999868,3,128,0.14349812269210815,0.06675789505243301,1.6015625,2,geometry-fixedcompute-1m-lejepa-imagenet-50ksteps,1m,lejepa,imagenet,1.6015625,,
7800,2,0.0003139195999999862,3,128,0.14412140846252441,0.07306776940822601,1.4921875,2,geometry-fixedcompute-1m-lejepa-imagenet-50ksteps,1m,lejepa,imagenet,1.4921875,,
7900,3,0.0003178795999999855,3,128,0.14622023701667786,0.06859530508518219,1.625,2,geometry-fixedcompute-1m-lejepa-imagenet-50ksteps,1m,lejepa,imagenet,1.625,,
8000,3,0.000321839599999985,3,128,0.1476781815290451,0.07629776000976562,1.5078125,2,geometry-fixedcompute-1m-lejepa-imagenet-50ksteps,1m,lejepa,imagenet,1.5078125,,
8100,3,0.0003257995999999847,3,128,0.15868735313415527,0.07966268062591553,1.65625,2,geometry-fixedcompute-1m-lejepa-imagenet-50ksteps,1m,lejepa,imagenet,1.65625,,
8200,3,0.00032975959999998416,3,128,0.14118903875350952,0.06329931318759918,1.6171875,2,geometry-fixedcompute-1m-lejepa-imagenet-50ksteps,1m,lejepa,imagenet,1.6171875,,
8300,3,0.0003337195999999837,3,128,0.13326479494571686,0.07140538096427917,1.3046875,2,geometry-fixedcompute-1m-lejepa-imagenet-50ksteps,1m,lejepa,imagenet,1.3046875,,
8400,3,0.0003376795999999835,3,128,0.15420392155647278,0.07854113727807999,1.59375,2,geometry-fixedcompute-1m-lejepa-imagenet-50ksteps,1m,lejepa,imagenet,1.59375,,
8500,3,0.0003416395999999833,3,128,0.1445755660533905,0.06840602308511734,1.59375,2,geometry-fixedcompute-1m-lejepa-imagenet-50ksteps,1m,lejepa,imagenet,1.59375,,
8600,3,0.00034559959999998306,3,128,0.14751401543617249,0.07715290784835815,1.484375,2,geometry-fixedcompute-1m-lejepa-imagenet-50ksteps,1m,lejepa,imagenet,1.484375,,
8700,3,0.00034955959999998263,3,128,0.14953814446926117,0.07003192603588104,1.6640625,2,geometry-fixedcompute-1m-lejepa-imagenet-50ksteps,1m,lejepa,imagenet,1.6640625,,
8800,3,0.0003535195999999821,3,128,0.1582464575767517,0.08742225170135498,1.5,2,geometry-fixedcompute-1m-lejepa-imagenet-50ksteps,1m,lejepa,imagenet,1.5,,
8900,3,0.00035747959999998184,3,128,0.14994120597839355,0.08022182434797287,1.4765625,2,geometry-fixedcompute-1m-lejepa-imagenet-50ksteps,1m,lejepa,imagenet,1.4765625,,
9000,3,0.00036143959999998163,3,128,0.1489621102809906,0.07610731571912766,1.53125,2,geometry-fixedcompute-1m-lejepa-imagenet-50ksteps,1m,lejepa,imagenet,1.53125,,
9100,3,0.0003653995999999812,3,128,0.1534469723701477,0.07466047257184982,1.6484375,2,geometry-fixedcompute-1m-lejepa-imagenet-50ksteps,1m,lejepa,imagenet,1.6484375,,
9200,3,0.0003693595999999805,3,128,0.15368202328681946,0.08415953069925308,1.4765625,2,geometry-fixedcompute-1m-lejepa-imagenet-50ksteps,1m,lejepa,imagenet,1.4765625,,
9300,3,0.00037331959999997933,3,128,0.1476389467716217,0.07934033870697021,1.4453125,2,geometry-fixedcompute-1m-lejepa-imagenet-50ksteps,1m,lejepa,imagenet,1.4453125,,
9400,3,0.0003772795999999783,3,128,0.15257278084754944,0.07528221607208252,1.625,2,geometry-fixedcompute-1m-lejepa-imagenet-50ksteps,1m,lejepa,imagenet,1.625,,
9500,3,0.0003812395999999781,3,128,0.15198169648647308,0.08339767158031464,1.453125,2,geometry-fixedcompute-1m-lejepa-imagenet-50ksteps,1m,lejepa,imagenet,1.453125,,
9600,3,0.00038519959999997806,3,128,0.15178938210010529,0.08268126100301743,1.46875,2,geometry-fixedcompute-1m-lejepa-imagenet-50ksteps,1m,lejepa,imagenet,1.46875,,
9700,3,0.00038915959999997747,3,128,0.14875447750091553,0.07331885397434235,1.578125,2,geometry-fixedcompute-1m-lejepa-imagenet-50ksteps,1m,lejepa,imagenet,1.578125,,
9800,3,0.0003931195999999769,3,128,0.13235041499137878,0.07429772615432739,1.234375,2,geometry-fixedcompute-1m-lejepa-imagenet-50ksteps,1m,lejepa,imagenet,1.234375,,
9900,3,0.000397079599999977,3,128,0.15032517910003662,0.07445825636386871,1.59375,2,geometry-fixedcompute-1m-lejepa-imagenet-50ksteps,1m,lejepa,imagenet,1.59375,,
10000,3,0.00040103959999997647,3,128,0.13287246227264404,0.05968482047319412,1.5234375,2,geometry-fixedcompute-1m-lejepa-imagenet-50ksteps,1m,lejepa,imagenet,1.5234375,,
10100,3,0.00040499959999997626,3,128,0.158934086561203,0.08660414069890976,1.53125,2,geometry-fixedcompute-1m-lejepa-imagenet-50ksteps,1m,lejepa,imagenet,1.53125,,
10200,3,0.00040895959999997584,3,128,0.14544141292572021,0.07805509865283966,1.4296875,2,geometry-fixedcompute-1m-lejepa-imagenet-50ksteps,1m,lejepa,imagenet,1.4296875,,
10300,3,0.0004129195999999751,3,128,0.1332944631576538,0.07811833918094635,1.1796875,2,geometry-fixedcompute-1m-lejepa-imagenet-50ksteps,1m,lejepa,imagenet,1.1796875,,
10400,3,0.0004168795999999747,3,128,0.1531253159046173,0.084601491689682,1.453125,2,geometry-fixedcompute-1m-lejepa-imagenet-50ksteps,1m,lejepa,imagenet,1.453125,,
10500,4,0.00042083959999997456,3,128,0.13967902958393097,0.07198943942785263,1.4296875,2,geometry-fixedcompute-1m-lejepa-imagenet-50ksteps,1m,lejepa,imagenet,1.4296875,,
10600,4,0.000424799599999974,3,128,0.14600516855716705,0.07196678966283798,1.5546875,2,geometry-fixedcompute-1m-lejepa-imagenet-50ksteps,1m,lejepa,imagenet,1.5546875,,
10700,4,0.00042875959999997404,3,128,0.14083459973335266,0.06806603074073792,1.5234375,2,geometry-fixedcompute-1m-lejepa-imagenet-50ksteps,1m,lejepa,imagenet,1.5234375,,
10800,4,0.0004327195999999736,3,128,0.11942451447248459,0.051696859300136566,1.40625,2,geometry-fixedcompute-1m-lejepa-imagenet-50ksteps,1m,lejepa,imagenet,1.40625,,
10900,4,0.00043667959999997254,3,128,0.141959086060524,0.06616581231355667,1.5859375,2,geometry-fixedcompute-1m-lejepa-imagenet-50ksteps,1m,lejepa,imagenet,1.5859375,,
11000,4,0.0004406395999999721,3,128,0.14100992679595947,0.06722262501716614,1.5390625,2,geometry-fixedcompute-1m-lejepa-imagenet-50ksteps,1m,lejepa,imagenet,1.5390625,,
11100,4,0.00044459959999997186,3,128,0.14296971261501312,0.08007913827896118,1.3359375,2,geometry-fixedcompute-1m-lejepa-imagenet-50ksteps,1m,lejepa,imagenet,1.3359375,,
11200,4,0.00044855959999997176,3,128,0.15777578949928284,0.09001071006059647,1.4453125,2,geometry-fixedcompute-1m-lejepa-imagenet-50ksteps,1m,lejepa,imagenet,1.4453125,,
11300,4,0.000452519599999972,3,128,0.15196439623832703,0.08492139726877213,1.4296875,2,geometry-fixedcompute-1m-lejepa-imagenet-50ksteps,1m,lejepa,imagenet,1.4296875,,
11400,4,0.0004564795999999721,3,128,0.14808987081050873,0.0767311155796051,1.5078125,2,geometry-fixedcompute-1m-lejepa-imagenet-50ksteps,1m,lejepa,imagenet,1.5078125,,
11500,4,0.000460439599999972,3,128,0.13301318883895874,0.0775652751326561,1.1875,2,geometry-fixedcompute-1m-lejepa-imagenet-50ksteps,1m,lejepa,imagenet,1.1875,,
11600,4,0.00046439959999997174,3,128,0.13724303245544434,0.06942522525787354,1.4296875,2,geometry-fixedcompute-1m-lejepa-imagenet-50ksteps,1m,lejepa,imagenet,1.4296875,,
11700,4,0.00046835959999997126,3,128,0.13134878873825073,0.06579066812992096,1.375,2,geometry-fixedcompute-1m-lejepa-imagenet-50ksteps,1m,lejepa,imagenet,1.375,,
11800,4,0.0004723195999999719,3,128,0.13452038168907166,0.06912919133901596,1.375,2,geometry-fixedcompute-1m-lejepa-imagenet-50ksteps,1m,lejepa,imagenet,1.375,,
11900,4,0.0004762795999999715,3,128,0.1306678056716919,0.05428026244044304,1.578125,2,geometry-fixedcompute-1m-lejepa-imagenet-50ksteps,1m,lejepa,imagenet,1.578125,,
12000,4,0.0004802395999999717,3,128,0.13472290337085724,0.06266062706708908,1.5078125,2,geometry-fixedcompute-1m-lejepa-imagenet-50ksteps,1m,lejepa,imagenet,1.5078125,,
12100,4,0.00048419959999997125,3,128,0.14612503349781036,0.0664391815662384,1.65625,2,geometry-fixedcompute-1m-lejepa-imagenet-50ksteps,1m,lejepa,imagenet,1.65625,,
12200,4,0.0004881595999999707,3,128,0.12825945019721985,0.055856987833976746,1.5,2,geometry-fixedcompute-1m-lejepa-imagenet-50ksteps,1m,lejepa,imagenet,1.5,,
12300,4,0.0004921195999999699,3,128,0.14918974041938782,0.07634693384170532,1.53125,2,geometry-fixedcompute-1m-lejepa-imagenet-50ksteps,1m,lejepa,imagenet,1.53125,,
12400,4,0.0004960795999999694,3,128,0.1467958390712738,0.07896684110164642,1.4375,2,geometry-fixedcompute-1m-lejepa-imagenet-50ksteps,1m,lejepa,imagenet,1.4375,,
12500,4,0.0004999999991235791,3,128,0.15064658224582672,0.07325462996959686,1.6171875,2,geometry-fixedcompute-1m-lejepa-imagenet-50ksteps,1m,lejepa,imagenet,1.6171875,,
12600,4,0.000499991059684037,3,128,0.1367426961660385,0.07044050097465515,1.3984375,2,geometry-fixedcompute-1m-lejepa-imagenet-50ksteps,1m,lejepa,imagenet,1.3984375,,
12700,4,0.0004999645925570581,3,128,0.15086716413497925,0.09199009835720062,1.265625,2,geometry-fixedcompute-1m-lejepa-imagenet-50ksteps,1m,lejepa,imagenet,1.265625,,
12800,4,0.0004999205996001967,3,128,0.1201171725988388,0.05705178901553154,1.3203125,2,geometry-fixedcompute-1m-lejepa-imagenet-50ksteps,1m,lejepa,imagenet,1.3203125,,
12900,4,0.0004998590839010295,3,128,0.138822540640831,0.07571369409561157,1.3359375,2,geometry-fixedcompute-1m-lejepa-imagenet-50ksteps,1m,lejepa,imagenet,1.3359375,,
13000,4,0.00049978004977694,3,128,0.14166763424873352,0.07613862305879593,1.3828125,2,geometry-fixedcompute-1m-lejepa-imagenet-50ksteps,1m,lejepa,imagenet,1.3828125,,
13100,5,0.0004996835027748158,3,128,0.14475169777870178,0.06704948097467422,1.6171875,2,geometry-fixedcompute-1m-lejepa-imagenet-50ksteps,1m,lejepa,imagenet,1.6171875,,
13200,5,0.0004995694496706574,3,128,0.13318085670471191,0.06977508217096329,1.3359375,2,geometry-fixedcompute-1m-lejepa-imagenet-50ksteps,1m,lejepa,imagenet,1.3359375,,
13300,5,0.0004994378984691047,3,128,0.12214423716068268,0.06561029702425003,1.1953125,2,geometry-fixedcompute-1m-lejepa-imagenet-50ksteps,1m,lejepa,imagenet,1.1953125,,
13400,5,0.0004992888584028738,3,128,0.13730975985527039,0.06178576871752739,1.5703125,2,geometry-fixedcompute-1m-lejepa-imagenet-50ksteps,1m,lejepa,imagenet,1.5703125,,
13500,5,0.0004991223399321102,3,128,0.14086773991584778,0.07324070483446121,1.421875,2,geometry-fixedcompute-1m-lejepa-imagenet-50ksteps,1m,lejepa,imagenet,1.421875,,
13600,5,0.0004989383547436532,3,128,0.13478776812553406,0.06272890418767929,1.5,2,geometry-fixedcompute-1m-lejepa-imagenet-50ksteps,1m,lejepa,imagenet,1.5,,
13700,5,0.0004987369157502165,3,128,0.1413256824016571,0.07475072145462036,1.40625,2,geometry-fixedcompute-1m-lejepa-imagenet-50ksteps,1m,lejepa,imagenet,1.40625,,
13800,5,0.0004985180370894827,3,128,0.1495569944381714,0.08135934174060822,1.4453125,2,geometry-fixedcompute-1m-lejepa-imagenet-50ksteps,1m,lejepa,imagenet,1.4453125,,
13900,5,0.0004982817341231088,3,128,0.14229539036750793,0.07474350184202194,1.421875,2,geometry-fixedcompute-1m-lejepa-imagenet-50ksteps,1m,lejepa,imagenet,1.421875,,
14000,5,0.0004980280234356511,3,128,0.13318651914596558,0.06926707178354263,1.3515625,2,geometry-fixedcompute-1m-lejepa-imagenet-50ksteps,1m,lejepa,imagenet,1.3515625,,
14100,5,0.0004977569228333998,3,128,0.15482091903686523,0.07764867693185806,1.6171875,2,geometry-fixedcompute-1m-lejepa-imagenet-50ksteps,1m,lejepa,imagenet,1.6171875,,
14200,5,0.0004974684513431281,3,128,0.1330903172492981,0.071221724152565,1.3046875,2,geometry-fixedcompute-1m-lejepa-imagenet-50ksteps,1m,lejepa,imagenet,1.3046875,,
14300,5,0.000497162629210758,3,128,0.1367841213941574,0.06585828959941864,1.484375,2,geometry-fixedcompute-1m-lejepa-imagenet-50ksteps,1m,lejepa,imagenet,1.484375,,
14400,5,0.0004968394778999407,3,128,0.1284342259168625,0.06169474124908447,1.3984375,2,geometry-fixedcompute-1m-lejepa-imagenet-50ksteps,1m,lejepa,imagenet,1.3984375,,
14500,5,0.0004964990200905466,3,128,0.13135012984275818,0.06322216987609863,1.4296875,2,geometry-fixedcompute-1m-lejepa-imagenet-50ksteps,1m,lejepa,imagenet,1.4296875,,
14600,5,0.0004961412796770781,3,128,0.1309293657541275,0.06483519077301025,1.3828125,2,geometry-fixedcompute-1m-lejepa-imagenet-50ksteps,1m,lejepa,imagenet,1.3828125,,
14700,5,0.0004957662817669899,3,128,0.15431331098079681,0.08482404798269272,1.4765625,2,geometry-fixedcompute-1m-lejepa-imagenet-50ksteps,1m,lejepa,imagenet,1.4765625,,
14800,5,0.0004953740526789238,3,128,0.14614760875701904,0.0762285590171814,1.4765625,2,geometry-fixedcompute-1m-lejepa-imagenet-50ksteps,1m,lejepa,imagenet,1.4765625,,
14900,5,0.0004949646199408699,3,128,0.14501231908798218,0.0796593427658081,1.3828125,2,geometry-fixedcompute-1m-lejepa-imagenet-50ksteps,1m,lejepa,imagenet,1.3828125,,
15000,5,0.0004945380122882255,3,128,0.14407990872859955,0.06634233891963959,1.625,2,geometry-fixedcompute-1m-lejepa-imagenet-50ksteps,1m,lejepa,imagenet,1.625,,
15100,5,0.0004940942596617859,3,128,0.13040970265865326,0.0596623495221138,1.4765625,2,geometry-fixedcompute-1m-lejepa-imagenet-50ksteps,1m,lejepa,imagenet,1.4765625,,
15200,5,0.000493633393205638,3,128,0.14503246545791626,0.07813861221075058,1.4140625,2,geometry-fixedcompute-1m-lejepa-imagenet-50ksteps,1m,lejepa,imagenet,1.4140625,,
15300,5,0.000493155445264977,3,128,0.13213127851486206,0.06147453561425209,1.4765625,2,geometry-fixedcompute-1m-lejepa-imagenet-50ksteps,1m,lejepa,imagenet,1.4765625,,
15400,5,0.0004926604493838346,3,128,0.12213928997516632,0.06354916840791702,1.234375,2,geometry-fixedcompute-1m-lejepa-imagenet-50ksteps,1m,lejepa,imagenet,1.234375,,
15500,5,0.0004921484403027254,3,128,0.13081493973731995,0.06471474468708038,1.390625,2,geometry-fixedcompute-1m-lejepa-imagenet-50ksteps,1m,lejepa,imagenet,1.390625,,
15600,5,0.0004916194539562103,3,128,0.1344377100467682,0.07469593733549118,1.265625,2,geometry-fixedcompute-1m-lejepa-imagenet-50ksteps,1m,lejepa,imagenet,1.265625,,
15700,6,0.0004910735274703725,3,128,0.13784155249595642,0.06697137653827667,1.484375,2,geometry-fixedcompute-1m-lejepa-imagenet-50ksteps,1m,lejepa,imagenet,1.484375,,
15800,6,0.0004905106991602119,3,128,0.13251782953739166,0.0711330771446228,1.296875,2,geometry-fixedcompute-1m-lejepa-imagenet-50ksteps,1m,lejepa,imagenet,1.296875,,
15900,6,0.0004899310085269574,3,128,0.12396001815795898,0.05338718742132187,1.4609375,2,geometry-fixedcompute-1m-lejepa-imagenet-50ksteps,1m,lejepa,imagenet,1.4609375,,
16000,6,0.0004893344962552931,3,128,0.1370314508676529,0.07125843316316605,1.390625,2,geometry-fixedcompute-1m-lejepa-imagenet-50ksteps,1m,lejepa,imagenet,1.390625,,
16100,6,0.0004887212042105043,3,128,0.12268464267253876,0.0597543939948082,1.3203125,2,geometry-fixedcompute-1m-lejepa-imagenet-50ksteps,1m,lejepa,imagenet,1.3203125,,
16200,6,0.0004880911754355366,3,128,0.13542470335960388,0.07008110731840134,1.375,2,geometry-fixedcompute-1m-lejepa-imagenet-50ksteps,1m,lejepa,imagenet,1.375,,
16300,6,0.00048744445414798296,3,128,0.12268467247486115,0.060268402099609375,1.3125,2,geometry-fixedcompute-1m-lejepa-imagenet-50ksteps,1m,lejepa,imagenet,1.3125,,
16400,6,0.0004867810857369673,3,128,0.11966878175735474,0.06171960383653641,1.21875,2,geometry-fixedcompute-1m-lejepa-imagenet-50ksteps,1m,lejepa,imagenet,1.21875,,
16500,6,0.0004861011167599691,3,128,0.14542366564273834,0.07752244174480438,1.4375,2,geometry-fixedcompute-1m-lejepa-imagenet-50ksteps,1m,lejepa,imagenet,1.4375,,
16600,6,0.00048540459493955193,3,128,0.13653001189231873,0.0645628347992897,1.5,2,geometry-fixedcompute-1m-lejepa-imagenet-50ksteps,1m,lejepa,imagenet,1.5,,
16700,6,0.0004846915691600154,3,128,0.11092278361320496,0.051742326468229294,1.234375,2,geometry-fixedcompute-1m-lejepa-imagenet-50ksteps,1m,lejepa,imagenet,1.234375,,
16800,6,0.0004839620894639634,3,128,0.1287088692188263,0.06660966575145721,1.3125,2,geometry-fixedcompute-1m-lejepa-imagenet-50ksteps,1m,lejepa,imagenet,1.3125,,
16900,6,0.0004832162070487937,3,128,0.1371593326330185,0.06265538930892944,1.5546875,2,geometry-fixedcompute-1m-lejepa-imagenet-50ksteps,1m,lejepa,imagenet,1.5546875,,
17000,6,0.00048245397426310144,3,128,0.13543933629989624,0.07009650021791458,1.375,2,geometry-fixedcompute-1m-lejepa-imagenet-50ksteps,1m,lejepa,imagenet,1.375,,
17100,6,0.00048167544460300815,3,128,0.12031513452529907,0.05983007326722145,1.265625,2,geometry-fixedcompute-1m-lejepa-imagenet-50ksteps,1m,lejepa,imagenet,1.265625,,
17200,6,0.000480880672708406,3,128,0.11300554126501083,0.05316372960805893,1.25,2,geometry-fixedcompute-1m-lejepa-imagenet-50ksteps,1m,lejepa,imagenet,1.25,,
17300,6,0.0004800697143591227,3,128,0.12604418396949768,0.056095026433467865,1.453125,2,geometry-fixedcompute-1m-lejepa-imagenet-50ksteps,1m,lejepa,imagenet,1.453125,,
17400,6,0.00047924262647100767,3,128,0.11633279919624329,0.05743707716464996,1.234375,2,geometry-fixedcompute-1m-lejepa-imagenet-50ksteps,1m,lejepa,imagenet,1.234375,,
17500,6,0.00047839946709193616,3,128,0.1189531609416008,0.0522286556661129,1.390625,2,geometry-fixedcompute-1m-lejepa-imagenet-50ksteps,1m,lejepa,imagenet,1.390625,,
17600,6,0.00047754029539773707,3,128,0.1199113130569458,0.055807143449783325,1.3359375,2,geometry-fixedcompute-1m-lejepa-imagenet-50ksteps,1m,lejepa,imagenet,1.3359375,,
17700,6,0.00047666517168803757,3,128,0.12995615601539612,0.05558706820011139,1.5390625,2,geometry-fixedcompute-1m-lejepa-imagenet-50ksteps,1m,lejepa,imagenet,1.5390625,,
17800,6,0.0004757741573820327,3,128,0.13222873210906982,0.06466099619865417,1.4140625,2,geometry-fixedcompute-1m-lejepa-imagenet-50ksteps,1m,lejepa,imagenet,1.4140625,,
17900,6,0.00047486731501417427,3,128,0.10606978088617325,0.0438070073723793,1.2890625,2,geometry-fixedcompute-1m-lejepa-imagenet-50ksteps,1m,lejepa,imagenet,1.2890625,,
18000,6,0.00047394470822978196,3,128,0.12504608929157257,0.05453042685985565,1.46875,2,geometry-fixedcompute-1m-lejepa-imagenet-50ksteps,1m,lejepa,imagenet,1.46875,,
18100,6,0.00047300640178057646,3,128,0.12117736041545868,0.05816778168082237,1.3203125,2,geometry-fixedcompute-1m-lejepa-imagenet-50ksteps,1m,lejepa,imagenet,1.3203125,,
18200,6,0.0004720524615201351,3,128,0.12632910907268524,0.05999281257390976,1.390625,2,geometry-fixedcompute-1m-lejepa-imagenet-50ksteps,1m,lejepa,imagenet,1.390625,,
18300,7,0.0004710829543992701,3,128,0.13294880092144012,0.06747488677501678,1.375,2,geometry-fixedcompute-1m-lejepa-imagenet-50ksteps,1m,lejepa,imagenet,1.375,,
18400,7,0.0004700979484613289,3,128,0.11585183441638947,0.055131860077381134,1.265625,2,geometry-fixedcompute-1m-lejepa-imagenet-50ksteps,1m,lejepa,imagenet,1.265625,,
18500,7,0.0004690975128374195,3,128,0.1286725550889969,0.06451551616191864,1.3515625,2,geometry-fixedcompute-1m-lejepa-imagenet-50ksteps,1m,lejepa,imagenet,1.3515625,,
18600,7,0.00046808171774155875,3,128,0.12620653212070465,0.06037776917219162,1.375,2,geometry-fixedcompute-1m-lejepa-imagenet-50ksteps,1m,lejepa,imagenet,1.375,,
18700,7,0.0004670506344657437,3,128,0.1414858102798462,0.06926549971103668,1.515625,2,geometry-fixedcompute-1m-lejepa-imagenet-50ksteps,1m,lejepa,imagenet,1.515625,,
18800,7,0.0004660043353749491,3,128,0.14070117473602295,0.07357937097549438,1.4140625,2,geometry-fixedcompute-1m-lejepa-imagenet-50ksteps,1m,lejepa,imagenet,1.4140625,,
18900,7,0.00046494289390204747,3,128,0.12687042355537415,0.056450776755809784,1.4609375,2,geometry-fixedcompute-1m-lejepa-imagenet-50ksteps,1m,lejepa,imagenet,1.4609375,,
19000,7,0.0004638663845426557,3,128,0.11520590633153915,0.048284176737070084,1.390625,2,geometry-fixedcompute-1m-lejepa-imagenet-50ksteps,1m,lejepa,imagenet,1.390625,,
19100,7,0.0004627748828499074,3,128,0.11584208160638809,0.05306567996740341,1.3046875,2,geometry-fixedcompute-1m-lejepa-imagenet-50ksteps,1m,lejepa,imagenet,1.3046875,,
19200,7,0.000461668465429149,3,128,0.1210610419511795,0.060615237802267075,1.2734375,2,geometry-fixedcompute-1m-lejepa-imagenet-50ksteps,1m,lejepa,imagenet,1.2734375,,
19300,7,0.0004605472099325649,3,128,0.12557615339756012,0.053546443581581116,1.4921875,2,geometry-fixedcompute-1m-lejepa-imagenet-50ksteps,1m,lejepa,imagenet,1.4921875,,
19400,7,0.00045941119505372654,3,128,0.14579074084758759,0.08150669932365417,1.3671875,2,geometry-fixedcompute-1m-lejepa-imagenet-50ksteps,1m,lejepa,imagenet,1.3671875,,
19500,7,0.0004582605005220694,3,128,0.1250990927219391,0.06229591369628906,1.3203125,2,geometry-fixedcompute-1m-lejepa-imagenet-50ksteps,1m,lejepa,imagenet,1.3203125,,
19600,7,0.0004570952070972972,3,128,0.10920089483261108,0.049158837646245956,1.25,2,geometry-fixedcompute-1m-lejepa-imagenet-50ksteps,1m,lejepa,imagenet,1.25,,
19700,7,0.0004559153965637145,3,128,0.11566843837499619,0.05082697421312332,1.3515625,2,geometry-fixedcompute-1m-lejepa-imagenet-50ksteps,1m,lejepa,imagenet,1.3515625,,
19800,7,0.0004547211517244872,3,128,0.12452023476362228,0.05808873474597931,1.390625,2,geometry-fixedcompute-1m-lejepa-imagenet-50ksteps,1m,lejepa,imagenet,1.390625,,
19900,7,0.00045351255639583006,3,128,0.12808530032634735,0.06389735639095306,1.3515625,2,geometry-fixedcompute-1m-lejepa-imagenet-50ksteps,1m,lejepa,imagenet,1.3515625,,
20000,7,0.0004522896954011244,3,128,0.11799761652946472,0.05482068657875061,1.3203125,2,geometry-fixedcompute-1m-lejepa-imagenet-50ksteps,1m,lejepa,imagenet,1.3203125,,
20100,7,0.0004510526545649648,3,128,0.11884954571723938,0.048521727323532104,1.453125,2,geometry-fixedcompute-1m-lejepa-imagenet-50ksteps,1m,lejepa,imagenet,1.453125,,
20200,7,0.00044980152070713615,3,128,0.11561445891857147,0.0548819974064827,1.2734375,2,geometry-fixedcompute-1m-lejepa-imagenet-50ksteps,1m,lejepa,imagenet,1.2734375,,
20300,7,0.0004485363816365206,3,128,0.1202889233827591,0.05106482654809952,1.4375,2,geometry-fixedcompute-1m-lejepa-imagenet-50ksteps,1m,lejepa,imagenet,1.4375,,
20400,7,0.0004472573261449342,3,128,0.12351435422897339,0.06216971576213837,1.2890625,2,geometry-fixedcompute-1m-lejepa-imagenet-50ksteps,1m,lejepa,imagenet,1.2890625,,
20500,7,0.00044596444400089554,3,128,0.11504404246807098,0.052225641906261444,1.3125,2,geometry-fixedcompute-1m-lejepa-imagenet-50ksteps,1m,lejepa,imagenet,1.3125,,
20600,7,0.0004446578259433245,3,128,0.13190726935863495,0.07151834666728973,1.28125,2,geometry-fixedcompute-1m-lejepa-imagenet-50ksteps,1m,lejepa,imagenet,1.28125,,
20700,7,0.0004433375636751747,3,128,0.12412579357624054,0.059729449450969696,1.3515625,2,geometry-fixedcompute-1m-lejepa-imagenet-50ksteps,1m,lejepa,imagenet,1.3515625,,
20800,7,0.0004420037498569983,3,128,0.13262617588043213,0.07021915912628174,1.3203125,2,geometry-fixedcompute-1m-lejepa-imagenet-50ksteps,1m,lejepa,imagenet,1.3203125,,
20900,8,0.0004406564781004411,3,128,0.11712092906236649,0.05235591158270836,1.3515625,2,geometry-fixedcompute-1m-lejepa-imagenet-50ksteps,1m,lejepa,imagenet,1.3515625,,
21000,8,0.000439295842961674,3,128,0.12190881371498108,0.05482588708400726,1.3984375,2,geometry-fixedcompute-1m-lejepa-imagenet-50ksteps,1m,lejepa,imagenet,1.3984375,,
21100,8,0.00043792193993475587,3,128,0.12810930609703064,0.06597855687141418,1.3125,2,geometry-fixedcompute-1m-lejepa-imagenet-50ksteps,1m,lejepa,imagenet,1.3125,,
21200,8,0.0004365348654449318,3,128,0.11866415292024612,0.04781259596347809,1.46875,2,geometry-fixedcompute-1m-lejepa-imagenet-50ksteps,1m,lejepa,imagenet,1.46875,,
21300,8,0.0004351347168418642,3,128,0.11755286157131195,0.05435251444578171,1.3203125,2,geometry-fixedcompute-1m-lejepa-imagenet-50ksteps,1m,lejepa,imagenet,1.3203125,,
21400,8,0.000433721592392804,3,128,0.12212301790714264,0.055565349757671356,1.390625,2,geometry-fixedcompute-1m-lejepa-imagenet-50ksteps,1m,lejepa,imagenet,1.390625,,
21500,8,0.00043229559127568956,3,128,0.11234228312969208,0.04938168078660965,1.3046875,2,geometry-fixedcompute-1m-lejepa-imagenet-50ksteps,1m,lejepa,imagenet,1.3046875,,
21600,8,0.0004308568135721894,3,128,0.12627559900283813,0.053768716752529144,1.5078125,2,geometry-fixedcompute-1m-lejepa-imagenet-50ksteps,1m,lejepa,imagenet,1.5078125,,
21700,8,0.0004294053602606763,3,128,0.1141589805483818,0.05334991589188576,1.2734375,2,geometry-fixedcompute-1m-lejepa-imagenet-50ksteps,1m,lejepa,imagenet,1.2734375,,
21800,8,0.0004279413332091415,3,128,0.1251838207244873,0.05518939346075058,1.453125,2,geometry-fixedcompute-1m-lejepa-imagenet-50ksteps,1m,lejepa,imagenet,1.453125,,
21900,8,0.000426464835168044,3,128,0.12452024221420288,0.0632285475730896,1.2890625,2,geometry-fixedcompute-1m-lejepa-imagenet-50ksteps,1m,lejepa,imagenet,1.2890625,,
22000,8,0.0004249759697630992,3,128,0.11447688937187195,0.05060067027807236,1.328125,2,geometry-fixedcompute-1m-lejepa-imagenet-50ksteps,1m,lejepa,imagenet,1.328125,,
22100,8,0.0004234748414880087,3,128,0.11549857258796692,0.049106232821941376,1.375,2,geometry-fixedcompute-1m-lejepa-imagenet-50ksteps,1m,lejepa,imagenet,1.375,,
22200,8,0.0004219615556971227,3,128,0.13811549544334412,0.0729135051369667,1.375,2,geometry-fixedcompute-1m-lejepa-imagenet-50ksteps,1m,lejepa,imagenet,1.375,,
22300,8,0.0004204362185980483,3,128,0.11591468751430511,0.0510861799120903,1.34375,2,geometry-fixedcompute-1m-lejepa-imagenet-50ksteps,1m,lejepa,imagenet,1.34375,,
22400,8,0.00041889893724419514,3,128,0.12391362339258194,0.06053407862782478,1.328125,2,geometry-fixedcompute-1m-lejepa-imagenet-50ksteps,1m,lejepa,imagenet,1.328125,,
22500,8,0.00041734981952726145,3,128,0.1211923211812973,0.05150178074836731,1.4453125,2,geometry-fixedcompute-1m-lejepa-imagenet-50ksteps,1m,lejepa,imagenet,1.4453125,,
22600,8,0.0004157889741696617,3,128,0.12120822072029114,0.05871424078941345,1.3125,2,geometry-fixedcompute-1m-lejepa-imagenet-50ksteps,1m,lejepa,imagenet,1.3125,,
22700,8,0.00041421651071689767,3,128,0.13211745023727417,0.0660858154296875,1.390625,2,geometry-fixedcompute-1m-lejepa-imagenet-50ksteps,1m,lejepa,imagenet,1.390625,,
22800,8,0.00041263253952986877,3,128,0.11893017590045929,0.054260384291410446,1.3515625,2,geometry-fixedcompute-1m-lejepa-imagenet-50ksteps,1m,lejepa,imagenet,1.3515625,,
22900,8,0.00041103717177712627,3,128,0.12035604566335678,0.05627527832984924,1.3359375,2,geometry-fixedcompute-1m-lejepa-imagenet-50ksteps,1m,lejepa,imagenet,1.3359375,,
23000,8,0.00040943051942707206,3,128,0.12275616824626923,0.05982968583703041,1.3203125,2,geometry-fixedcompute-1m-lejepa-imagenet-50ksteps,1m,lejepa,imagenet,1.3203125,,
23100,8,0.0004078126952400997,3,128,0.11857378482818604,0.056455135345458984,1.296875,2,geometry-fixedcompute-1m-lejepa-imagenet-50ksteps,1m,lejepa,imagenet,1.296875,,
23200,8,0.0004061838127606807,3,128,0.11876244843006134,0.06050857901573181,1.2265625,2,geometry-fixedcompute-1m-lejepa-imagenet-50ksteps,1m,lejepa,imagenet,1.2265625,,
23300,8,0.0004045439863093963,3,128,0.11811129748821259,0.05596831068396568,1.296875,2,geometry-fixedcompute-1m-lejepa-imagenet-50ksteps,1m,lejepa,imagenet,1.296875,,
23400,8,0.0004028933309749125,3,128,0.13088515400886536,0.07661019265651703,1.1640625,2,geometry-fixedcompute-1m-lejepa-imagenet-50ksteps,1m,lejepa,imagenet,1.1640625,,
23500,9,0.0004012319626059038,3,128,0.11399801820516586,0.051124557852745056,1.3046875,2,geometry-fixedcompute-1m-lejepa-imagenet-50ksteps,1m,lejepa,imagenet,1.3046875,,
23600,9,0.00039955999780292277,3,128,0.12610860168933868,0.05564885959029198,1.4609375,2,geometry-fixedcompute-1m-lejepa-imagenet-50ksteps,1m,lejepa,imagenet,1.4609375,,
23700,9,0.0003978775539102158,3,128,0.11470243334770203,0.05443594604730606,1.2578125,2,geometry-fixedcompute-1m-lejepa-imagenet-50ksteps,1m,lejepa,imagenet,1.2578125,,
23800,9,0.00039618474900748776,3,128,0.12197898328304291,0.056955672800540924,1.359375,2,geometry-fixedcompute-1m-lejepa-imagenet-50ksteps,1m,lejepa,imagenet,1.359375,,
23900,9,0.0003944817019016155,3,128,0.11931204050779343,0.057232245802879333,1.296875,2,geometry-fixedcompute-1m-lejepa-imagenet-50ksteps,1m,lejepa,imagenet,1.296875,,
24000,9,0.0003927685321183087,3,128,0.10827291011810303,0.05357880890369415,1.1484375,2,geometry-fixedcompute-1m-lejepa-imagenet-50ksteps,1m,lejepa,imagenet,1.1484375,,
24100,9,0.0003910453598937212,3,128,0.1235288754105568,0.06552587449550629,1.2265625,2,geometry-fixedcompute-1m-lejepa-imagenet-50ksteps,1m,lejepa,imagenet,1.2265625,,
24200,9,0.00038931230616601225,3,128,0.10521306097507477,0.04393315315246582,1.265625,2,geometry-fixedcompute-1m-lejepa-imagenet-50ksteps,1m,lejepa,imagenet,1.265625,,
24300,9,0.0003875694925668595,3,128,0.12548691034317017,0.06707298755645752,1.234375,2,geometry-fixedcompute-1m-lejepa-imagenet-50ksteps,1m,lejepa,imagenet,1.234375,,
24400,9,0.00038581704141292186,3,128,0.11196953803300858,0.05567106232047081,1.1796875,2,geometry-fixedcompute-1m-lejepa-imagenet-50ksteps,1m,lejepa,imagenet,1.1796875,,
24500,9,0.00038405507569725566,3,128,0.12185467034578323,0.06581947207450867,1.1875,2,geometry-fixedcompute-1m-lejepa-imagenet-50ksteps,1m,lejepa,imagenet,1.1875,,
24600,9,0.0003822837190806807,3,128,0.11712190508842468,0.06083761528134346,1.1875,2,geometry-fixedcompute-1m-lejepa-imagenet-50ksteps,1m,lejepa,imagenet,1.1875,,
24700,9,0.00038050309588310373,3,128,0.13563388586044312,0.06773140281438828,1.4296875,2,geometry-fixedcompute-1m-lejepa-imagenet-50ksteps,1m,lejepa,imagenet,1.4296875,,
24800,9,0.0003787133310747911,3,128,0.12015102803707123,0.05965733528137207,1.2734375,2,geometry-fixedcompute-1m-lejepa-imagenet-50ksteps,1m,lejepa,imagenet,1.2734375,,
24900,9,0.00037691455026759966,3,128,0.10932682454586029,0.04466557502746582,1.3359375,2,geometry-fixedcompute-1m-lejepa-imagenet-50ksteps,1m,lejepa,imagenet,1.3359375,,
25000,9,0.0003751068797061594,3,128,0.12281204760074615,0.061430446803569794,1.2890625,2,geometry-fixedcompute-1m-lejepa-imagenet-50ksteps,1m,lejepa,imagenet,1.2890625,,
25100,9,0.0003732904462590138,3,128,0.1160530149936676,0.0599694550037384,1.1796875,2,geometry-fixedcompute-1m-lejepa-imagenet-50ksteps,1m,lejepa,imagenet,1.1796875,,
25200,9,0.0003714653774097174,3,128,0.11767682433128357,0.05345504358410835,1.3359375,2,geometry-fixedcompute-1m-lejepa-imagenet-50ksteps,1m,lejepa,imagenet,1.3359375,,
25300,9,0.0003696318012478849,3,128,0.10372305661439896,0.04878948628902435,1.1484375,2,geometry-fixedcompute-1m-lejepa-imagenet-50ksteps,1m,lejepa,imagenet,1.1484375,,
25400,9,0.00036778984646020454,3,128,0.11248385906219482,0.05929633602499962,1.125,2,geometry-fixedcompute-1m-lejepa-imagenet-50ksteps,1m,lejepa,imagenet,1.125,,
25500,9,0.00036593964232140567,3,128,0.11233249306678772,0.05296923220157623,1.2421875,2,geometry-fixedcompute-1m-lejepa-imagenet-50ksteps,1m,lejepa,imagenet,1.2421875,,
25600,9,0.0003640813186851842,3,128,0.11960924416780472,0.058059073984622955,1.2890625,2,geometry-fixedcompute-1m-lejepa-imagenet-50ksteps,1m,lejepa,imagenet,1.2890625,,
25700,9,0.0003622150059750918,3,128,0.11675679683685303,0.049916692078113556,1.3828125,2,geometry-fixedcompute-1m-lejepa-imagenet-50ksteps,1m,lejepa,imagenet,1.3828125,,
25800,9,0.0003603408351753808,3,128,0.1137155145406723,0.050827186554670334,1.3046875,2,geometry-fixedcompute-1m-lejepa-imagenet-50ksteps,1m,lejepa,imagenet,1.3046875,,
25900,9,0.00035845893782181037,3,128,0.10893144458532333,0.05247306823730469,1.1796875,2,geometry-fixedcompute-1m-lejepa-imagenet-50ksteps,1m,lejepa,imagenet,1.1796875,,
26000,9,0.0003565694459924158,3,128,0.11023205518722534,0.04510446637868881,1.34375,2,geometry-fixedcompute-1m-lejepa-imagenet-50ksteps,1m,lejepa,imagenet,1.34375,,
26100,10,0.00035467249229823944,3,128,0.11438330262899399,0.04793225973844528,1.375,2,geometry-fixedcompute-1m-lejepa-imagenet-50ksteps,1m,lejepa,imagenet,1.375,,
26200,10,0.00035276820987402294,3,128,0.11073525249958038,0.04563414305448532,1.34375,2,geometry-fixedcompute-1m-lejepa-imagenet-50ksteps,1m,lejepa,imagenet,1.34375,,
26300,10,0.00035085673236886345,3,128,0.12820088863372803,0.059907179325819016,1.4296875,2,geometry-fixedcompute-1m-lejepa-imagenet-50ksteps,1m,lejepa,imagenet,1.4296875,,
26400,10,0.00034893819393683314,3,128,0.11633147299289703,0.05743567645549774,1.234375,2,geometry-fixedcompute-1m-lejepa-imagenet-50ksteps,1m,lejepa,imagenet,1.234375,,
26500,10,0.0003470127292275656,3,128,0.1258113533258438,0.05893383175134659,1.3984375,2,geometry-fixedcompute-1m-lejepa-imagenet-50ksteps,1m,lejepa,imagenet,1.3984375,,
26600,10,0.00034508047337680276,3,128,0.10557521134614944,0.04945417121052742,1.171875,2,geometry-fixedcompute-1m-lejepa-imagenet-50ksteps,1m,lejepa,imagenet,1.171875,,
26700,10,0.00034314156199691313,3,128,0.11648963391780853,0.05683118849992752,1.25,2,geometry-fixedcompute-1m-lejepa-imagenet-50ksteps,1m,lejepa,imagenet,1.25,,
26800,10,0.00034119613116737334,3,128,0.12714213132858276,0.057250767946243286,1.453125,2,geometry-fixedcompute-1m-lejepa-imagenet-50ksteps,1m,lejepa,imagenet,1.453125,,
26900,10,0.0003392443174252175,3,128,0.11776368319988251,0.050462596118450165,1.3984375,2,geometry-fixedcompute-1m-lejepa-imagenet-50ksteps,1m,lejepa,imagenet,1.3984375,,
27000,10,0.00033728625775545344,3,128,0.13275158405303955,0.06572534888982773,1.40625,2,geometry-fixedcompute-1m-lejepa-imagenet-50ksteps,1m,lejepa,imagenet,1.40625,,
27100,10,0.0003353220895814506,3,128,0.1225227415561676,0.05958396941423416,1.3203125,2,geometry-fixedcompute-1m-lejepa-imagenet-50ksteps,1m,lejepa,imagenet,1.3203125,,
27200,10,0.00033335195075529466,3,128,0.11452020704746246,0.053730156272649765,1.265625,2,geometry-fixedcompute-1m-lejepa-imagenet-50ksteps,1m,lejepa,imagenet,1.265625,,
27300,10,0.0003313759795481116,3,128,0.12904635071754456,0.064395010471344,1.359375,2,geometry-fixedcompute-1m-lejepa-imagenet-50ksteps,1m,lejepa,imagenet,1.359375,,
27400,10,0.00032939431464036395,3,128,0.1248663067817688,0.06153690069913864,1.328125,2,geometry-fixedcompute-1m-lejepa-imagenet-50ksteps,1m,lejepa,imagenet,1.328125,,
27500,10,0.00032740709511211826,3,128,0.11997124552726746,0.06537886708974838,1.15625,2,geometry-fixedcompute-1m-lejepa-imagenet-50ksteps,1m,lejepa,imagenet,1.15625,,
27600,10,0.00032541446043328243,3,128,0.11125428974628448,0.05594612658023834,1.1640625,2,geometry-fixedcompute-1m-lejepa-imagenet-50ksteps,1m,lejepa,imagenet,1.1640625,,
27700,10,0.0003234165504538194,3,128,0.10243399441242218,0.046661607921123505,1.1640625,2,geometry-fixedcompute-1m-lejepa-imagenet-50ksteps,1m,lejepa,imagenet,1.1640625,,
27800,10,0.0003214135053939299,3,128,0.12485219538211823,0.058438170701265335,1.3828125,2,geometry-fixedcompute-1m-lejepa-imagenet-50ksteps,1m,lejepa,imagenet,1.3828125,,
27900,10,0.0003194054658342132,3,128,0.10677735507488251,0.044551827013492584,1.2890625,2,geometry-fixedcompute-1m-lejepa-imagenet-50ksteps,1m,lejepa,imagenet,1.2890625,,
28000,10,0.0003173925727057994,3,128,0.11417750269174576,0.0538833923637867,1.2578125,2,geometry-fixedcompute-1m-lejepa-imagenet-50ksteps,1m,lejepa,imagenet,1.2578125,,
28100,10,0.00031537496728045874,3,128,0.12335449457168579,0.059431545436382294,1.3359375,2,geometry-fixedcompute-1m-lejepa-imagenet-50ksteps,1m,lejepa,imagenet,1.3359375,,
28200,10,0.00031335279116068664,3,128,0.11913582682609558,0.05910268425941467,1.2578125,2,geometry-fixedcompute-1m-lejepa-imagenet-50ksteps,1m,lejepa,imagenet,1.2578125,,
28300,10,0.0003113261862697656,3,128,0.12293955683708191,0.06310661137104034,1.2578125,2,geometry-fixedcompute-1m-lejepa-imagenet-50ksteps,1m,lejepa,imagenet,1.2578125,,
28400,10,0.00030929529484180425,3,128,0.09812921285629272,0.04033132642507553,1.1953125,2,geometry-fixedcompute-1m-lejepa-imagenet-50ksteps,1m,lejepa,imagenet,1.1953125,,
28500,10,0.00030726025941175587,3,128,0.11850963532924652,0.05792955309152603,1.2734375,2,geometry-fixedcompute-1m-lejepa-imagenet-50ksteps,1m,lejepa,imagenet,1.2734375,,
28600,10,0.0003052212228054132,3,128,0.11349143087863922,0.05624508857727051,1.203125,2,geometry-fixedcompute-1m-lejepa-imagenet-50ksteps,1m,lejepa,imagenet,1.203125,,
28700,11,0.00030317832812938594,3,128,0.12225878238677979,0.055708255618810654,1.3828125,2,geometry-fixedcompute-1m-lejepa-imagenet-50ksteps,1m,lejepa,imagenet,1.3828125,,
28800,11,0.00030113171876105653,3,128,0.11134380102157593,0.048844628036022186,1.296875,2,geometry-fixedcompute-1m-lejepa-imagenet-50ksteps,1m,lejepa,imagenet,1.296875,,
28900,11,0.0002990815383385165,3,128,0.1126415878534317,0.04918276146054268,1.3203125,2,geometry-fixedcompute-1m-lejepa-imagenet-50ksteps,1m,lejepa,imagenet,1.3203125,,
29000,11,0.0002970279307504874,3,128,0.10745685547590256,0.04732300713658333,1.25,2,geometry-fixedcompute-1m-lejepa-imagenet-50ksteps,1m,lejepa,imagenet,1.25,,
29100,11,0.0002949710401262197,3,128,0.10890010744333267,0.045244358479976654,1.3203125,2,geometry-fixedcompute-1m-lejepa-imagenet-50ksteps,1m,lejepa,imagenet,1.3203125,,
29200,11,0.0002929110108253798,3,128,0.1106562465429306,0.047606900334358215,1.3125,2,geometry-fixedcompute-1m-lejepa-imagenet-50ksteps,1m,lejepa,imagenet,1.3125,,
29300,11,0.0002908479874279166,3,128,0.11433382332324982,0.049936093389987946,1.3359375,2,geometry-fixedcompute-1m-lejepa-imagenet-50ksteps,1m,lejepa,imagenet,1.3359375,,
29400,11,0.0002887821147239155,3,128,0.10603640973567963,0.045827798545360565,1.25,2,geometry-fixedcompute-1m-lejepa-imagenet-50ksteps,1m,lejepa,imagenet,1.25,,
29500,11,0.0002867135377034353,3,128,0.10449592769145966,0.04112235829234123,1.3046875,2,geometry-fixedcompute-1m-lejepa-imagenet-50ksteps,1m,lejepa,imagenet,1.3046875,,
29600,11,0.0002846424015463339,3,128,0.10254441946744919,0.04292299225926399,1.234375,2,geometry-fixedcompute-1m-lejepa-imagenet-50ksteps,1m,lejepa,imagenet,1.234375,,
29700,11,0.00028256885161207727,3,128,0.11638234555721283,0.056204281747341156,1.2578125,2,geometry-fixedcompute-1m-lejepa-imagenet-50ksteps,1m,lejepa,imagenet,1.2578125,,
29800,11,0.00028049303342953994,3,128,0.11292563378810883,0.04896777868270874,1.328125,2,geometry-fixedcompute-1m-lejepa-imagenet-50ksteps,1m,lejepa,imagenet,1.328125,,
29900,11,0.0002784150926867882,3,128,0.09889768064022064,0.039855290204286575,1.21875,2,geometry-fixedcompute-1m-lejepa-imagenet-50ksteps,1m,lejepa,imagenet,1.21875,,
30000,11,0.00027633517522085795,3,128,0.12317528575658798,0.06078483909368515,1.3125,2,geometry-fixedcompute-1m-lejepa-imagenet-50ksteps,1m,lejepa,imagenet,1.3125,,
30100,11,0.00027425342700751877,3,128,0.1078035831451416,0.05102885141968727,1.1875,2,geometry-fixedcompute-1m-lejepa-imagenet-50ksteps,1m,lejepa,imagenet,1.1875,,
30200,11,0.0002721699941510273,3,128,0.11115279048681259,0.04761560261249542,1.3203125,2,geometry-fixedcompute-1m-lejepa-imagenet-50ksteps,1m,lejepa,imagenet,1.3203125,,
30300,11,0.00027008502287387476,3,128,0.11250801384449005,0.056237880140542984,1.1796875,2,geometry-fixedcompute-1m-lejepa-imagenet-50ksteps,1m,lejepa,imagenet,1.1796875,,
30400,11,0.00026799865950652446,3,128,0.11166534572839737,0.04918309673666954,1.296875,2,geometry-fixedcompute-1m-lejepa-imagenet-50ksteps,1m,lejepa,imagenet,1.296875,,
30500,11,0.00026591105047714045,3,128,0.10568613559007645,0.04623006284236908,1.234375,2,geometry-fixedcompute-1m-lejepa-imagenet-50ksteps,1m,lejepa,imagenet,1.234375,,
30600,11,0.0002638223423013126,3,128,0.12615594267845154,0.05621267855167389,1.453125,2,geometry-fixedcompute-1m-lejepa-imagenet-50ksteps,1m,lejepa,imagenet,1.453125,,
30700,11,0.0002617326815717717,3,128,0.11965492367744446,0.05091143399477005,1.4296875,2,geometry-fixedcompute-1m-lejepa-imagenet-50ksteps,1m,lejepa,imagenet,1.4296875,,
30800,11,0.00025964221494810275,3,128,0.10357953608036041,0.04272764176130295,1.2578125,2,geometry-fixedcompute-1m-lejepa-imagenet-50ksteps,1m,lejepa,imagenet,1.2578125,,
30900,11,0.0002575510891464514,3,128,0.09513826668262482,0.03898189216852188,1.1640625,2,geometry-fixedcompute-1m-lejepa-imagenet-50ksteps,1m,lejepa,imagenet,1.1640625,,
31000,11,0.0002554594509292255,3,128,0.11067193746566772,0.051992256194353104,1.2265625,2,geometry-fixedcompute-1m-lejepa-imagenet-50ksteps,1m,lejepa,imagenet,1.2265625,,
31100,11,0.0002533674470947974,3,128,0.11078532040119171,0.0436309352517128,1.390625,2,geometry-fixedcompute-1m-lejepa-imagenet-50ksteps,1m,lejepa,imagenet,1.390625,,
31200,11,0.0002512752244671984,3,128,0.11010973155498505,0.05268540605902672,1.203125,2,geometry-fixedcompute-1m-lejepa-imagenet-50ksteps,1m,lejepa,imagenet,1.203125,,
31300,12,0.00024918292988581643,3,128,0.11401349306106567,0.05705162137746811,1.1953125,2,geometry-fixedcompute-1m-lejepa-imagenet-50ksteps,1m,lejepa,imagenet,1.1953125,,
31400,12,0.0002470907101950889,3,128,0.1026088297367096,0.047102637588977814,1.15625,2,geometry-fixedcompute-1m-lejepa-imagenet-50ksteps,1m,lejepa,imagenet,1.15625,,
31500,12,0.00024499871223419774,3,128,0.112181656062603,0.052296482026576996,1.25,2,geometry-fixedcompute-1m-lejepa-imagenet-50ksteps,1m,lejepa,imagenet,1.25,,
31600,12,0.00024290708282676213,3,128,0.11348072439432144,0.05212198197841644,1.28125,2,geometry-fixedcompute-1m-lejepa-imagenet-50ksteps,1m,lejepa,imagenet,1.28125,,
31700,12,0.00024081596877053573,3,128,0.12083468586206436,0.055237170308828354,1.3671875,2,geometry-fixedcompute-1m-lejepa-imagenet-50ksteps,1m,lejepa,imagenet,1.3671875,,
31800,12,0.00023872551682710305,3,128,0.10613556206226349,0.054669834673404694,1.0859375,2,geometry-fixedcompute-1m-lejepa-imagenet-50ksteps,1m,lejepa,imagenet,1.0859375,,
31900,12,0.00023663587371157852,3,128,0.10950994491577148,0.045372314751148224,1.328125,2,geometry-fixedcompute-1m-lejepa-imagenet-50ksteps,1m,lejepa,imagenet,1.328125,,
32000,12,0.00023454718608231087,3,128,0.118459552526474,0.06173168495297432,1.1953125,2,geometry-fixedcompute-1m-lejepa-imagenet-50ksteps,1m,lejepa,imagenet,1.1953125,,
32100,12,0.0002324596005305893,3,128,0.11577810347080231,0.048886485397815704,1.3828125,2,geometry-fixedcompute-1m-lejepa-imagenet-50ksteps,1m,lejepa,imagenet,1.3828125,,
32200,12,0.00023037326357035543,3,128,0.11904194951057434,0.06697055697441101,1.109375,2,geometry-fixedcompute-1m-lejepa-imagenet-50ksteps,1m,lejepa,imagenet,1.109375,,
32300,12,0.00022828832162792063,3,128,0.11699166148900986,0.05813061445951462,1.234375,2,geometry-fixedcompute-1m-lejepa-imagenet-50ksteps,1m,lejepa,imagenet,1.234375,,
32400,12,0.0002262049210316887,3,128,0.10971789062023163,0.0530439093708992,1.1875,2,geometry-fixedcompute-1m-lejepa-imagenet-50ksteps,1m,lejepa,imagenet,1.1875,,
32500,12,0.00022412320800188715,3,128,0.09648293256759644,0.04553713649511337,1.0625,2,geometry-fixedcompute-1m-lejepa-imagenet-50ksteps,1m,lejepa,imagenet,1.0625,,
32600,12,0.00022204332864030358,3,128,0.10918225347995758,0.0519661121070385,1.1953125,2,geometry-fixedcompute-1m-lejepa-imagenet-50ksteps,1m,lejepa,imagenet,1.1953125,,
32700,12,0.0002199654289200327,3,128,0.1194993332028389,0.06693803519010544,1.1171875,2,geometry-fixedcompute-1m-lejepa-imagenet-50ksteps,1m,lejepa,imagenet,1.1171875,,
32800,12,0.0002178896546752311,3,128,0.10649192333221436,0.052989035844802856,1.125,2,geometry-fixedcompute-1m-lejepa-imagenet-50ksteps,1m,lejepa,imagenet,1.125,,
32900,12,0.00021581615159088242,3,128,0.11041226238012314,0.04786406084895134,1.296875,2,geometry-fixedcompute-1m-lejepa-imagenet-50ksteps,1m,lejepa,imagenet,1.296875,,
33000,12,0.00021374506519257182,3,128,0.11035211384296417,0.046258799731731415,1.328125,2,geometry-fixedcompute-1m-lejepa-imagenet-50ksteps,1m,lejepa,imagenet,1.328125,,
33100,12,0.00021167654083627428,3,128,0.10173231363296509,0.041811153292655945,1.2421875,2,geometry-fixedcompute-1m-lejepa-imagenet-50ksteps,1m,lejepa,imagenet,1.2421875,,
33200,12,0.00020961072369815053,3,128,0.10004743933677673,0.038495659828186035,1.265625,2,geometry-fixedcompute-1m-lejepa-imagenet-50ksteps,1m,lejepa,imagenet,1.265625,,
33300,12,0.0002075477587643603,3,128,0.10190216451883316,0.044045865535736084,1.203125,2,geometry-fixedcompute-1m-lejepa-imagenet-50ksteps,1m,lejepa,imagenet,1.203125,,
33400,12,0.0002054877908208857,3,128,0.11992672830820084,0.05325346440076828,1.3828125,2,geometry-fixedcompute-1m-lejepa-imagenet-50ksteps,1m,lejepa,imagenet,1.3828125,,
33500,12,0.000203430964443369,3,128,0.1097344160079956,0.052290335297584534,1.203125,2,geometry-fixedcompute-1m-lejepa-imagenet-50ksteps,1m,lejepa,imagenet,1.203125,,
33600,12,0.00020137742398696734,3,128,0.09884130954742432,0.03902498260140419,1.234375,2,geometry-fixedcompute-1m-lejepa-imagenet-50ksteps,1m,lejepa,imagenet,1.234375,,
33700,12,0.00019932731357622064,3,128,0.09827984869480133,0.043830759823322296,1.1328125,2,geometry-fixedcompute-1m-lejepa-imagenet-50ksteps,1m,lejepa,imagenet,1.1328125,,
33800,12,0.00019728077709493596,3,128,0.11618702113628387,0.05728362500667572,1.234375,2,geometry-fixedcompute-1m-lejepa-imagenet-50ksteps,1m,lejepa,imagenet,1.234375,,
33900,13,0.0001952379581760898,3,128,0.11981064081192017,0.05364525318145752,1.375,2,geometry-fixedcompute-1m-lejepa-imagenet-50ksteps,1m,lejepa,imagenet,1.375,,
34000,13,0.00019319900019174743,3,128,0.09650451689958572,0.039135102182626724,1.1875,2,geometry-fixedcompute-1m-lejepa-imagenet-50ksteps,1m,lejepa,imagenet,1.1875,,
34100,13,0.00019116404624300033,3,128,0.10063523054122925,0.04836603254079819,1.09375,2,geometry-fixedcompute-1m-lejepa-imagenet-50ksteps,1m,lejepa,imagenet,1.09375,,
34200,13,0.0001891332391499233,3,128,0.09894569963216782,0.040419816970825195,1.2109375,2,geometry-fixedcompute-1m-lejepa-imagenet-50ksteps,1m,lejepa,imagenet,1.2109375,,
34300,13,0.00018710672144155014,3,128,0.09981594979763031,0.04673265665769577,1.109375,2,geometry-fixedcompute-1m-lejepa-imagenet-50ksteps,1m,lejepa,imagenet,1.109375,,
34400,13,0.0001850846353458707,3,128,0.12412691861391068,0.05767471715807915,1.3828125,2,geometry-fixedcompute-1m-lejepa-imagenet-50ksteps,1m,lejepa,imagenet,1.3828125,,
34500,13,0.00018306712277984952,3,128,0.10623328387737274,0.050660863518714905,1.1640625,2,geometry-fixedcompute-1m-lejepa-imagenet-50ksteps,1m,lejepa,imagenet,1.1640625,,
34600,13,0.00018105432533946497,3,128,0.11703401803970337,0.057404227554798126,1.25,2,geometry-fixedcompute-1m-lejepa-imagenet-50ksteps,1m,lejepa,imagenet,1.25,,
34700,13,0.00017904638428977156,3,128,0.10633759945631027,0.045116882771253586,1.2734375,2,geometry-fixedcompute-1m-lejepa-imagenet-50ksteps,1m,lejepa,imagenet,1.2734375,,
34800,13,0.00017704344055498542,3,128,0.10731882601976395,0.04409383237361908,1.3046875,2,geometry-fixedcompute-1m-lejepa-imagenet-50ksteps,1m,lejepa,imagenet,1.3046875,,
34900,13,0.0001750456347085943,3,128,0.10576813668012619,0.04503142833709717,1.2578125,2,geometry-fixedcompute-1m-lejepa-imagenet-50ksteps,1m,lejepa,imagenet,1.2578125,,
35000,13,0.00017305310696349096,3,128,0.10801635682582855,0.046884000301361084,1.265625,2,geometry-fixedcompute-1m-lejepa-imagenet-50ksteps,1m,lejepa,imagenet,1.265625,,
35100,13,0.00017106599716213282,3,128,0.10578769445419312,0.04813589155673981,1.203125,2,geometry-fixedcompute-1m-lejepa-imagenet-50ksteps,1m,lejepa,imagenet,1.203125,,
35200,13,0.0001690844447667272,3,128,0.11924514174461365,0.06101667881011963,1.2265625,2,geometry-fixedcompute-1m-lejepa-imagenet-50ksteps,1m,lejepa,imagenet,1.2265625,,
35300,13,0.00016710858884944415,3,128,0.10461251437664032,0.05049672722816467,1.1328125,2,geometry-fixedcompute-1m-lejepa-imagenet-50ksteps,1m,lejepa,imagenet,1.1328125,,
35400,13,0.0001651385680826546,3,128,0.11065690219402313,0.05480332300066948,1.171875,2,geometry-fixedcompute-1m-lejepa-imagenet-50ksteps,1m,lejepa,imagenet,1.171875,,
35500,13,0.00016317452072919913,3,128,0.11208361387252808,0.05424920469522476,1.2109375,2,geometry-fixedcompute-1m-lejepa-imagenet-50ksteps,1m,lejepa,imagenet,1.2109375,,
35600,13,0.00016121658463268292,3,128,0.10572047531604767,0.046780187636613846,1.2265625,2,geometry-fixedcompute-1m-lejepa-imagenet-50ksteps,1m,lejepa,imagenet,1.2265625,,
35700,13,0.0001592648972078028,3,128,0.10707703977823257,0.04640921950340271,1.2578125,2,geometry-fixedcompute-1m-lejepa-imagenet-50ksteps,1m,lejepa,imagenet,1.2578125,,
35800,13,0.00015731959543070187,3,128,0.10183204710483551,0.0419161356985569,1.2421875,2,geometry-fixedcompute-1m-lejepa-imagenet-50ksteps,1m,lejepa,imagenet,1.2421875,,
35900,13,0.00015538081582935656,3,128,0.10180467367172241,0.048312071710824966,1.1171875,2,geometry-fixedcompute-1m-lejepa-imagenet-50ksteps,1m,lejepa,imagenet,1.1171875,,
36000,13,0.000153448694473995,3,128,0.10401815176010132,0.0444742888212204,1.234375,2,geometry-fixedcompute-1m-lejepa-imagenet-50ksteps,1m,lejepa,imagenet,1.234375,,
36100,13,0.0001515233669675453,3,128,0.1027325913310051,0.044919997453689575,1.203125,2,geometry-fixedcompute-1m-lejepa-imagenet-50ksteps,1m,lejepa,imagenet,1.203125,,
36200,13,0.00014960496843612167,3,128,0.10204719752073288,0.04419853165745735,1.203125,2,geometry-fixedcompute-1m-lejepa-imagenet-50ksteps,1m,lejepa,imagenet,1.203125,,
36300,13,0.00014769363351953805,3,128,0.10756324231624603,0.05231780558824539,1.15625,2,geometry-fixedcompute-1m-lejepa-imagenet-50ksteps,1m,lejepa,imagenet,1.15625,,
36400,13,0.00014578949636185942,3,128,0.0988118052482605,0.04361974820494652,1.1484375,2,geometry-fixedcompute-1m-lejepa-imagenet-50ksteps,1m,lejepa,imagenet,1.1484375,,
36500,14,0.00014389269060198772,3,128,0.1114109605550766,0.051999207586050034,1.2421875,2,geometry-fixedcompute-1m-lejepa-imagenet-50ksteps,1m,lejepa,imagenet,1.2421875,,
36600,14,0.00014200334936428197,3,128,0.10507002472877502,0.04609550163149834,1.2265625,2,geometry-fixedcompute-1m-lejepa-imagenet-50ksteps,1m,lejepa,imagenet,1.2265625,,
36700,14,0.0001401216052492153,3,128,0.09955880045890808,0.045948002487421036,1.1171875,2,geometry-fixedcompute-1m-lejepa-imagenet-50ksteps,1m,lejepa,imagenet,1.1171875,,
36800,14,0.00013824759032406842,3,128,0.10191798210144043,0.040464647114276886,1.265625,2,geometry-fixedcompute-1m-lejepa-imagenet-50ksteps,1m,lejepa,imagenet,1.265625,,
36900,14,0.0001363814361136612,3,128,0.11121915280818939,0.051283322274684906,1.25,2,geometry-fixedcompute-1m-lejepa-imagenet-50ksteps,1m,lejepa,imagenet,1.25,,
37000,14,0.0001345232735911211,3,128,0.10651301592588425,0.047871433198451996,1.21875,2,geometry-fixedcompute-1m-lejepa-imagenet-50ksteps,1m,lejepa,imagenet,1.21875,,
37100,14,0.0001326732331686923,3,128,0.1106097549200058,0.052183784544467926,1.21875,2,geometry-fixedcompute-1m-lejepa-imagenet-50ksteps,1m,lejepa,imagenet,1.21875,,
37200,14,0.0001308314446885811,3,128,0.10925780236721039,0.0456208735704422,1.3203125,2,geometry-fixedcompute-1m-lejepa-imagenet-50ksteps,1m,lejepa,imagenet,1.3203125,,
37300,14,0.00012899803741384444,3,128,0.105666384100914,0.04492431879043579,1.2578125,2,geometry-fixedcompute-1m-lejepa-imagenet-50ksteps,1m,lejepa,imagenet,1.2578125,,
37400,14,0.0001271731400193172,3,128,0.10883677005767822,0.05006049573421478,1.2265625,2,geometry-fixedcompute-1m-lejepa-imagenet-50ksteps,1m,lejepa,imagenet,1.2265625,,
37500,14,0.00012535688058258176,3,128,0.10350343585014343,0.03853569179773331,1.3359375,2,geometry-fixedcompute-1m-lejepa-imagenet-50ksteps,1m,lejepa,imagenet,1.3359375,,
37600,14,0.00012354938657497893,3,128,0.1069580465555191,0.051680758595466614,1.15625,2,geometry-fixedcompute-1m-lejepa-imagenet-50ksteps,1m,lejepa,imagenet,1.15625,,
37700,14,0.00012175078485266159,3,128,0.10020997375249863,0.04432053118944168,1.1640625,2,geometry-fixedcompute-1m-lejepa-imagenet-50ksteps,1m,lejepa,imagenet,1.1640625,,
37800,14,0.00011996120164769079,3,128,0.11239507794380188,0.04738133028149605,1.34375,2,geometry-fixedcompute-1m-lejepa-imagenet-50ksteps,1m,lejepa,imagenet,1.34375,,
37900,14,0.0001181807625591779,3,128,0.09993867576122284,0.04223603010177612,1.1953125,2,geometry-fixedcompute-1m-lejepa-imagenet-50ksteps,1m,lejepa,imagenet,1.1953125,,
38000,14,0.000116409592544468,3,128,0.1053299680352211,0.04585514962673187,1.234375,2,geometry-fixedcompute-1m-lejepa-imagenet-50ksteps,1m,lejepa,imagenet,1.234375,,
38100,14,0.00011464781591037102,3,128,0.1105838194489479,0.04958658665418625,1.2734375,2,geometry-fixedcompute-1m-lejepa-imagenet-50ksteps,1m,lejepa,imagenet,1.2734375,,
38200,14,0.00011289555630443703,3,128,0.11854751408100128,0.05694146826863289,1.2890625,2,geometry-fixedcompute-1m-lejepa-imagenet-50ksteps,1m,lejepa,imagenet,1.2890625,,
38300,14,0.00011115293670627819,3,128,0.1004386693239212,0.0489300973713398,1.078125,2,geometry-fixedcompute-1m-lejepa-imagenet-50ksteps,1m,lejepa,imagenet,1.078125,,
38400,14,0.00010942007941893789,3,128,0.10144951939582825,0.04562532156705856,1.1640625,2,geometry-fixedcompute-1m-lejepa-imagenet-50ksteps,1m,lejepa,imagenet,1.1640625,,
38500,14,0.00010769710606030696,3,128,0.10860667377710342,0.04853334277868271,1.25,2,geometry-fixedcompute-1m-lejepa-imagenet-50ksteps,1m,lejepa,imagenet,1.25,,
38600,14,0.0001059841375545878,3,128,0.09697474539279938,0.038859110325574875,1.203125,2,geometry-fixedcompute-1m-lejepa-imagenet-50ksteps,1m,lejepa,imagenet,1.203125,,
38700,14,0.000104281294123808,3,128,0.10621237009763718,0.043957099318504333,1.2890625,2,geometry-fixedcompute-1m-lejepa-imagenet-50ksteps,1m,lejepa,imagenet,1.2890625,,
38800,14,0.0001025886952793824,3,128,0.098780557513237,0.04641374200582504,1.09375,2,geometry-fixedcompute-1m-lejepa-imagenet-50ksteps,1m,lejepa,imagenet,1.09375,,
38900,14,0.0001009064598137258,3,128,0.10643085837364197,0.05112582445144653,1.15625,2,geometry-fixedcompute-1m-lejepa-imagenet-50ksteps,1m,lejepa,imagenet,1.15625,,
39000,14,9.923470579191513e-05,3,128,0.09504202008247375,0.03836660459637642,1.171875,2,geometry-fixedcompute-1m-lejepa-imagenet-50ksteps,1m,lejepa,imagenet,1.171875,,
39100,15,9.757355054340345e-05,3,128,0.09428651630878448,0.03474443778395653,1.2265625,2,geometry-fixedcompute-1m-lejepa-imagenet-50ksteps,1m,lejepa,imagenet,1.2265625,,
39200,15,9.592311065378547e-05,3,128,0.10314957052469254,0.044330962002277374,1.21875,2,geometry-fixedcompute-1m-lejepa-imagenet-50ksteps,1m,lejepa,imagenet,1.21875,,
39300,15,9.428350195661534e-05,3,128,0.10176371783018112,0.041844211518764496,1.2421875,2,geometry-fixedcompute-1m-lejepa-imagenet-50ksteps,1m,lejepa,imagenet,1.2421875,,
39400,15,9.26548395252766e-05,3,128,0.09984273463487625,0.043933965265750885,1.1640625,2,geometry-fixedcompute-1m-lejepa-imagenet-50ksteps,1m,lejepa,imagenet,1.1640625,,
39500,15,9.103723766490616e-05,3,128,0.11140088737010956,0.0576423816382885,1.1328125,2,geometry-fixedcompute-1m-lejepa-imagenet-50ksteps,1m,lejepa,imagenet,1.1328125,,
39600,15,8.943080990437218e-05,3,128,0.1064886599779129,0.04065007343888283,1.359375,2,geometry-fixedcompute-1m-lejepa-imagenet-50ksteps,1m,lejepa,imagenet,1.359375,,
39700,15,8.783566898830578e-05,3,128,0.10451024770736694,0.04113742709159851,1.3125,2,geometry-fixedcompute-1m-lejepa-imagenet-50ksteps,1m,lejepa,imagenet,1.3125,,
39800,15,8.625192686918863e-05,3,128,0.10710842162370682,0.048241183161735535,1.2265625,2,geometry-fixedcompute-1m-lejepa-imagenet-50ksteps,1m,lejepa,imagenet,1.2265625,,
39900,15,8.467969469949542e-05,3,128,0.10291421413421631,0.045368172228336334,1.1953125,2,geometry-fixedcompute-1m-lejepa-imagenet-50ksteps,1m,lejepa,imagenet,1.1953125,,
40000,15,8.311908282389323e-05,3,128,0.10542714595794678,0.04107462987303734,1.328125,2,geometry-fixedcompute-1m-lejepa-imagenet-50ksteps,1m,lejepa,imagenet,1.328125,,
40100,15,8.157020077149652e-05,3,128,0.0986570492386818,0.0421718955039978,1.171875,2,geometry-fixedcompute-1m-lejepa-imagenet-50ksteps,1m,lejepa,imagenet,1.171875,,
40200,15,8.00331572481809e-05,3,128,0.09688910841941833,0.035171106457710266,1.265625,2,geometry-fixedcompute-1m-lejepa-imagenet-50ksteps,1m,lejepa,imagenet,1.265625,,
40300,15,7.850806012895276e-05,3,128,0.10395443439483643,0.04440721869468689,1.234375,2,geometry-fixedcompute-1m-lejepa-imagenet-50ksteps,1m,lejepa,imagenet,1.234375,,
40400,15,7.699501645037899e-05,3,128,0.10534241795539856,0.04355533793568611,1.28125,2,geometry-fixedcompute-1m-lejepa-imagenet-50ksteps,1m,lejepa,imagenet,1.28125,,
40500,15,7.54941324030742e-05,3,128,0.0894080400466919,0.03577697277069092,1.109375,2,geometry-fixedcompute-1m-lejepa-imagenet-50ksteps,1m,lejepa,imagenet,1.109375,,
40600,15,7.400551332424869e-05,3,128,0.10844355821609497,0.04887561872601509,1.2421875,2,geometry-fixedcompute-1m-lejepa-imagenet-50ksteps,1m,lejepa,imagenet,1.2421875,,
40700,15,7.252926369031471e-05,3,128,0.1039946898818016,0.044449590146541595,1.234375,2,geometry-fixedcompute-1m-lejepa-imagenet-50ksteps,1m,lejepa,imagenet,1.234375,,
40800,15,7.106548710955427e-05,3,128,0.09705221652984619,0.040482595562934875,1.171875,2,geometry-fixedcompute-1m-lejepa-imagenet-50ksteps,1m,lejepa,imagenet,1.171875,,
40900,15,6.961428631484758e-05,3,128,0.10588562488555908,0.052607811987400055,1.1171875,2,geometry-fixedcompute-1m-lejepa-imagenet-50ksteps,1m,lejepa,imagenet,1.1171875,,
41000,15,6.817576315646321e-05,3,128,0.09892283380031586,0.03962477296590805,1.2265625,2,geometry-fixedcompute-1m-lejepa-imagenet-50ksteps,1m,lejepa,imagenet,1.2265625,,
41100,15,6.675001859490918e-05,3,128,0.11226165294647217,0.05572155863046646,1.1875,2,geometry-fixedcompute-1m-lejepa-imagenet-50ksteps,1m,lejepa,imagenet,1.1875,,
41200,15,6.533715269384758e-05,3,128,0.09958484768867493,0.04648939520120621,1.109375,2,geometry-fixedcompute-1m-lejepa-imagenet-50ksteps,1m,lejepa,imagenet,1.109375,,
41300,15,6.393726461307193e-05,3,128,0.09989985823631287,0.044251080602407455,1.15625,2,geometry-fixedcompute-1m-lejepa-imagenet-50ksteps,1m,lejepa,imagenet,1.15625,,
41400,15,6.255045260154781e-05,3,128,0.09124286472797394,0.03693738952279091,1.125,2,geometry-fixedcompute-1m-lejepa-imagenet-50ksteps,1m,lejepa,imagenet,1.125,,
41500,15,6.117681399051704e-05,3,128,0.1036698967218399,0.04950449988245964,1.1328125,2,geometry-fixedcompute-1m-lejepa-imagenet-50ksteps,1m,lejepa,imagenet,1.1328125,,
41600,15,5.98164451866666e-05,3,128,0.09397540986537933,0.04212666302919388,1.078125,2,geometry-fixedcompute-1m-lejepa-imagenet-50ksteps,1m,lejepa,imagenet,1.078125,,
41700,16,5.84694416653631e-05,3,128,0.09571794420480728,0.038307130336761475,1.1875,2,geometry-fixedcompute-1m-lejepa-imagenet-50ksteps,1m,lejepa,imagenet,1.1875,,
41800,16,5.713589796395131e-05,3,128,0.10170690715312958,0.050779059529304504,1.0703125,2,geometry-fixedcompute-1m-lejepa-imagenet-50ksteps,1m,lejepa,imagenet,1.0703125,,
41900,16,5.581590767511983e-05,3,128,0.09341055154800415,0.03947615996003151,1.1171875,2,geometry-fixedcompute-1m-lejepa-imagenet-50ksteps,1m,lejepa,imagenet,1.1171875,,
42000,16,5.450956344033184e-05,3,128,0.10829430818557739,0.049746476113796234,1.21875,2,geometry-fixedcompute-1m-lejepa-imagenet-50ksteps,1m,lejepa,imagenet,1.21875,,
42100,16,5.3216956943323445e-05,3,128,0.09308703243732452,0.0399065762758255,1.1015625,2,geometry-fixedcompute-1m-lejepa-imagenet-50ksteps,1m,lejepa,imagenet,1.1015625,,
42200,16,5.19381789036691e-05,3,128,0.09359995275735855,0.03556368499994278,1.1953125,2,geometry-fixedcompute-1m-lejepa-imagenet-50ksteps,1m,lejepa,imagenet,1.1953125,,
42300,16,5.0673319070414635e-05,3,128,0.09844735264778137,0.03989523649215698,1.2109375,2,geometry-fixedcompute-1m-lejepa-imagenet-50ksteps,1m,lejepa,imagenet,1.2109375,,
42400,16,4.942246621577805e-05,3,128,0.10782964527606964,0.05182725936174393,1.171875,2,geometry-fixedcompute-1m-lejepa-imagenet-50ksteps,1m,lejepa,imagenet,1.171875,,
42500,16,4.8185708128919435e-05,3,128,0.09462296217679977,0.03921043872833252,1.1484375,2,geometry-fixedcompute-1m-lejepa-imagenet-50ksteps,1m,lejepa,imagenet,1.1484375,,
42600,16,4.6963131609779435e-05,3,128,0.09457097947597504,0.037099793553352356,1.1875,2,geometry-fixedcompute-1m-lejepa-imagenet-50ksteps,1m,lejepa,imagenet,1.1875,,
42700,16,4.575482246298764e-05,3,128,0.10033310949802399,0.04033831134438515,1.2421875,2,geometry-fixedcompute-1m-lejepa-imagenet-50ksteps,1m,lejepa,imagenet,1.2421875,,
42800,16,4.456086549184025e-05,3,128,0.0987752228975296,0.045637160539627075,1.109375,2,geometry-fixedcompute-1m-lejepa-imagenet-50ksteps,1m,lejepa,imagenet,1.109375,,
42900,16,4.3381344492348286e-05,3,128,0.10077452659606934,0.040802955627441406,1.2421875,2,geometry-fixedcompute-1m-lejepa-imagenet-50ksteps,1m,lejepa,imagenet,1.2421875,,
43000,16,4.2216342247356707e-05,3,128,0.09851308166980743,0.037394531071186066,1.2578125,2,geometry-fixedcompute-1m-lejepa-imagenet-50ksteps,1m,lejepa,imagenet,1.2578125,,
43100,16,4.1065940520733994e-05,3,128,0.10179131478071213,0.04598510265350342,1.1640625,2,geometry-fixedcompute-1m-lejepa-imagenet-50ksteps,1m,lejepa,imagenet,1.1640625,,
43200,16,3.9930220051634445e-05,3,128,0.10342341661453247,0.0425633005797863,1.2578125,2,geometry-fixedcompute-1m-lejepa-imagenet-50ksteps,1m,lejepa,imagenet,1.2578125,,
43300,16,3.8809260548830795e-05,3,128,0.09655524790287018,0.04330034554004669,1.109375,2,geometry-fixedcompute-1m-lejepa-imagenet-50ksteps,1m,lejepa,imagenet,1.109375,,
43400,16,3.7703140685120476e-05,3,128,0.10695445537567139,0.04962105676531792,1.1953125,2,geometry-fixedcompute-1m-lejepa-imagenet-50ksteps,1m,lejepa,imagenet,1.1953125,,
43500,16,3.661193809180397e-05,3,128,0.08824624866247177,0.031984128057956696,1.15625,2,geometry-fixedcompute-1m-lejepa-imagenet-50ksteps,1m,lejepa,imagenet,1.15625,,
43600,16,3.5535729353236204e-05,3,128,0.09501589834690094,0.0419369675219059,1.1015625,2,geometry-fixedcompute-1m-lejepa-imagenet-50ksteps,1m,lejepa,imagenet,1.1015625,,
43700,16,3.4474590001452095e-05,3,128,0.09660841524600983,0.040015436708927155,1.171875,2,geometry-fixedcompute-1m-lejepa-imagenet-50ksteps,1m,lejepa,imagenet,1.171875,,
43800,16,3.3428594510864724e-05,3,128,0.1107172966003418,0.056151844561100006,1.1484375,2,geometry-fixedcompute-1m-lejepa-imagenet-50ksteps,1m,lejepa,imagenet,1.1484375,,
43900,16,3.239781629303911e-05,3,128,0.10633434355258942,0.04254355654120445,1.3203125,2,geometry-fixedcompute-1m-lejepa-imagenet-50ksteps,1m,lejepa,imagenet,1.3203125,,
44000,16,3.138232769153948e-05,3,128,0.10093066096305847,0.04867701232433319,1.09375,2,geometry-fixedcompute-1m-lejepa-imagenet-50ksteps,1m,lejepa,imagenet,1.09375,,
44100,16,3.038219997685242e-05,3,128,0.09620162844657898,0.042157143354415894,1.125,2,geometry-fixedcompute-1m-lejepa-imagenet-50ksteps,1m,lejepa,imagenet,1.125,,
44200,16,2.9397503341384265e-05,3,128,0.09238910675048828,0.035574063658714294,1.171875,2,geometry-fixedcompute-1m-lejepa-imagenet-50ksteps,1m,lejepa,imagenet,1.171875,,
44300,17,2.8428306894535338e-05,3,128,0.10676480829715729,0.04736550152301788,1.234375,2,geometry-fixedcompute-1m-lejepa-imagenet-50ksteps,1m,lejepa,imagenet,1.234375,,
44400,17,2.7474678657849148e-05,3,128,0.09655717015266418,0.03533567115664482,1.2578125,2,geometry-fixedcompute-1m-lejepa-imagenet-50ksteps,1m,lejepa,imagenet,1.2578125,,
44500,17,2.6536685560238913e-05,3,128,0.11150030791759491,0.052093256264925,1.2421875,2,geometry-fixedcompute-1m-lejepa-imagenet-50ksteps,1m,lejepa,imagenet,1.2421875,,
44600,17,2.5614393433289605e-05,3,128,0.11303795874118805,0.05473978817462921,1.21875,2,geometry-fixedcompute-1m-lejepa-imagenet-50ksteps,1m,lejepa,imagenet,1.21875,,
44700,17,2.4707867006638262e-05,3,128,0.09781599044799805,0.04000161588191986,1.1953125,2,geometry-fixedcompute-1m-lejepa-imagenet-50ksteps,1m,lejepa,imagenet,1.1953125,,
44800,17,2.3817169903430686e-05,3,128,0.10552658140659332,0.053000837564468384,1.1015625,2,geometry-fixedcompute-1m-lejepa-imagenet-50ksteps,1m,lejepa,imagenet,1.1015625,,
44900,17,2.2942364635856203e-05,3,128,0.10235878825187683,0.045297496020793915,1.1875,2,geometry-fixedcompute-1m-lejepa-imagenet-50ksteps,1m,lejepa,imagenet,1.1875,,
45000,17,2.2083512600760726e-05,3,128,0.09953132271766663,0.04257819801568985,1.1796875,2,geometry-fixedcompute-1m-lejepa-imagenet-50ksteps,1m,lejepa,imagenet,1.1796875,,
45100,17,2.124067407533687e-05,3,128,0.10242299735546112,0.034828487783670425,1.3828125,2,geometry-fixedcompute-1m-lejepa-imagenet-50ksteps,1m,lejepa,imagenet,1.3828125,,
45200,17,2.0413908212894406e-05,3,128,0.10683781653642654,0.04667138680815697,1.25,2,geometry-fixedcompute-1m-lejepa-imagenet-50ksteps,1m,lejepa,imagenet,1.25,,
45300,17,1.960327303870808e-05,3,128,0.1068483293056488,0.050280313938856125,1.1796875,2,geometry-fixedcompute-1m-lejepa-imagenet-50ksteps,1m,lejepa,imagenet,1.1796875,,
45400,17,1.8808825445945534e-05,3,128,0.10942631959915161,0.052223023027181625,1.1953125,2,geometry-fixedcompute-1m-lejepa-imagenet-50ksteps,1m,lejepa,imagenet,1.1953125,,
45500,17,1.8030621191674124e-05,3,128,0.10946590453386307,0.050208766013383865,1.234375,2,geometry-fixedcompute-1m-lejepa-imagenet-50ksteps,1m,lejepa,imagenet,1.234375,,
45600,17,1.7268714892947803e-05,3,128,0.09560526907444,0.043071333318948746,1.09375,2,geometry-fixedcompute-1m-lejepa-imagenet-50ksteps,1m,lejepa,imagenet,1.09375,,
45700,17,1.6523160022973805e-05,3,128,0.10282857716083527,0.0481049120426178,1.140625,2,geometry-fixedcompute-1m-lejepa-imagenet-50ksteps,1m,lejepa,imagenet,1.140625,,
45800,17,1.5794008907360016e-05,3,128,0.09501675516366959,0.03782602399587631,1.1796875,2,geometry-fixedcompute-1m-lejepa-imagenet-50ksteps,1m,lejepa,imagenet,1.1796875,,
45900,17,1.5081312720442118e-05,3,128,0.10704496502876282,0.049459341913461685,1.203125,2,geometry-fixedcompute-1m-lejepa-imagenet-50ksteps,1m,lejepa,imagenet,1.203125,,
46000,17,1.438512148169243e-05,3,128,0.11359434574842453,0.049157701432704926,1.3359375,2,geometry-fixedcompute-1m-lejepa-imagenet-50ksteps,1m,lejepa,imagenet,1.3359375,,
46100,17,1.3705484052209072e-05,3,128,0.08687654882669449,0.03182728588581085,1.1328125,2,geometry-fixedcompute-1m-lejepa-imagenet-50ksteps,1m,lejepa,imagenet,1.1328125,,
46200,17,1.3042448131286824e-05,3,128,0.1030065268278122,0.04263845458626747,1.25,2,geometry-fixedcompute-1m-lejepa-imagenet-50ksteps,1m,lejepa,imagenet,1.25,,
46300,17,1.239606025306954e-05,3,128,0.08649897575378418,0.03091585822403431,1.140625,2,geometry-fixedcompute-1m-lejepa-imagenet-50ksteps,1m,lejepa,imagenet,1.140625,,
46400,17,1.1766365783284007e-05,3,128,0.11034509539604187,0.04522345960140228,1.34375,2,geometry-fixedcompute-1m-lejepa-imagenet-50ksteps,1m,lejepa,imagenet,1.34375,,
46500,17,1.1153408916056172e-05,3,128,0.10046900808811188,0.04356524348258972,1.1796875,2,geometry-fixedcompute-1m-lejepa-imagenet-50ksteps,1m,lejepa,imagenet,1.1796875,,
46600,17,1.0557232670809407e-05,3,128,0.1062527447938919,0.04862542450428009,1.203125,2,geometry-fixedcompute-1m-lejepa-imagenet-50ksteps,1m,lejepa,imagenet,1.203125,,
46700,17,9.97787888924533e-06,3,128,0.09941428899765015,0.045795880258083344,1.1171875,2,geometry-fixedcompute-1m-lejepa-imagenet-50ksteps,1m,lejepa,imagenet,1.1171875,,
46800,17,9.415388232407037e-06,3,128,0.09909544885158539,0.04520326852798462,1.125,2,geometry-fixedcompute-1m-lejepa-imagenet-50ksteps,1m,lejepa,imagenet,1.125,,
46900,18,8.869800177825473e-06,3,128,0.09628226608037949,0.04121406376361847,1.140625,2,geometry-fixedcompute-1m-lejepa-imagenet-50ksteps,1m,lejepa,imagenet,1.140625,,
47000,18,8.341153016748756e-06,3,128,0.110471710562706,0.046384699642658234,1.328125,2,geometry-fixedcompute-1m-lejepa-imagenet-50ksteps,1m,lejepa,imagenet,1.328125,,
47100,18,7.829483851454853e-06,3,128,0.10536055266857147,0.0451163724064827,1.25,2,geometry-fixedcompute-1m-lejepa-imagenet-50ksteps,1m,lejepa,imagenet,1.25,,
47200,18,7.334828592647484e-06,3,128,0.10203281044960022,0.05060814321041107,1.078125,2,geometry-fixedcompute-1m-lejepa-imagenet-50ksteps,1m,lejepa,imagenet,1.078125,,
47300,18,6.857221956935838e-06,3,128,0.09043367952108383,0.036085616797208786,1.125,2,geometry-fixedcompute-1m-lejepa-imagenet-50ksteps,1m,lejepa,imagenet,1.125,,
47400,18,6.396697464398013e-06,3,128,0.09387021511793137,0.03996001183986664,1.1171875,2,geometry-fixedcompute-1m-lejepa-imagenet-50ksteps,1m,lejepa,imagenet,1.1171875,,
47500,18,5.953287436228477e-06,3,128,0.10573873668909073,0.04397251829504967,1.28125,2,geometry-fixedcompute-1m-lejepa-imagenet-50ksteps,1m,lejepa,imagenet,1.28125,,
47600,18,5.527022992469717e-06,3,128,0.10141614824533463,0.03633854538202286,1.3359375,2,geometry-fixedcompute-1m-lejepa-imagenet-50ksteps,1m,lejepa,imagenet,1.3359375,,
47700,18,5.117934049828051e-06,3,128,0.10115809738636017,0.045575544238090515,1.15625,2,geometry-fixedcompute-1m-lejepa-imagenet-50ksteps,1m,lejepa,imagenet,1.15625,,
47800,18,4.726049319573937e-06,3,128,0.09400183707475662,0.033159829676151276,1.25,2,geometry-fixedcompute-1m-lejepa-imagenet-50ksteps,1m,lejepa,imagenet,1.25,,
47900,18,4.351396305527036e-06,3,128,0.09867796301841736,0.04347885772585869,1.1484375,2,geometry-fixedcompute-1m-lejepa-imagenet-50ksteps,1m,lejepa,imagenet,1.1484375,,
48000,18,3.9940013021258395e-06,3,128,0.10731634497642517,0.047175101935863495,1.25,2,geometry-fixedcompute-1m-lejepa-imagenet-50ksteps,1m,lejepa,imagenet,1.25,,
48100,18,3.6538893925822097e-06,3,128,0.09198954701423645,0.03515347093343735,1.171875,2,geometry-fixedcompute-1m-lejepa-imagenet-50ksteps,1m,lejepa,imagenet,1.171875,,
48200,18,3.3310844471209523e-06,3,128,0.09168584644794464,0.03534776717424393,1.1640625,2,geometry-fixedcompute-1m-lejepa-imagenet-50ksteps,1m,lejepa,imagenet,1.1640625,,
48300,18,3.0256091213045416e-06,3,128,0.09750856459140778,0.04147694259881973,1.1640625,2,geometry-fixedcompute-1m-lejepa-imagenet-50ksteps,1m,lejepa,imagenet,1.1640625,,
48400,18,2.737484854443172e-06,3,128,0.1020757406949997,0.04577052220702171,1.171875,2,geometry-fixedcompute-1m-lejepa-imagenet-50ksteps,1m,lejepa,imagenet,1.171875,,
48500,18,2.4667318680899045e-06,3,128,0.08958304673433304,0.0341622531414032,1.140625,2,geometry-fixedcompute-1m-lejepa-imagenet-50ksteps,1m,lejepa,imagenet,1.140625,,
48600,18,2.2133691646215212e-06,3,128,0.10314016044139862,0.04483503848314285,1.2109375,2,geometry-fixedcompute-1m-lejepa-imagenet-50ksteps,1m,lejepa,imagenet,1.2109375,,
48700,18,1.9774145259048734e-06,3,128,0.11833754181861877,0.05929034203290939,1.2421875,2,geometry-fixedcompute-1m-lejepa-imagenet-50ksteps,1m,lejepa,imagenet,1.2421875,,
48800,18,1.758884512048903e-06,3,128,0.10894414782524109,0.04888857156038284,1.25,2,geometry-fixedcompute-1m-lejepa-imagenet-50ksteps,1m,lejepa,imagenet,1.25,,
48900,18,1.5577944602424216e-06,3,128,0.09794145822525024,0.041932616382837296,1.1640625,2,geometry-fixedcompute-1m-lejepa-imagenet-50ksteps,1m,lejepa,imagenet,1.1640625,,
49000,18,1.3741584836776117e-06,3,128,0.10677821934223175,0.04789360240101814,1.2265625,2,geometry-fixedcompute-1m-lejepa-imagenet-50ksteps,1m,lejepa,imagenet,1.2265625,,
49100,18,1.2079894705595786e-06,3,128,0.09788641333580017,0.046757496893405914,1.0703125,2,geometry-fixedcompute-1m-lejepa-imagenet-50ksteps,1m,lejepa,imagenet,1.0703125,,
49200,18,1.0592990832017577e-06,3,128,0.0972507894039154,0.038121722638607025,1.21875,2,geometry-fixedcompute-1m-lejepa-imagenet-50ksteps,1m,lejepa,imagenet,1.21875,,
49300,18,9.280977572075126e-07,3,128,0.10083536803722382,0.04446485638618469,1.171875,2,geometry-fixedcompute-1m-lejepa-imagenet-50ksteps,1m,lejepa,imagenet,1.171875,,
49400,18,8.143947007376327e-07,3,128,0.09943988174200058,0.04376690089702606,1.15625,2,geometry-fixedcompute-1m-lejepa-imagenet-50ksteps,1m,lejepa,imagenet,1.15625,,
49500,19,7.181978938641054e-07,3,128,0.11251083761453629,0.058810751885175705,1.1328125,2,geometry-fixedcompute-1m-lejepa-imagenet-50ksteps,1m,lejepa,imagenet,1.1328125,,
49600,19,6.395140880100399e-07,3,128,0.10114291310310364,0.048386454582214355,1.1015625,2,geometry-fixedcompute-1m-lejepa-imagenet-50ksteps,1m,lejepa,imagenet,1.1015625,,
49700,19,5.783488054758322e-07,3,128,0.10588258504867554,0.048235781490802765,1.203125,2,geometry-fixedcompute-1m-lejepa-imagenet-50ksteps,1m,lejepa,imagenet,1.203125,,
49800,19,5.347063390516083e-07,3,128,0.09777288883924484,0.04535304009914398,1.09375,2,geometry-fixedcompute-1m-lejepa-imagenet-50ksteps,1m,lejepa,imagenet,1.09375,,
49900,19,5.085897517159643e-07,3,128,0.09957534074783325,0.03954065591096878,1.2421875,2,geometry-fixedcompute-1m-lejepa-imagenet-50ksteps,1m,lejepa,imagenet,1.2421875,,
0,0,5.0396e-06,1,384,0.4604499042034149,0.4846188426017761,,2,geometry-fixedcompute-1m-bhep-random-50ksteps,1m,bhep,random,0.0012401762651279569,,0.0012401762651279569
100,0,8.999599999999996e-06,1,384,0.4232826232910156,0.44543081521987915,,2,geometry-fixedcompute-1m-bhep-random-50ksteps,1m,bhep,random,0.0024671610444784164,,0.0024671610444784164
200,0,1.295959999999996e-05,1,384,0.320115327835083,0.33673784136772156,,2,geometry-fixedcompute-1m-bhep-random-50ksteps,1m,bhep,random,0.004287379328161478,,0.004287379328161478
300,0,1.691959999999993e-05,1,384,0.2917591631412506,0.3067810535430908,,2,geometry-fixedcompute-1m-bhep-random-50ksteps,1m,bhep,random,0.00634302943944931,,0.00634302943944931
400,0,2.0879599999999897e-05,1,384,0.25296396017074585,0.2650337517261505,,2,geometry-fixedcompute-1m-bhep-random-50ksteps,1m,bhep,random,0.023638103157281876,,0.023638103157281876
500,0,2.483959999999992e-05,1,384,0.30416107177734375,0.31903883814811707,,2,geometry-fixedcompute-1m-bhep-random-50ksteps,1m,bhep,random,0.021483372896909714,,0.021483372896909714
600,0,2.879959999999994e-05,1,384,0.23660382628440857,0.24681434035301208,,2,geometry-fixedcompute-1m-bhep-random-50ksteps,1m,bhep,random,0.04260408505797386,,0.04260408505797386
700,0,3.275959999999989e-05,1,384,0.20465198159217834,0.21298909187316895,,2,geometry-fixedcompute-1m-bhep-random-50ksteps,1m,bhep,random,0.046246834099292755,,0.046246834099292755
800,0,3.671959999999993e-05,1,384,0.2177215814590454,0.22685997188091278,,2,geometry-fixedcompute-1m-bhep-random-50ksteps,1m,bhep,random,0.044092267751693726,,0.044092267751693726
900,0,4.0679599999999955e-05,1,384,0.2257412225008011,0.23549437522888184,,2,geometry-fixedcompute-1m-bhep-random-50ksteps,1m,bhep,random,0.04043125733733177,,0.04043125733733177
1000,0,4.463959999999999e-05,1,384,0.23287831246852875,0.24238476157188416,,2,geometry-fixedcompute-1m-bhep-random-50ksteps,1m,bhep,random,0.05225573480129242,,0.05225573480129242
1100,0,4.859960000000004e-05,1,384,0.19009067118167877,0.1977468729019165,,2,geometry-fixedcompute-1m-bhep-random-50ksteps,1m,bhep,random,0.04462292417883873,,0.04462292417883873
1200,0,5.25596000000001e-05,1,384,0.16375620663166046,0.16975530982017517,,2,geometry-fixedcompute-1m-bhep-random-50ksteps,1m,bhep,random,0.049773115664720535,,0.049773115664720535
1300,0,5.651960000000012e-05,1,384,0.1694316565990448,0.17563176155090332,,2,geometry-fixedcompute-1m-bhep-random-50ksteps,1m,bhep,random,0.05162990093231201,,0.05162990093231201
1400,0,6.047960000000012e-05,1,384,0.21185524761676788,0.22043296694755554,,2,geometry-fixedcompute-1m-bhep-random-50ksteps,1m,bhep,random,0.04887835308909416,,0.04887835308909416
1500,0,6.443960000000015e-05,1,384,0.16383588314056396,0.1694580763578415,,2,geometry-fixedcompute-1m-bhep-random-50ksteps,1m,bhep,random,0.0570141077041626,,0.0570141077041626
1600,0,6.839960000000024e-05,1,384,0.16523516178131104,0.17159372568130493,,2,geometry-fixedcompute-1m-bhep-random-50ksteps,1m,bhep,random,0.04442237690091133,,0.04442237690091133
1700,0,7.23596000000003e-05,1,384,0.1532232165336609,0.15889552235603333,,2,geometry-fixedcompute-1m-bhep-random-50ksteps,1m,bhep,random,0.04544951021671295,,0.04544951021671295
1800,0,7.63196000000003e-05,1,384,0.1761147379875183,0.18305444717407227,,2,geometry-fixedcompute-1m-bhep-random-50ksteps,1m,bhep,random,0.044260431081056595,,0.044260431081056595
1900,0,8.02796000000004e-05,1,384,0.1731138974428177,0.1795443296432495,,2,geometry-fixedcompute-1m-bhep-random-50ksteps,1m,bhep,random,0.050935618579387665,,0.050935618579387665
2000,0,8.423960000000036e-05,1,384,0.13956160843372345,0.1439858376979828,,2,geometry-fixedcompute-1m-bhep-random-50ksteps,1m,bhep,random,0.05550110340118408,,0.05550110340118408
2100,0,8.819960000000019e-05,1,384,0.12412354350090027,0.12830767035484314,,2,geometry-fixedcompute-1m-bhep-random-50ksteps,1m,bhep,random,0.044625069946050644,,0.044625069946050644
2200,0,9.215960000000019e-05,1,384,0.12144172936677933,0.12541769444942474,,2,geometry-fixedcompute-1m-bhep-random-50ksteps,1m,bhep,random,0.04589837044477463,,0.04589837044477463
2300,0,9.611960000000014e-05,1,384,0.12766030430793762,0.13175161182880402,,2,geometry-fixedcompute-1m-bhep-random-50ksteps,1m,bhep,random,0.0499255396425724,,0.0499255396425724
2400,0,0.00010007960000000004,1,384,0.12587518990039825,0.13030210137367249,,2,geometry-fixedcompute-1m-bhep-random-50ksteps,1m,bhep,random,0.04176392778754234,,0.04176392778754234
2500,0,0.0001040396,1,384,0.12384787201881409,0.1281694769859314,,2,geometry-fixedcompute-1m-bhep-random-50ksteps,1m,bhep,random,0.04173747077584267,,0.04173747077584267
2600,0,0.0001079995999999999,1,384,0.13786908984184265,0.14292091131210327,,2,geometry-fixedcompute-1m-bhep-random-50ksteps,1m,bhep,random,0.04188445582985878,,0.04188445582985878
2700,1,0.0001119595999999997,1,384,0.11855002492666245,0.122639000415802,,2,geometry-fixedcompute-1m-bhep-random-50ksteps,1m,bhep,random,0.04085962846875191,,0.04085962846875191
2800,1,0.00011591959999999953,1,384,0.10421775281429291,0.10713076591491699,,2,geometry-fixedcompute-1m-bhep-random-50ksteps,1m,bhep,random,0.04887056723237038,,0.04887056723237038
2900,1,0.00011987959999999937,1,384,0.08912676572799683,0.09162338078022003,,2,geometry-fixedcompute-1m-bhep-random-50ksteps,1m,bhep,random,0.04169106483459473,,0.04169106483459473
3000,1,0.00012383959999999963,1,384,0.11152657121419907,0.11532359570264816,,2,geometry-fixedcompute-1m-bhep-random-50ksteps,1m,bhep,random,0.0393831804394722,,0.0393831804394722
3100,1,0.00012779959999999966,1,384,0.11025436967611313,0.11365541070699692,,2,geometry-fixedcompute-1m-bhep-random-50ksteps,1m,bhep,random,0.04563472792506218,,0.04563472792506218
3200,1,0.0001317595999999997,1,384,0.07865583151578903,0.08007879555225372,,2,geometry-fixedcompute-1m-bhep-random-50ksteps,1m,bhep,random,0.05161949619650841,,0.05161949619650841
3300,1,0.00013571959999999936,1,384,0.08555964380502701,0.08764709532260895,,2,geometry-fixedcompute-1m-bhep-random-50ksteps,1m,bhep,random,0.04589809104800224,,0.04589809104800224
3400,1,0.00013967959999999918,1,384,0.08743123710155487,0.0895993560552597,,2,geometry-fixedcompute-1m-bhep-random-50ksteps,1m,bhep,random,0.04623699560761452,,0.04623699560761452
3500,1,0.0001436395999999989,1,384,0.09477066993713379,0.09751173853874207,,2,geometry-fixedcompute-1m-bhep-random-50ksteps,1m,bhep,random,0.04269036278128624,,0.04269036278128624
3600,1,0.00014759959999999874,1,384,0.0646904930472374,0.06552612781524658,,2,geometry-fixedcompute-1m-bhep-random-50ksteps,1m,bhep,random,0.04881347343325615,,0.04881347343325615
3700,1,0.0001515595999999985,1,384,0.07306373119354248,0.074386365711689,,2,geometry-fixedcompute-1m-bhep-random-50ksteps,1m,bhep,random,0.04793373495340347,,0.04793373495340347
3800,1,0.00015551959999999835,1,384,0.06496359407901764,0.06597986817359924,,2,geometry-fixedcompute-1m-bhep-random-50ksteps,1m,bhep,random,0.04565443471074104,,0.04565443471074104
3900,1,0.00015947959999999822,1,384,0.07485301792621613,0.07685953378677368,,2,geometry-fixedcompute-1m-bhep-random-50ksteps,1m,bhep,random,0.03672920539975166,,0.03672920539975166
4000,1,0.00016343959999999774,1,384,0.0633268803358078,0.06440635770559311,,2,geometry-fixedcompute-1m-bhep-random-50ksteps,1m,bhep,random,0.04281683638691902,,0.04281683638691902
4100,1,0.00016739959999999743,1,384,0.06758258491754532,0.06894180178642273,,2,geometry-fixedcompute-1m-bhep-random-50ksteps,1m,bhep,random,0.041757505387067795,,0.041757505387067795
4200,1,0.00017135959999999722,1,384,0.057457659393548965,0.058466099202632904,,2,geometry-fixedcompute-1m-bhep-random-50ksteps,1m,bhep,random,0.038297299295663834,,0.038297299295663834
4300,1,0.00017531959999999682,1,384,0.06462197005748749,0.06586898118257523,,2,geometry-fixedcompute-1m-bhep-random-50ksteps,1m,bhep,random,0.040928781032562256,,0.040928781032562256
4400,1,0.00017927959999999667,1,384,0.06436849385499954,0.0657082051038742,,2,geometry-fixedcompute-1m-bhep-random-50ksteps,1m,bhep,random,0.03891395404934883,,0.03891395404934883
4500,1,0.00018323959999999654,1,384,0.05613088607788086,0.05699749290943146,,2,geometry-fixedcompute-1m-bhep-random-50ksteps,1m,bhep,random,0.039665382355451584,,0.039665382355451584
4600,1,0.00018719959999999628,1,384,0.048638828098773956,0.048910196870565414,,2,geometry-fixedcompute-1m-bhep-random-50ksteps,1m,bhep,random,0.043482888489961624,,0.043482888489961624
4700,1,0.0001911595999999961,1,384,0.05104249715805054,0.05138714239001274,,2,geometry-fixedcompute-1m-bhep-random-50ksteps,1m,bhep,random,0.04449428990483284,,0.04449428990483284
4800,1,0.00019511959999999579,1,384,0.04517330974340439,0.04570719599723816,,2,geometry-fixedcompute-1m-bhep-random-50ksteps,1m,bhep,random,0.035029489547014236,,0.035029489547014236
4900,1,0.0001990795999999954,1,384,0.04889857396483421,0.04912915080785751,,2,geometry-fixedcompute-1m-bhep-random-50ksteps,1m,bhep,random,0.044517625123262405,,0.044517625123262405
5000,1,0.00020303959999999526,1,384,0.04387429356575012,0.04426167532801628,,2,geometry-fixedcompute-1m-bhep-random-50ksteps,1m,bhep,random,0.036514002829790115,,0.036514002829790115
5100,1,0.00020699959999999503,1,384,0.036917638033628464,0.03679059073328972,,2,geometry-fixedcompute-1m-bhep-random-50ksteps,1m,bhep,random,0.03933155909180641,,0.03933155909180641
5200,1,0.00021095959999999455,1,384,0.03576308861374855,0.03568599745631218,,2,geometry-fixedcompute-1m-bhep-random-50ksteps,1m,bhep,random,0.037227828055620193,,0.037227828055620193
5300,2,0.00021491959999999426,1,384,0.034897156059741974,0.03474464267492294,,2,geometry-fixedcompute-1m-bhep-random-50ksteps,1m,bhep,random,0.037794921547174454,,0.037794921547174454
5400,2,0.00021887959999999408,1,384,0.030213117599487305,0.029802750796079636,,2,geometry-fixedcompute-1m-bhep-random-50ksteps,1m,bhep,random,0.03801010921597481,,0.03801010921597481
5500,2,0.0002228395999999941,1,384,0.030787693336606026,0.030341919511556625,,2,geometry-fixedcompute-1m-bhep-random-50ksteps,1m,bhep,random,0.03925740718841553,,0.03925740718841553
5600,2,0.0002267995999999939,1,384,0.03485582023859024,0.0344470851123333,,2,geometry-fixedcompute-1m-bhep-random-50ksteps,1m,bhep,random,0.04262176901102066,,0.04262176901102066
5700,2,0.00023075959999999354,1,384,0.02797832526266575,0.02755444124341011,,2,geometry-fixedcompute-1m-bhep-random-50ksteps,1m,bhep,random,0.03603212162852287,,0.03603212162852287
5800,2,0.00023471959999999328,1,384,0.028095167130231857,0.027640260756015778,,2,geometry-fixedcompute-1m-bhep-random-50ksteps,1m,bhep,random,0.03673839569091797,,0.03673839569091797
5900,2,0.00023867959999999288,1,384,0.0221896693110466,0.021205127239227295,,2,geometry-fixedcompute-1m-bhep-random-50ksteps,1m,bhep,random,0.040895964950323105,,0.040895964950323105
6000,2,0.00024263959999999268,1,384,0.02710779197514057,0.026580944657325745,,2,geometry-fixedcompute-1m-bhep-random-50ksteps,1m,bhep,random,0.037117891013622284,,0.037117891013622284
6100,2,0.0002465995999999924,1,384,0.021072600036859512,0.020195594057440758,,2,geometry-fixedcompute-1m-bhep-random-50ksteps,1m,bhep,random,0.03773568943142891,,0.03773568943142891
6200,2,0.00025055959999999237,1,384,0.02451486513018608,0.02372356317937374,,2,geometry-fixedcompute-1m-bhep-random-50ksteps,1m,bhep,random,0.03954961150884628,,0.03954961150884628
6300,2,0.00025451959999999216,1,384,0.019077839329838753,0.01815960183739662,,2,geometry-fixedcompute-1m-bhep-random-50ksteps,1m,bhep,random,0.03652435541152954,,0.03652435541152954
6400,2,0.0002584795999999917,1,384,0.01744353398680687,0.016402842476963997,,2,geometry-fixedcompute-1m-bhep-random-50ksteps,1m,bhep,random,0.0372166633605957,,0.0372166633605957
6500,2,0.00026243959999999164,1,384,0.01979202590882778,0.018744945526123047,,2,geometry-fixedcompute-1m-bhep-random-50ksteps,1m,bhep,random,0.03968656808137894,,0.03968656808137894
6600,2,0.0002663995999999912,1,384,0.014174161478877068,0.012824589386582375,,2,geometry-fixedcompute-1m-bhep-random-50ksteps,1m,bhep,random,0.03981604054570198,,0.03981604054570198
6700,2,0.00027035959999999106,1,384,0.014780708588659763,0.013676149770617485,,2,geometry-fixedcompute-1m-bhep-random-50ksteps,1m,bhep,random,0.035767339169979095,,0.035767339169979095
6800,2,0.0002743195999999908,1,384,0.014744835905730724,0.01368183083832264,,2,geometry-fixedcompute-1m-bhep-random-50ksteps,1m,bhep,random,0.03494194149971008,,0.03494194149971008
6900,2,0.0002782795999999907,1,384,0.014002841897308826,0.012847568839788437,,2,geometry-fixedcompute-1m-bhep-random-50ksteps,1m,bhep,random,0.03595304489135742,,0.03595304489135742
7000,2,0.00028223959999999033,1,384,0.011875580064952374,0.010623706504702568,,2,geometry-fixedcompute-1m-bhep-random-50ksteps,1m,bhep,random,0.03566118702292442,,0.03566118702292442
7100,2,0.0002861995999999898,1,384,0.01314926240593195,0.011904287151992321,,2,geometry-fixedcompute-1m-bhep-random-50ksteps,1m,bhep,random,0.036803796887397766,,0.036803796887397766
7200,2,0.00029015959999998954,1,384,0.011481478810310364,0.01024105679243803,,2,geometry-fixedcompute-1m-bhep-random-50ksteps,1m,bhep,random,0.035049498081207275,,0.035049498081207275
7300,2,0.0002941195999999894,1,384,0.011669576168060303,0.010293928906321526,,2,geometry-fixedcompute-1m-bhep-random-50ksteps,1m,bhep,random,0.03780687600374222,,0.03780687600374222
7400,2,0.00029807959999998874,1,384,0.008945713751018047,0.0075482516549527645,,2,geometry-fixedcompute-1m-bhep-random-50ksteps,1m,bhep,random,0.03549749404191971,,0.03549749404191971
7500,2,0.00030203959999998816,1,384,0.009007166139781475,0.007572815753519535,,2,geometry-fixedcompute-1m-bhep-random-50ksteps,1m,bhep,random,0.03625982254743576,,0.03625982254743576
7600,2,0.00030599959999998757,1,384,0.008481115102767944,0.007035552524030209,,2,geometry-fixedcompute-1m-bhep-random-50ksteps,1m,bhep,random,0.0359468050301075,,0.0359468050301075
7700,2,0.0003099595999999868,1,384,0.00820354837924242,0.0067886896431446075,,2,geometry-fixedcompute-1m-bhep-random-50ksteps,1m,bhep,random,0.03508586436510086,,0.03508586436510086
7800,2,0.0003139195999999862,1,384,0.008101796731352806,0.0066060773096978664,,2,geometry-fixedcompute-1m-bhep-random-50ksteps,1m,bhep,random,0.03652046248316765,,0.03652046248316765
7900,3,0.0003178795999999855,1,384,0.007221209816634655,0.005616530776023865,,2,geometry-fixedcompute-1m-bhep-random-50ksteps,1m,bhep,random,0.03771011903882027,,0.03771011903882027
8000,3,0.000321839599999985,1,384,0.006633354816585779,0.004978232551366091,,2,geometry-fixedcompute-1m-bhep-random-50ksteps,1m,bhep,random,0.03808067739009857,,0.03808067739009857
8100,3,0.0003257995999999847,1,384,0.00652636494487524,0.004900340922176838,,2,geometry-fixedcompute-1m-bhep-random-50ksteps,1m,bhep,random,0.03742082417011261,,0.03742082417011261
8200,3,0.00032975959999998416,1,384,0.0071968454867601395,0.005537861492484808,,2,geometry-fixedcompute-1m-bhep-random-50ksteps,1m,bhep,random,0.038717541843652725,,0.038717541843652725
8300,3,0.0003337195999999837,1,384,0.006659222301095724,0.004933695308864117,,2,geometry-fixedcompute-1m-bhep-random-50ksteps,1m,bhep,random,0.03944423794746399,,0.03944423794746399
8400,3,0.0003376795999999835,1,384,0.006511230021715164,0.004734044428914785,,2,geometry-fixedcompute-1m-bhep-random-50ksteps,1m,bhep,random,0.04027776047587395,,0.04027776047587395
8500,3,0.0003416395999999833,1,384,0.00620979443192482,0.004388459958136082,,2,geometry-fixedcompute-1m-bhep-random-50ksteps,1m,bhep,random,0.04081515222787857,,0.04081515222787857
8600,3,0.00034559959999998306,1,384,0.006214095279574394,0.004411180969327688,,2,geometry-fixedcompute-1m-bhep-random-50ksteps,1m,bhep,random,0.0404694639146328,,0.0404694639146328
8700,3,0.00034955959999998263,1,384,0.006642812862992287,0.004882442764937878,,2,geometry-fixedcompute-1m-bhep-random-50ksteps,1m,bhep,random,0.040089841932058334,,0.040089841932058334
8800,3,0.0003535195999999821,1,384,0.006219623610377312,0.004455871880054474,,2,geometry-fixedcompute-1m-bhep-random-50ksteps,1m,bhep,random,0.03973091393709183,,0.03973091393709183
8900,3,0.00035747959999998184,1,384,0.006149291060864925,0.004413514863699675,,2,geometry-fixedcompute-1m-bhep-random-50ksteps,1m,bhep,random,0.039129044860601425,,0.039129044860601425
9000,3,0.00036143959999998163,1,384,0.006260748021304607,0.0045452844351530075,,2,geometry-fixedcompute-1m-bhep-random-50ksteps,1m,bhep,random,0.038854558020830154,,0.038854558020830154
9100,3,0.0003653995999999812,1,384,0.0058590322732925415,0.004146451596170664,,2,geometry-fixedcompute-1m-bhep-random-50ksteps,1m,bhep,random,0.03839806094765663,,0.03839806094765663
9200,3,0.0003693595999999805,1,384,0.005884542595595121,0.004202376585453749,,2,geometry-fixedcompute-1m-bhep-random-50ksteps,1m,bhep,random,0.03784570097923279,,0.03784570097923279
9300,3,0.00037331959999997933,1,384,0.006119380705058575,0.00444413349032402,,2,geometry-fixedcompute-1m-bhep-random-50ksteps,1m,bhep,random,0.037949077785015106,,0.037949077785015106
9400,3,0.0003772795999999783,1,384,0.006026194430887699,0.004357265308499336,,2,geometry-fixedcompute-1m-bhep-random-50ksteps,1m,bhep,random,0.03773585334420204,,0.03773585334420204
9500,3,0.0003812395999999781,1,384,0.005574922077357769,0.0038922252133488655,,2,geometry-fixedcompute-1m-bhep-random-50ksteps,1m,bhep,random,0.03754616528749466,,0.03754616528749466
9600,3,0.00038519959999997806,1,384,0.005255366675555706,0.00361903989687562,,2,geometry-fixedcompute-1m-bhep-random-50ksteps,1m,bhep,random,0.036345578730106354,,0.036345578730106354
9700,3,0.00038915959999997747,1,384,0.005468398332595825,0.0038740942254662514,,2,geometry-fixedcompute-1m-bhep-random-50ksteps,1m,bhep,random,0.03576017916202545,,0.03576017916202545
9800,3,0.0003931195999999769,1,384,0.00568176107481122,0.004122493788599968,,2,geometry-fixedcompute-1m-bhep-random-50ksteps,1m,bhep,random,0.03530784323811531,,0.03530784323811531
9900,3,0.000397079599999977,1,384,0.005485111381858587,0.0039235795848071575,,2,geometry-fixedcompute-1m-bhep-random-50ksteps,1m,bhep,random,0.03515421599149704,,0.03515421599149704
10000,3,0.00040103959999997647,1,384,0.005507137626409531,0.003949151374399662,,2,geometry-fixedcompute-1m-bhep-random-50ksteps,1m,bhep,random,0.03510887548327446,,0.03510887548327446
10100,3,0.00040499959999997626,1,384,0.005513402633368969,0.004013188183307648,,2,geometry-fixedcompute-1m-bhep-random-50ksteps,1m,bhep,random,0.03401748090982437,,0.03401748090982437
10200,3,0.00040895959999997584,1,384,0.005306600593030453,0.0037847813218832016,,2,geometry-fixedcompute-1m-bhep-random-50ksteps,1m,bhep,random,0.034221164882183075,,0.034221164882183075
10300,3,0.0004129195999999751,1,384,0.005525223910808563,0.004020904656499624,,2,geometry-fixedcompute-1m-bhep-random-50ksteps,1m,bhep,random,0.03410729393362999,,0.03410729393362999
10400,3,0.0004168795999999747,1,384,0.0052707381546497345,0.0037680319510400295,,2,geometry-fixedcompute-1m-bhep-random-50ksteps,1m,bhep,random,0.03382215276360512,,0.03382215276360512
10500,4,0.00042083959999997456,1,384,0.005269777495414019,0.0038043372333049774,,2,geometry-fixedcompute-1m-bhep-random-50ksteps,1m,bhep,random,0.03311314061284065,,0.03311314061284065
10600,4,0.000424799599999974,1,384,0.005388304591178894,0.003965963609516621,,2,geometry-fixedcompute-1m-bhep-random-50ksteps,1m,bhep,random,0.03241278603672981,,0.03241278603672981
10700,4,0.00042875959999997404,1,384,0.004847672767937183,0.0033634938299655914,,2,geometry-fixedcompute-1m-bhep-random-50ksteps,1m,bhep,random,0.03304706886410713,,0.03304706886410713
10800,4,0.0004327195999999736,1,384,0.005019061267375946,0.0036336153279989958,,2,geometry-fixedcompute-1m-bhep-random-50ksteps,1m,bhep,random,0.031342532485723495,,0.031342532485723495
10900,4,0.00043667959999997254,1,384,0.005278715863823891,0.003886156715452671,,2,geometry-fixedcompute-1m-bhep-random-50ksteps,1m,bhep,random,0.03173734247684479,,0.03173734247684479
11000,4,0.0004406395999999721,1,384,0.005040832795202732,0.003640907583758235,,2,geometry-fixedcompute-1m-bhep-random-50ksteps,1m,bhep,random,0.03163941577076912,,0.03163941577076912
11100,4,0.00044459959999997186,1,384,0.004798527806997299,0.0034213445615023375,,2,geometry-fixedcompute-1m-bhep-random-50ksteps,1m,bhep,random,0.030965009704232216,,0.030965009704232216
11200,4,0.00044855959999997176,1,384,0.0051011997275054455,0.003725640941411257,,2,geometry-fixedcompute-1m-bhep-random-50ksteps,1m,bhep,random,0.031236818060278893,,0.031236818060278893
11300,4,0.000452519599999972,1,384,0.004927744157612324,0.0035351987462490797,,2,geometry-fixedcompute-1m-bhep-random-50ksteps,1m,bhep,random,0.031386103481054306,,0.031386103481054306
11400,4,0.0004564795999999721,1,384,0.005025251768529415,0.0036961999721825123,,2,geometry-fixedcompute-1m-bhep-random-50ksteps,1m,bhep,random,0.03027723915874958,,0.03027723915874958
11500,4,0.000460439599999972,1,384,0.00461167236790061,0.003276948817074299,,2,geometry-fixedcompute-1m-bhep-random-50ksteps,1m,bhep,random,0.029971424490213394,,0.029971424490213394
11600,4,0.00046439959999997174,1,384,0.0050758132711052895,0.003728490322828293,,2,geometry-fixedcompute-1m-bhep-random-50ksteps,1m,bhep,random,0.030674951151013374,,0.030674951151013374
11700,4,0.00046835959999997126,1,384,0.004960021935403347,0.0036577265709638596,,2,geometry-fixedcompute-1m-bhep-random-50ksteps,1m,bhep,random,0.02970363013446331,,0.02970363013446331
11800,4,0.0004723195999999719,1,384,0.0051377261988818645,0.003849831409752369,,2,geometry-fixedcompute-1m-bhep-random-50ksteps,1m,bhep,random,0.029607726261019707,,0.029607726261019707
11900,4,0.0004762795999999715,1,384,0.004723800346255302,0.003420846536755562,,2,geometry-fixedcompute-1m-bhep-random-50ksteps,1m,bhep,random,0.029479920864105225,,0.029479920864105225
12000,4,0.0004802395999999717,1,384,0.004867252893745899,0.0035680560395121574,,2,geometry-fixedcompute-1m-bhep-random-50ksteps,1m,bhep,random,0.02955198660492897,,0.02955198660492897
12100,4,0.00048419959999997125,1,384,0.004761239513754845,0.0034785796888172626,,2,geometry-fixedcompute-1m-bhep-random-50ksteps,1m,bhep,random,0.029131773859262466,,0.029131773859262466
12200,4,0.0004881595999999707,1,384,0.004968089051544666,0.0037201344966888428,,2,geometry-fixedcompute-1m-bhep-random-50ksteps,1m,bhep,random,0.02867922931909561,,0.02867922931909561
12300,4,0.0004921195999999699,1,384,0.004624879453331232,0.0033787540160119534,,2,geometry-fixedcompute-1m-bhep-random-50ksteps,1m,bhep,random,0.028301259502768517,,0.028301259502768517
12400,4,0.0004960795999999694,1,384,0.0044892025180161,0.0032184310257434845,,2,geometry-fixedcompute-1m-bhep-random-50ksteps,1m,bhep,random,0.028633859008550644,,0.028633859008550644
12500,4,0.0004999999991235791,1,384,0.004397240467369556,0.0031331710051745176,,2,geometry-fixedcompute-1m-bhep-random-50ksteps,1m,bhep,random,0.028414560481905937,,0.028414560481905937
12600,4,0.000499991059684037,1,384,0.004525246098637581,0.003275084076449275,,2,geometry-fixedcompute-1m-bhep-random-50ksteps,1m,bhep,random,0.028278321027755737,,0.028278321027755737
12700,4,0.0004999645925570581,1,384,0.004762363154441118,0.0036158422008156776,,2,geometry-fixedcompute-1m-bhep-random-50ksteps,1m,bhep,random,0.026546256616711617,,0.026546256616711617
12800,4,0.0004999205996001967,1,384,0.004561551380902529,0.003316859481856227,,2,geometry-fixedcompute-1m-bhep-random-50ksteps,1m,bhep,random,0.02821069397032261,,0.02821069397032261
12900,4,0.0004998590839010295,1,384,0.004565884359180927,0.00331159308552742,,2,geometry-fixedcompute-1m-bhep-random-50ksteps,1m,bhep,random,0.028397418558597565,,0.028397418558597565
13000,4,0.00049978004977694,1,384,0.0045924559235572815,0.0033831920009106398,,2,geometry-fixedcompute-1m-bhep-random-50ksteps,1m,bhep,random,0.02756846509873867,,0.02756846509873867
13100,5,0.0004996835027748158,1,384,0.004508597776293755,0.003312943037599325,,2,geometry-fixedcompute-1m-bhep-random-50ksteps,1m,bhep,random,0.0272260382771492,,0.0272260382771492
13200,5,0.0004995694496706574,1,384,0.00455876812338829,0.0033861463889479637,,2,geometry-fixedcompute-1m-bhep-random-50ksteps,1m,bhep,random,0.026838580146431923,,0.026838580146431923
13300,5,0.0004994378984691047,1,384,0.00433496804907918,0.003167256712913513,,2,geometry-fixedcompute-1m-bhep-random-50ksteps,1m,bhep,random,0.026521483436226845,,0.026521483436226845
13400,5,0.0004992888584028738,1,384,0.004561937879770994,0.0033925927709788084,,2,geometry-fixedcompute-1m-bhep-random-50ksteps,1m,bhep,random,0.026779498904943466,,0.026779498904943466
13500,5,0.0004991223399321102,1,384,0.004356959834694862,0.0031935949809849262,,2,geometry-fixedcompute-1m-bhep-random-50ksteps,1m,bhep,random,0.02646089531481266,,0.02646089531481266
13600,5,0.0004989383547436532,1,384,0.004566727206110954,0.0033724624663591385,,2,geometry-fixedcompute-1m-bhep-random-50ksteps,1m,bhep,random,0.027257757261395454,,0.027257757261395454
13700,5,0.0004987369157502165,1,384,0.00417229812592268,0.0030346810817718506,,2,geometry-fixedcompute-1m-bhep-random-50ksteps,1m,bhep,random,0.025787025690078735,,0.025787025690078735
13800,5,0.0004985180370894827,1,384,0.004152616951614618,0.003010135842487216,,2,geometry-fixedcompute-1m-bhep-random-50ksteps,1m,bhep,random,0.025859756395220757,,0.025859756395220757
13900,5,0.0004982817341231088,1,384,0.004443633370101452,0.0033559626899659634,,2,geometry-fixedcompute-1m-bhep-random-50ksteps,1m,bhep,random,0.02510938234627247,,0.02510938234627247
14000,5,0.0004980280234356511,1,384,0.004403489641845226,0.003302842378616333,,2,geometry-fixedcompute-1m-bhep-random-50ksteps,1m,bhep,random,0.02531578578054905,,0.02531578578054905
14100,5,0.0004977569228333998,1,384,0.003996123559772968,0.0028799623250961304,,2,geometry-fixedcompute-1m-bhep-random-50ksteps,1m,bhep,random,0.02520318515598774,,0.02520318515598774
14200,5,0.0004974684513431281,1,384,0.0041482290253043175,0.003011450171470642,,2,geometry-fixedcompute-1m-bhep-random-50ksteps,1m,bhep,random,0.025747030973434448,,0.025747030973434448
14300,5,0.000497162629210758,1,384,0.004293856676667929,0.0031447927467525005,,2,geometry-fixedcompute-1m-bhep-random-50ksteps,1m,bhep,random,0.026126069948077202,,0.026126069948077202
14400,5,0.0004968394778999407,1,384,0.004119191784411669,0.003002832643687725,,2,geometry-fixedcompute-1m-bhep-random-50ksteps,1m,bhep,random,0.025330016389489174,,0.025330016389489174
14500,5,0.0004964990200905466,1,384,0.004102515056729317,0.0030105651821941137,,2,geometry-fixedcompute-1m-bhep-random-50ksteps,1m,bhep,random,0.02484956756234169,,0.02484956756234169
14600,5,0.0004961412796770781,1,384,0.004173223860561848,0.0031000119633972645,,2,geometry-fixedcompute-1m-bhep-random-50ksteps,1m,bhep,random,0.024564256891608238,,0.024564256891608238
14700,5,0.0004957662817669899,1,384,0.004191836342215538,0.003102421760559082,,2,geometry-fixedcompute-1m-bhep-random-50ksteps,1m,bhep,random,0.024890707805752754,,0.024890707805752754
14800,5,0.0004953740526789238,1,384,0.004130575805902481,0.0030292763840407133,,2,geometry-fixedcompute-1m-bhep-random-50ksteps,1m,bhep,random,0.025055263191461563,,0.025055263191461563
14900,5,0.0004949646199408699,1,384,0.004385168664157391,0.003322647651657462,,2,geometry-fixedcompute-1m-bhep-random-50ksteps,1m,bhep,random,0.0245730709284544,,0.0245730709284544
15000,5,0.0004945380122882255,1,384,0.003792912233620882,0.0027382865082472563,,2,geometry-fixedcompute-1m-bhep-random-50ksteps,1m,bhep,random,0.023830801248550415,,0.023830801248550415
15100,5,0.0004940942596617859,1,384,0.004096606280654669,0.0030746457632631063,,2,geometry-fixedcompute-1m-bhep-random-50ksteps,1m,bhep,random,0.023513853549957275,,0.023513853549957275
15200,5,0.000493633393205638,1,384,0.004099711775779724,0.0030329767614603043,,2,geometry-fixedcompute-1m-bhep-random-50ksteps,1m,bhep,random,0.0243676770478487,,0.0243676770478487
15300,5,0.000493155445264977,1,384,0.004262812435626984,0.0031868773512542248,,2,geometry-fixedcompute-1m-bhep-random-50ksteps,1m,bhep,random,0.02470557950437069,,0.02470557950437069
15400,5,0.0004926604493838346,1,384,0.0039941552095115185,0.0029442296363413334,,2,geometry-fixedcompute-1m-bhep-random-50ksteps,1m,bhep,random,0.023942742496728897,,0.023942742496728897
15500,5,0.0004921484403027254,1,384,0.0039519695565104485,0.0029201325960457325,,2,geometry-fixedcompute-1m-bhep-random-50ksteps,1m,bhep,random,0.023556875064969063,,0.023556875064969063
15600,5,0.0004916194539562103,1,384,0.003677039872854948,0.0026097609661519527,,2,geometry-fixedcompute-1m-bhep-random-50ksteps,1m,bhep,random,0.023955335840582848,,0.023955335840582848
15700,6,0.0004910735274703725,1,384,0.003963756375014782,0.002945986343547702,,2,geometry-fixedcompute-1m-bhep-random-50ksteps,1m,bhep,random,0.023301389068365097,,0.023301389068365097
15800,6,0.0004905106991602119,1,384,0.003835859475657344,0.002787090837955475,,2,geometry-fixedcompute-1m-bhep-random-50ksteps,1m,bhep,random,0.02376246266067028,,0.02376246266067028
15900,6,0.0004899310085269574,1,384,0.004089419264346361,0.003055210690945387,,2,geometry-fixedcompute-1m-bhep-random-50ksteps,1m,bhep,random,0.02373938076198101,,0.02373938076198101
16000,6,0.0004893344962552931,1,384,0.0036607002839446068,0.0026295098941773176,,2,geometry-fixedcompute-1m-bhep-random-50ksteps,1m,bhep,random,0.023253319784998894,,0.023253319784998894
16100,6,0.0004887212042105043,1,384,0.004013322293758392,0.0029807889368385077,,2,geometry-fixedcompute-1m-bhep-random-50ksteps,1m,bhep,random,0.02363145910203457,,0.02363145910203457
16200,6,0.0004880911754355366,1,384,0.003958310931921005,0.0029394354205578566,,2,geometry-fixedcompute-1m-bhep-random-50ksteps,1m,bhep,random,0.023316949605941772,,0.023316949605941772
16300,6,0.00048744445414798296,1,384,0.00362697197124362,0.0025945212692022324,,2,geometry-fixedcompute-1m-bhep-random-50ksteps,1m,bhep,random,0.023243533447384834,,0.023243533447384834
16400,6,0.0004867810857369673,1,384,0.004006156697869301,0.0029677473939955235,,2,geometry-fixedcompute-1m-bhep-random-50ksteps,1m,bhep,random,0.023735933005809784,,0.023735933005809784
16500,6,0.0004861011167599691,1,384,0.003649601712822914,0.0026343378704041243,,2,geometry-fixedcompute-1m-bhep-random-50ksteps,1m,bhep,random,0.022939618676900864,,0.022939618676900864
16600,6,0.00048540459493955193,1,384,0.004078725818544626,0.003086832817643881,,2,geometry-fixedcompute-1m-bhep-random-50ksteps,1m,bhep,random,0.022924691438674927,,0.022924691438674927
16700,6,0.0004846915691600154,1,384,0.0038854549638926983,0.0028900387696921825,,2,geometry-fixedcompute-1m-bhep-random-50ksteps,1m,bhep,random,0.022798363119363785,,0.022798363119363785
16800,6,0.0004839620894639634,1,384,0.003972775302827358,0.00300097418949008,,2,geometry-fixedcompute-1m-bhep-random-50ksteps,1m,bhep,random,0.022436993196606636,,0.022436993196606636
16900,6,0.0004832162070487937,1,384,0.0037993425503373146,0.0027946708723902702,,2,geometry-fixedcompute-1m-bhep-random-50ksteps,1m,bhep,random,0.02288810722529888,,0.02288810722529888
17000,6,0.00048245397426310144,1,384,0.003865881124511361,0.0028924315702170134,,2,geometry-fixedcompute-1m-bhep-random-50ksteps,1m,bhep,random,0.022361421957612038,,0.022361421957612038
17100,6,0.00048167544460300815,1,384,0.0037055863067507744,0.002813457977026701,,2,geometry-fixedcompute-1m-bhep-random-50ksteps,1m,bhep,random,0.020656028762459755,,0.020656028762459755
17200,6,0.000480880672708406,1,384,0.004020790569484234,0.0030208234675228596,,2,geometry-fixedcompute-1m-bhep-random-50ksteps,1m,bhep,random,0.02302016131579876,,0.02302016131579876
17300,6,0.0004800697143591227,1,384,0.0033515985123813152,0.0023612251970916986,,2,geometry-fixedcompute-1m-bhep-random-50ksteps,1m,bhep,random,0.022168688476085663,,0.022168688476085663
17400,6,0.00047924262647100767,1,384,0.003521578386425972,0.0025219805538654327,,2,geometry-fixedcompute-1m-bhep-random-50ksteps,1m,bhep,random,0.02251393347978592,,0.02251393347978592
17500,6,0.00047839946709193616,1,384,0.0036927363835275173,0.0027319202199578285,,2,geometry-fixedcompute-1m-bhep-random-50ksteps,1m,bhep,random,0.02194824442267418,,0.02194824442267418
17600,6,0.00047754029539773707,1,384,0.00352017255499959,0.002559780841693282,,2,geometry-fixedcompute-1m-bhep-random-50ksteps,1m,bhep,random,0.021767614409327507,,0.021767614409327507
17700,6,0.00047666517168803757,1,384,0.003693243023008108,0.002748678205534816,,2,geometry-fixedcompute-1m-bhep-random-50ksteps,1m,bhep,random,0.021639976650476456,,0.021639976650476456
17800,6,0.0004757741573820327,1,384,0.003564551007002592,0.002605223096907139,,2,geometry-fixedcompute-1m-bhep-random-50ksteps,1m,bhep,random,0.02179178036749363,,0.02179178036749363
17900,6,0.00047486731501417427,1,384,0.0037610074505209923,0.0028389333747327328,,2,geometry-fixedcompute-1m-bhep-random-50ksteps,1m,bhep,random,0.021280411630868912,,0.021280411630868912
18000,6,0.00047394470822978196,1,384,0.0037614586763083935,0.002807150362059474,,2,geometry-fixedcompute-1m-bhep-random-50ksteps,1m,bhep,random,0.021893316879868507,,0.021893316879868507
18100,6,0.00047300640178057646,1,384,0.0037988941185176373,0.002884779591113329,,2,geometry-fixedcompute-1m-bhep-random-50ksteps,1m,bhep,random,0.021167069673538208,,0.021167069673538208
18200,6,0.0004720524615201351,1,384,0.0036522108130156994,0.002745390869677067,,2,geometry-fixedcompute-1m-bhep-random-50ksteps,1m,bhep,random,0.020881788805127144,,0.020881788805127144
18300,7,0.0004710829543992701,1,384,0.0032338351011276245,0.0022699281107634306,,2,geometry-fixedcompute-1m-bhep-random-50ksteps,1m,bhep,random,0.021548064425587654,,0.021548064425587654
18400,7,0.0004700979484613289,1,384,0.0036162505857646465,0.002671836642548442,,2,geometry-fixedcompute-1m-bhep-random-50ksteps,1m,bhep,random,0.02156011387705803,,0.02156011387705803
18500,7,0.0004690975128374195,1,384,0.003899629693478346,0.002987719839438796,,2,geometry-fixedcompute-1m-bhep-random-50ksteps,1m,bhep,random,0.02122591622173786,,0.02122591622173786
18600,7,0.00046808171774155875,1,384,0.003403086680918932,0.002474868204444647,,2,geometry-fixedcompute-1m-bhep-random-50ksteps,1m,bhep,random,0.021039238199591637,,0.021039238199591637
18700,7,0.0004670506344657437,1,384,0.003212542273104191,0.002297078724950552,,2,geometry-fixedcompute-1m-bhep-random-50ksteps,1m,bhep,random,0.020606350153684616,,0.020606350153684616
18800,7,0.0004660043353749491,1,384,0.0036266534589231014,0.002703042235225439,,2,geometry-fixedcompute-1m-bhep-random-50ksteps,1m,bhep,random,0.021175269037485123,,0.021175269037485123
18900,7,0.00046494289390204747,1,384,0.003366798162460327,0.0024646311067044735,,2,geometry-fixedcompute-1m-bhep-random-50ksteps,1m,bhep,random,0.020507970824837685,,0.020507970824837685
19000,7,0.0004638663845426557,1,384,0.0031758202239871025,0.0022682929411530495,,2,geometry-fixedcompute-1m-bhep-random-50ksteps,1m,bhep,random,0.020418839529156685,,0.020418839529156685
19100,7,0.0004627748828499074,1,384,0.0036155921407043934,0.002705423627048731,,2,geometry-fixedcompute-1m-bhep-random-50ksteps,1m,bhep,random,0.020908789709210396,,0.020908789709210396
19200,7,0.000461668465429149,1,384,0.003818195778876543,0.0029184240847826004,,2,geometry-fixedcompute-1m-bhep-random-50ksteps,1m,bhep,random,0.020913859829306602,,0.020913859829306602
19300,7,0.0004605472099325649,1,384,0.0036274902522563934,0.002718814415857196,,2,geometry-fixedcompute-1m-bhep-random-50ksteps,1m,bhep,random,0.02089233323931694,,0.02089233323931694
19400,7,0.00045941119505372654,1,384,0.0035200463607907295,0.0025920493062585592,,2,geometry-fixedcompute-1m-bhep-random-50ksteps,1m,bhep,random,0.021151989698410034,,0.021151989698410034
19500,7,0.0004582605005220694,1,384,0.003494781907647848,0.002612059935927391,,2,geometry-fixedcompute-1m-bhep-random-50ksteps,1m,bhep,random,0.020266497507691383,,0.020266497507691383
19600,7,0.0004570952070972972,1,384,0.0034685926511883736,0.0026128801982849836,,2,geometry-fixedcompute-1m-bhep-random-50ksteps,1m,bhep,random,0.019727131351828575,,0.019727131351828575
19700,7,0.0004559153965637145,1,384,0.0039091031067073345,0.003015726339071989,,2,geometry-fixedcompute-1m-bhep-random-50ksteps,1m,bhep,random,0.020883260294795036,,0.020883260294795036
19800,7,0.0004547211517244872,1,384,0.0034171314910054207,0.0025235163047909737,,2,geometry-fixedcompute-1m-bhep-random-50ksteps,1m,bhep,random,0.02039581909775734,,0.02039581909775734
19900,7,0.00045351255639583006,1,384,0.003523405408486724,0.0026329131796956062,,2,geometry-fixedcompute-1m-bhep-random-50ksteps,1m,bhep,random,0.02044275775551796,,0.02044275775551796
20000,7,0.0004522896954011244,1,384,0.0031652478501200676,0.0022767444606870413,,2,geometry-fixedcompute-1m-bhep-random-50ksteps,1m,bhep,random,0.020046813413500786,,0.020046813413500786
20100,7,0.0004510526545649648,1,384,0.003263801336288452,0.002359512262046337,,2,geometry-fixedcompute-1m-bhep-random-50ksteps,1m,bhep,random,0.02044529654085636,,0.02044529654085636
20200,7,0.00044980152070713615,1,384,0.0036180238239467144,0.0027590738609433174,,2,geometry-fixedcompute-1m-bhep-random-50ksteps,1m,bhep,random,0.01993807777762413,,0.01993807777762413
20300,7,0.0004485363816365206,1,384,0.0036888797767460346,0.002854617079719901,,2,geometry-fixedcompute-1m-bhep-random-50ksteps,1m,bhep,random,0.01953987032175064,,0.01953987032175064
20400,7,0.0004472573261449342,1,384,0.0032919244840741158,0.0024340911768376827,,2,geometry-fixedcompute-1m-bhep-random-50ksteps,1m,bhep,random,0.01959075964987278,,0.01959075964987278
20500,7,0.00044596444400089554,1,384,0.0034644859842956066,0.002636225428432226,,2,geometry-fixedcompute-1m-bhep-random-50ksteps,1m,bhep,random,0.019201437011361122,,0.019201437011361122
20600,7,0.0004446578259433245,1,384,0.0032741951290518045,0.0024236601311713457,,2,geometry-fixedcompute-1m-bhep-random-50ksteps,1m,bhep,random,0.019434358924627304,,0.019434358924627304
20700,7,0.0004433375636751747,1,384,0.0033783414401113987,0.0025289510376751423,,2,geometry-fixedcompute-1m-bhep-random-50ksteps,1m,bhep,random,0.019516760483384132,,0.019516760483384132
20800,7,0.0004420037498569983,1,384,0.0031573292799293995,0.002316235564649105,,2,geometry-fixedcompute-1m-bhep-random-50ksteps,1m,bhep,random,0.019138110801577568,,0.019138110801577568
20900,8,0.0004406564781004411,1,384,0.0032062216196209192,0.002348129404708743,,2,geometry-fixedcompute-1m-bhep-random-50ksteps,1m,bhep,random,0.019509974867105484,,0.019509974867105484
21000,8,0.000439295842961674,1,384,0.003504809457808733,0.0026471600867807865,,2,geometry-fixedcompute-1m-bhep-random-50ksteps,1m,bhep,random,0.01980014331638813,,0.01980014331638813
21100,8,0.00043792193993475587,1,384,0.0032499642111361027,0.002404551487416029,,2,geometry-fixedcompute-1m-bhep-random-50ksteps,1m,bhep,random,0.01931280829012394,,0.01931280829012394
21200,8,0.0004365348654449318,1,384,0.0033402983099222183,0.0025365164037793875,,2,geometry-fixedcompute-1m-bhep-random-50ksteps,1m,bhep,random,0.018612155690789223,,0.018612155690789223
21300,8,0.0004351347168418642,1,384,0.003185870824381709,0.0023608244955539703,,2,geometry-fixedcompute-1m-bhep-random-50ksteps,1m,bhep,random,0.01886174827814102,,0.01886174827814102
21400,8,0.000433721592392804,1,384,0.0032297298312187195,0.002411933382973075,,2,geometry-fixedcompute-1m-bhep-random-50ksteps,1m,bhep,random,0.018767861649394035,,0.018767861649394035
21500,8,0.00043229559127568956,1,384,0.003129722783342004,0.002265813760459423,,2,geometry-fixedcompute-1m-bhep-random-50ksteps,1m,bhep,random,0.019543994218111038,,0.019543994218111038
21600,8,0.0004308568135721894,1,384,0.0028612862806767225,0.001997587503865361,,2,geometry-fixedcompute-1m-bhep-random-50ksteps,1m,bhep,random,0.01927156373858452,,0.01927156373858452
21700,8,0.0004294053602606763,1,384,0.003289305604994297,0.002442014403641224,,2,geometry-fixedcompute-1m-bhep-random-50ksteps,1m,bhep,random,0.01938784122467041,,0.01938784122467041
21800,8,0.0004279413332091415,1,384,0.0032852597068995237,0.0024658902548253536,,2,geometry-fixedcompute-1m-bhep-random-50ksteps,1m,bhep,random,0.01885327883064747,,0.01885327883064747
21900,8,0.000426464835168044,1,384,0.003288628999143839,0.002428737236186862,,2,geometry-fixedcompute-1m-bhep-random-50ksteps,1m,bhep,random,0.019626570865511894,,0.019626570865511894
22000,8,0.0004249759697630992,1,384,0.003209295216947794,0.0023767079692333937,,2,geometry-fixedcompute-1m-bhep-random-50ksteps,1m,bhep,random,0.019028453156352043,,0.019028453156352043
22100,8,0.0004234748414880087,1,384,0.0032016762997955084,0.0023755438160151243,,2,geometry-fixedcompute-1m-bhep-random-50ksteps,1m,bhep,random,0.018898190930485725,,0.018898190930485725
22200,8,0.0004219615556971227,1,384,0.002913071308284998,0.002083138097077608,,2,geometry-fixedcompute-1m-bhep-random-50ksteps,1m,bhep,random,0.018681803718209267,,0.018681803718209267
22300,8,0.0004204362185980483,1,384,0.003406866453588009,0.0025929908733814955,,2,geometry-fixedcompute-1m-bhep-random-50ksteps,1m,bhep,random,0.018870506435632706,,0.018870506435632706
22400,8,0.00041889893724419514,1,384,0.003018150106072426,0.0021869074553251266,,2,geometry-fixedcompute-1m-bhep-random-50ksteps,1m,bhep,random,0.01881176233291626,,0.01881176233291626
22500,8,0.00041734981952726145,1,384,0.00324814161285758,0.0024688937701284885,,2,geometry-fixedcompute-1m-bhep-random-50ksteps,1m,bhep,random,0.018053852021694183,,0.018053852021694183
22600,8,0.0004157889741696617,1,384,0.0029287899378687143,0.00210514641366899,,2,geometry-fixedcompute-1m-bhep-random-50ksteps,1m,bhep,random,0.018578018993139267,,0.018578018993139267
22700,8,0.00041421651071689767,1,384,0.0029589026235044003,0.0021290788426995277,,2,geometry-fixedcompute-1m-bhep-random-50ksteps,1m,bhep,random,0.018725551664829254,,0.018725551664829254
22800,8,0.00041263253952986877,1,384,0.0029553743079304695,0.002154100453481078,,2,geometry-fixedcompute-1m-bhep-random-50ksteps,1m,bhep,random,0.018179578706622124,,0.018179578706622124
22900,8,0.00041103717177712627,1,384,0.0031255059875547886,0.0023501806426793337,,2,geometry-fixedcompute-1m-bhep-random-50ksteps,1m,bhep,random,0.017856689170002937,,0.017856689170002937
23000,8,0.00040943051942707206,1,384,0.003097966779023409,0.0022881273180246353,,2,geometry-fixedcompute-1m-bhep-random-50ksteps,1m,bhep,random,0.018484916538000107,,0.018484916538000107
23100,8,0.0004078126952400997,1,384,0.0032072763424366713,0.0024334718473255634,,2,geometry-fixedcompute-1m-bhep-random-50ksteps,1m,bhep,random,0.017909560352563858,,0.017909560352563858
23200,8,0.0004061838127606807,1,384,0.002941288985311985,0.0021372053306549788,,2,geometry-fixedcompute-1m-bhep-random-50ksteps,1m,bhep,random,0.01821887493133545,,0.01821887493133545
23300,8,0.0004045439863093963,1,384,0.0034892703406512737,0.0026959478855133057,,2,geometry-fixedcompute-1m-bhep-random-50ksteps,1m,bhep,random,0.018562400713562965,,0.018562400713562965
23400,8,0.0004028933309749125,1,384,0.0029802192002534866,0.002198419999331236,,2,geometry-fixedcompute-1m-bhep-random-50ksteps,1m,bhep,random,0.01783440262079239,,0.01783440262079239
23500,9,0.0004012319626059038,1,384,0.002946780063211918,0.002138635842129588,,2,geometry-fixedcompute-1m-bhep-random-50ksteps,1m,bhep,random,0.018301524221897125,,0.018301524221897125
23600,9,0.00039955999780292277,1,384,0.0031153615564107895,0.0023398720659315586,,2,geometry-fixedcompute-1m-bhep-random-50ksteps,1m,bhep,random,0.01784966140985489,,0.01784966140985489
23700,9,0.0003978775539102158,1,384,0.003189090173691511,0.0023954715579748154,,2,geometry-fixedcompute-1m-bhep-random-50ksteps,1m,bhep,random,0.01826784573495388,,0.01826784573495388
23800,9,0.00039618474900748776,1,384,0.003111854661256075,0.0023424194660037756,,2,geometry-fixedcompute-1m-bhep-random-50ksteps,1m,bhep,random,0.01773112639784813,,0.01773112639784813
23900,9,0.0003944817019016155,1,384,0.003172910073772073,0.0024225132074207067,,2,geometry-fixedcompute-1m-bhep-random-50ksteps,1m,bhep,random,0.01743045076727867,,0.01743045076727867
24000,9,0.0003927685321183087,1,384,0.0033112596720457077,0.002558702602982521,,2,geometry-fixedcompute-1m-bhep-random-50ksteps,1m,bhep,random,0.017609843984246254,,0.017609843984246254
24100,9,0.0003910453598937212,1,384,0.0029911089222878218,0.0022044875659048557,,2,geometry-fixedcompute-1m-bhep-random-50ksteps,1m,bhep,random,0.017936915159225464,,0.017936915159225464
24200,9,0.00038931230616601225,1,384,0.0028826158959418535,0.0020969610195606947,,2,geometry-fixedcompute-1m-bhep-random-50ksteps,1m,bhep,random,0.01781005971133709,,0.01781005971133709
24300,9,0.0003875694925668595,1,384,0.0032340059988200665,0.0024713610764592886,,2,geometry-fixedcompute-1m-bhep-random-50ksteps,1m,bhep,random,0.017724258825182915,,0.017724258825182915
24400,9,0.00038581704141292186,1,384,0.0030299716163426638,0.0022595240734517574,,2,geometry-fixedcompute-1m-bhep-random-50ksteps,1m,bhep,random,0.017668472602963448,,0.017668472602963448
24500,9,0.00038405507569725566,1,384,0.0031866789795458317,0.002440159907564521,,2,geometry-fixedcompute-1m-bhep-random-50ksteps,1m,bhep,random,0.017370538786053658,,0.017370538786053658
24600,9,0.0003822837190806807,1,384,0.003035467118024826,0.0022733230143785477,,2,geometry-fixedcompute-1m-bhep-random-50ksteps,1m,bhep,random,0.017516208812594414,,0.017516208812594414
24700,9,0.00038050309588310373,1,384,0.0029854169115424156,0.002184556797146797,,2,geometry-fixedcompute-1m-bhep-random-50ksteps,1m,bhep,random,0.018201759085059166,,0.018201759085059166
24800,9,0.0003787133310747911,1,384,0.0028725191950798035,0.0021067869383841753,,2,geometry-fixedcompute-1m-bhep-random-50ksteps,1m,bhep,random,0.017421431839466095,,0.017421431839466095
24900,9,0.00037691455026759966,1,384,0.0030103169847279787,0.0022713374346494675,,2,geometry-fixedcompute-1m-bhep-random-50ksteps,1m,bhep,random,0.017050927504897118,,0.017050927504897118
25000,9,0.0003751068797061594,1,384,0.0027446383610367775,0.0019573369063436985,,2,geometry-fixedcompute-1m-bhep-random-50ksteps,1m,bhep,random,0.01770336553454399,,0.01770336553454399
25100,9,0.0003732904462590138,1,384,0.003174306359142065,0.002439557109028101,,2,geometry-fixedcompute-1m-bhep-random-50ksteps,1m,bhep,random,0.017134543508291245,,0.017134543508291245
25200,9,0.0003714653774097174,1,384,0.002972247777506709,0.0022207056172192097,,2,geometry-fixedcompute-1m-bhep-random-50ksteps,1m,bhep,random,0.017251547425985336,,0.017251547425985336
25300,9,0.0003696318012478849,1,384,0.003070218488574028,0.002326789777725935,,2,geometry-fixedcompute-1m-bhep-random-50ksteps,1m,bhep,random,0.017195360735058784,,0.017195360735058784
25400,9,0.00036778984646020454,1,384,0.00279444782063365,0.0020809576380997896,,2,geometry-fixedcompute-1m-bhep-random-50ksteps,1m,bhep,random,0.0163507591933012,,0.0163507591933012
25500,9,0.00036593964232140567,1,384,0.0028978511691093445,0.002136940136551857,,2,geometry-fixedcompute-1m-bhep-random-50ksteps,1m,bhep,random,0.017355160787701607,,0.017355160787701607
25600,9,0.0003640813186851842,1,384,0.002872961573302746,0.0021293610334396362,,2,geometry-fixedcompute-1m-bhep-random-50ksteps,1m,bhep,random,0.017001373693346977,,0.017001373693346977
25700,9,0.0003622150059750918,1,384,0.002837874460965395,0.0020677715074270964,,2,geometry-fixedcompute-1m-bhep-random-50ksteps,1m,bhep,random,0.01746983267366886,,0.01746983267366886
25800,9,0.0003603408351753808,1,384,0.002839564811438322,0.0020846647676080465,,2,geometry-fixedcompute-1m-bhep-random-50ksteps,1m,bhep,random,0.017182663083076477,,0.017182663083076477
25900,9,0.00035845893782181037,1,384,0.0027268058620393276,0.0020237949211150408,,2,geometry-fixedcompute-1m-bhep-random-50ksteps,1m,bhep,random,0.016084015369415283,,0.016084015369415283
26000,9,0.0003565694459924158,1,384,0.002886716043576598,0.002147028688341379,,2,geometry-fixedcompute-1m-bhep-random-50ksteps,1m,bhep,random,0.016940774396061897,,0.016940774396061897
26100,10,0.00035467249229823944,1,384,0.002928299130871892,0.0022120147477835417,,2,geometry-fixedcompute-1m-bhep-random-50ksteps,1m,bhep,random,0.016537705436348915,,0.016537705436348915
26200,10,0.00035276820987402294,1,384,0.0028776952531188726,0.002125031314790249,,2,geometry-fixedcompute-1m-bhep-random-50ksteps,1m,bhep,random,0.017178308218717575,,0.017178308218717575
26300,10,0.00035085673236886345,1,384,0.003086935030296445,0.0023560775443911552,,2,geometry-fixedcompute-1m-bhep-random-50ksteps,1m,bhep,random,0.016973227262496948,,0.016973227262496948
26400,10,0.00034893819393683314,1,384,0.0030293778982013464,0.0022949152626097202,,2,geometry-fixedcompute-1m-bhep-random-50ksteps,1m,bhep,random,0.016984164714813232,,0.016984164714813232
26500,10,0.0003470127292275656,1,384,0.0026551634073257446,0.0018665756797417998,,2,geometry-fixedcompute-1m-bhep-random-50ksteps,1m,bhep,random,0.017638329416513443,,0.017638329416513443
26600,10,0.00034508047337680276,1,384,0.002810017205774784,0.002101740799844265,,2,geometry-fixedcompute-1m-bhep-random-50ksteps,1m,bhep,random,0.01626726984977722,,0.01626726984977722
26700,10,0.00034314156199691313,1,384,0.0028181993402540684,0.002106225583702326,,2,geometry-fixedcompute-1m-bhep-random-50ksteps,1m,bhep,random,0.01634570211172104,,0.01634570211172104
26800,10,0.00034119613116737334,1,384,0.002904178574681282,0.002189047634601593,,2,geometry-fixedcompute-1m-bhep-random-50ksteps,1m,bhep,random,0.016491668298840523,,0.016491668298840523
26900,10,0.0003392443174252175,1,384,0.002897219965234399,0.002187072765082121,,2,geometry-fixedcompute-1m-bhep-random-50ksteps,1m,bhep,random,0.016390016302466393,,0.016390016302466393
27000,10,0.00033728625775545344,1,384,0.002845953218638897,0.002125735394656658,,2,geometry-fixedcompute-1m-bhep-random-50ksteps,1m,bhep,random,0.016530092805624008,,0.016530092805624008
27100,10,0.0003353220895814506,1,384,0.0026317210868000984,0.001901646493934095,,2,geometry-fixedcompute-1m-bhep-random-50ksteps,1m,bhep,random,0.016503136605024338,,0.016503136605024338
27200,10,0.00033335195075529466,1,384,0.0028352176304906607,0.0021347515285015106,,2,geometry-fixedcompute-1m-bhep-random-50ksteps,1m,bhep,random,0.016144076362252235,,0.016144076362252235
27300,10,0.0003313759795481116,1,384,0.0030173740815371275,0.0023203562013804913,,2,geometry-fixedcompute-1m-bhep-random-50ksteps,1m,bhep,random,0.01626071333885193,,0.01626071333885193
27400,10,0.00032939431464036395,1,384,0.0029113986529409885,0.0022000737953931093,,2,geometry-fixedcompute-1m-bhep-random-50ksteps,1m,bhep,random,0.0164265688508749,,0.0164265688508749
27500,10,0.00032740709511211826,1,384,0.002904192078858614,0.002191794803366065,,2,geometry-fixedcompute-1m-bhep-random-50ksteps,1m,bhep,random,0.016439739614725113,,0.016439739614725113
27600,10,0.00032541446043328243,1,384,0.002609464805573225,0.0019067026441916823,,2,geometry-fixedcompute-1m-bhep-random-50ksteps,1m,bhep,random,0.015961945056915283,,0.015961945056915283
27700,10,0.0003234165504538194,1,384,0.002767201978713274,0.002080597449094057,,2,geometry-fixedcompute-1m-bhep-random-50ksteps,1m,bhep,random,0.015812689438462257,,0.015812689438462257
27800,10,0.0003214135053939299,1,384,0.0029143677093088627,0.002221175469458103,,2,geometry-fixedcompute-1m-bhep-random-50ksteps,1m,bhep,random,0.016085023060441017,,0.016085023060441017
27900,10,0.0003194054658342132,1,384,0.002938387682661414,0.0022183090914040804,,2,geometry-fixedcompute-1m-bhep-random-50ksteps,1m,bhep,random,0.016619877889752388,,0.016619877889752388
28000,10,0.0003173925727057994,1,384,0.0029494385235011578,0.0022510141134262085,,2,geometry-fixedcompute-1m-bhep-random-50ksteps,1m,bhep,random,0.016219506040215492,,0.016219506040215492
28100,10,0.00031537496728045874,1,384,0.002843026304617524,0.002144833793863654,,2,geometry-fixedcompute-1m-bhep-random-50ksteps,1m,bhep,random,0.016108686104416847,,0.016108686104416847
28200,10,0.00031335279116068664,1,384,0.0029792499262839556,0.0022792969830334187,,2,geometry-fixedcompute-1m-bhep-random-50ksteps,1m,bhep,random,0.016278352588415146,,0.016278352588415146
28300,10,0.0003113261862697656,1,384,0.002838588086888194,0.002133541740477085,,2,geometry-fixedcompute-1m-bhep-random-50ksteps,1m,bhep,random,0.016234468668699265,,0.016234468668699265
28400,10,0.00030929529484180425,1,384,0.002796528162434697,0.002076956210657954,,2,geometry-fixedcompute-1m-bhep-random-50ksteps,1m,bhep,random,0.01646839641034603,,0.01646839641034603
28500,10,0.00030726025941175587,1,384,0.0025780240539461374,0.0018697440391406417,,2,geometry-fixedcompute-1m-bhep-random-50ksteps,1m,bhep,random,0.01603534445166588,,0.01603534445166588
28600,10,0.0003052212228054132,1,384,0.002618232509121299,0.0019208190497010946,,2,geometry-fixedcompute-1m-bhep-random-50ksteps,1m,bhep,random,0.01586908847093582,,0.01586908847093582
28700,11,0.00030317832812938594,1,384,0.002582595217972994,0.0018647274700924754,,2,geometry-fixedcompute-1m-bhep-random-50ksteps,1m,bhep,random,0.016222085803747177,,0.016222085803747177
28800,11,0.00030113171876105653,1,384,0.002859710715711117,0.0021761534735560417,,2,geometry-fixedcompute-1m-bhep-random-50ksteps,1m,bhep,random,0.015847299247980118,,0.015847299247980118
28900,11,0.0002990815383385165,1,384,0.0026724296621978283,0.001938283327035606,,2,geometry-fixedcompute-1m-bhep-random-50ksteps,1m,bhep,random,0.016621209681034088,,0.016621209681034088
29000,11,0.0002970279307504874,1,384,0.0023920987732708454,0.0016852153930813074,,2,geometry-fixedcompute-1m-bhep-random-50ksteps,1m,bhep,random,0.01582288183271885,,0.01582288183271885
29100,11,0.0002949710401262197,1,384,0.0027118981815874577,0.0020024299155920744,,2,geometry-fixedcompute-1m-bhep-random-50ksteps,1m,bhep,random,0.016191797330975533,,0.016191797330975533
29200,11,0.0002929110108253798,1,384,0.0023991453927010298,0.001693179365247488,,2,geometry-fixedcompute-1m-bhep-random-50ksteps,1m,bhep,random,0.015812499448657036,,0.015812499448657036
29300,11,0.0002908479874279166,1,384,0.0028115389868617058,0.0021153739653527737,,2,geometry-fixedcompute-1m-bhep-random-50ksteps,1m,bhep,random,0.016038672998547554,,0.016038672998547554
29400,11,0.0002887821147239155,1,384,0.0024029600899666548,0.0016975838225334883,,2,geometry-fixedcompute-1m-bhep-random-50ksteps,1m,bhep,random,0.015805108472704887,,0.015805108472704887
29500,11,0.0002867135377034353,1,384,0.002489270642399788,0.0017906136345118284,,2,geometry-fixedcompute-1m-bhep-random-50ksteps,1m,bhep,random,0.01576375402510166,,0.01576375402510166
29600,11,0.0002846424015463339,1,384,0.002917101141065359,0.0022619690280407667,,2,geometry-fixedcompute-1m-bhep-random-50ksteps,1m,bhep,random,0.015364612452685833,,0.015364612452685833
29700,11,0.00028256885161207727,1,384,0.0026940349489450455,0.0020425277762115,,2,geometry-fixedcompute-1m-bhep-random-50ksteps,1m,bhep,random,0.015072670765221119,,0.015072670765221119
29800,11,0.00028049303342953994,1,384,0.002576055470854044,0.0018980090972036123,,2,geometry-fixedcompute-1m-bhep-random-50ksteps,1m,bhep,random,0.01545893494039774,,0.01545893494039774
29900,11,0.0002784150926867882,1,384,0.0024815306533128023,0.0018018996343016624,,2,geometry-fixedcompute-1m-bhep-random-50ksteps,1m,bhep,random,0.015394519083201885,,0.015394519083201885
30000,11,0.00027633517522085795,1,384,0.002597818151116371,0.001921456540003419,,2,geometry-fixedcompute-1m-bhep-random-50ksteps,1m,bhep,random,0.01544868666678667,,0.01544868666678667
30100,11,0.00027425342700751877,1,384,0.0025277952663600445,0.0018510258523747325,,2,geometry-fixedcompute-1m-bhep-random-50ksteps,1m,bhep,random,0.015386417508125305,,0.015386417508125305
30200,11,0.0002721699941510273,1,384,0.0026672359090298414,0.0020007980056107044,,2,geometry-fixedcompute-1m-bhep-random-50ksteps,1m,bhep,random,0.015329554677009583,,0.015329554677009583
30300,11,0.00027008502287387476,1,384,0.0025167358107864857,0.001858351519331336,,2,geometry-fixedcompute-1m-bhep-random-50ksteps,1m,bhep,random,0.015026039443910122,,0.015026039443910122
30400,11,0.00026799865950652446,1,384,0.0026524709537625313,0.0019832435064017773,,2,geometry-fixedcompute-1m-bhep-random-50ksteps,1m,bhep,random,0.015367795713245869,,0.015367795713245869
30500,11,0.00026591105047714045,1,384,0.0027653726283460855,0.0020857970230281353,,2,geometry-fixedcompute-1m-bhep-random-50ksteps,1m,bhep,random,0.015677310526371002,,0.015677310526371002
30600,11,0.0002638223423013126,1,384,0.002785659162327647,0.0021074742544442415,,2,geometry-fixedcompute-1m-bhep-random-50ksteps,1m,bhep,random,0.015671173110604286,,0.015671173110604286
30700,11,0.0002617326815717717,1,384,0.002413998357951641,0.0017136832466349006,,2,geometry-fixedcompute-1m-bhep-random-50ksteps,1m,bhep,random,0.015719987452030182,,0.015719987452030182
30800,11,0.00025964221494810275,1,384,0.0027258286718279123,0.002042948268353939,,2,geometry-fixedcompute-1m-bhep-random-50ksteps,1m,bhep,random,0.015700558200478554,,0.015700558200478554
30900,11,0.0002575510891464514,1,384,0.0026586693711578846,0.001983280759304762,,2,geometry-fixedcompute-1m-bhep-random-50ksteps,1m,bhep,random,0.015491053462028503,,0.015491053462028503
31000,11,0.0002554594509292255,1,384,0.0026744138449430466,0.0020070141181349754,,2,geometry-fixedcompute-1m-bhep-random-50ksteps,1m,bhep,random,0.015355010516941547,,0.015355010516941547
31100,11,0.0002533674470947974,1,384,0.002545814262703061,0.0018728900467976928,,2,geometry-fixedcompute-1m-bhep-random-50ksteps,1m,bhep,random,0.015331374481320381,,0.015331374481320381
31200,11,0.0002512752244671984,1,384,0.002614781493321061,0.0019530283752828836,,2,geometry-fixedcompute-1m-bhep-random-50ksteps,1m,bhep,random,0.015188091434538364,,0.015188091434538364
31300,12,0.00024918292988581643,1,384,0.0023883176036179066,0.0017105148872360587,,2,geometry-fixedcompute-1m-bhep-random-50ksteps,1m,bhep,random,0.015266571193933487,,0.015266571193933487
31400,12,0.0002470907101950889,1,384,0.002345032524317503,0.0016759027494117618,,2,geometry-fixedcompute-1m-bhep-random-50ksteps,1m,bhep,random,0.01505849789828062,,0.01505849789828062
31500,12,0.00024499871223419774,1,384,0.0025091548450291157,0.0018679667264223099,,2,geometry-fixedcompute-1m-bhep-random-50ksteps,1m,bhep,random,0.014691730029881,,0.014691730029881
31600,12,0.00024290708282676213,1,384,0.0022691430058330297,0.0015989620005711913,,2,geometry-fixedcompute-1m-bhep-random-50ksteps,1m,bhep,random,0.015002582222223282,,0.015002582222223282
31700,12,0.00024081596877053573,1,384,0.0027465890161693096,0.00210625515319407,,2,geometry-fixedcompute-1m-bhep-random-50ksteps,1m,bhep,random,0.014912933111190796,,0.014912933111190796
31800,12,0.00023872551682710305,1,384,0.002334852470085025,0.0016333775129169226,,2,geometry-fixedcompute-1m-bhep-random-50ksteps,1m,bhep,random,0.01566287688910961,,0.01566287688910961
31900,12,0.00023663587371157852,1,384,0.002430968452244997,0.001762481639161706,,2,geometry-fixedcompute-1m-bhep-random-50ksteps,1m,bhep,random,0.015132218599319458,,0.015132218599319458
32000,12,0.00023454718608231087,1,384,0.002982668112963438,0.002329697832465172,,2,geometry-fixedcompute-1m-bhep-random-50ksteps,1m,bhep,random,0.01538910623639822,,0.01538910623639822
32100,12,0.0002324596005305893,1,384,0.0022853361442685127,0.001610594685189426,,2,geometry-fixedcompute-1m-bhep-random-50ksteps,1m,bhep,random,0.015105423517525196,,0.015105423517525196
32200,12,0.00023037326357035543,1,384,0.002350694267079234,0.0016953861340880394,,2,geometry-fixedcompute-1m-bhep-random-50ksteps,1m,bhep,random,0.014801548793911934,,0.014801548793911934
32300,12,0.00022828832162792063,1,384,0.002879222622141242,0.0022609815932810307,,2,geometry-fixedcompute-1m-bhep-random-50ksteps,1m,bhep,random,0.014625799842178822,,0.014625799842178822
32400,12,0.0002262049210316887,1,384,0.0024067643098533154,0.0017405049875378609,,2,geometry-fixedcompute-1m-bhep-random-50ksteps,1m,bhep,random,0.015065689571201801,,0.015065689571201801
32500,12,0.00022412320800188715,1,384,0.0025207858998328447,0.0018623445648699999,,2,geometry-fixedcompute-1m-bhep-random-50ksteps,1m,bhep,random,0.015031171031296253,,0.015031171031296253
32600,12,0.00022204332864030358,1,384,0.002602989785373211,0.0019618235528469086,,2,geometry-fixedcompute-1m-bhep-random-50ksteps,1m,bhep,random,0.01478514727205038,,0.01478514727205038
32700,12,0.0002199654289200327,1,384,0.0026613350491970778,0.0019852775149047375,,2,geometry-fixedcompute-1m-bhep-random-50ksteps,1m,bhep,random,0.01550642866641283,,0.01550642866641283
32800,12,0.0002178896546752311,1,384,0.0026992580387741327,0.0020663347095251083,,2,geometry-fixedcompute-1m-bhep-random-50ksteps,1m,bhep,random,0.014724801294505596,,0.014724801294505596
32900,12,0.00021581615159088242,1,384,0.002648195717483759,0.002008264884352684,,2,geometry-fixedcompute-1m-bhep-random-50ksteps,1m,bhep,random,0.014806879684329033,,0.014806879684329033
33000,12,0.00021374506519257182,1,384,0.0025944572407752275,0.0019309315830469131,,2,geometry-fixedcompute-1m-bhep-random-50ksteps,1m,bhep,random,0.01520144660025835,,0.01520144660025835
33100,12,0.00021167654083627428,1,384,0.0025820534210652113,0.001916362438350916,,2,geometry-fixedcompute-1m-bhep-random-50ksteps,1m,bhep,random,0.015230183489620686,,0.015230183489620686
33200,12,0.00020961072369815053,1,384,0.0024556214921176434,0.0018102022586390376,,2,geometry-fixedcompute-1m-bhep-random-50ksteps,1m,bhep,random,0.014718587510287762,,0.014718587510287762
33300,12,0.0002075477587643603,1,384,0.002625980880111456,0.001978292828425765,,2,geometry-fixedcompute-1m-bhep-random-50ksteps,1m,bhep,random,0.014932053163647652,,0.014932053163647652
33400,12,0.0002054877908208857,1,384,0.0027146933134645224,0.0020641961600631475,,2,geometry-fixedcompute-1m-bhep-random-50ksteps,1m,bhep,random,0.015074140392243862,,0.015074140392243862
33500,12,0.000203430964443369,1,384,0.0025975641328841448,0.0019510136917233467,,2,geometry-fixedcompute-1m-bhep-random-50ksteps,1m,bhep,random,0.014882023446261883,,0.014882023446261883
33600,12,0.00020137742398696734,1,384,0.0023288042284548283,0.0016908065881580114,,2,geometry-fixedcompute-1m-bhep-random-50ksteps,1m,bhep,random,0.014450758695602417,,0.014450758695602417
33700,12,0.00019932731357622064,1,384,0.002613320015370846,0.0019731372594833374,,2,geometry-fixedcompute-1m-bhep-random-50ksteps,1m,bhep,random,0.014776789583265781,,0.014776789583265781
33800,12,0.00019728077709493596,1,384,0.0028091021813452244,0.0021892227232456207,,2,geometry-fixedcompute-1m-bhep-random-50ksteps,1m,bhep,random,0.014586810022592545,,0.014586810022592545
33900,13,0.0001952379581760898,1,384,0.00263200793415308,0.0020243064500391483,,2,geometry-fixedcompute-1m-bhep-random-50ksteps,1m,bhep,random,0.014178337529301643,,0.014178337529301643
34000,13,0.00019319900019174743,1,384,0.0024824857246130705,0.0018448920454829931,,2,geometry-fixedcompute-1m-bhep-random-50ksteps,1m,bhep,random,0.014596766792237759,,0.014596766792237759
34100,13,0.00019116404624300033,1,384,0.002622888656333089,0.0019803454633802176,,2,geometry-fixedcompute-1m-bhep-random-50ksteps,1m,bhep,random,0.014831210486590862,,0.014831210486590862
34200,13,0.0001891332391499233,1,384,0.0027930885553359985,0.0021583503112196922,,2,geometry-fixedcompute-1m-bhep-random-50ksteps,1m,bhep,random,0.01485311146825552,,0.01485311146825552
34300,13,0.00018710672144155014,1,384,0.002450760453939438,0.0018126306822523475,,2,geometry-fixedcompute-1m-bhep-random-50ksteps,1m,bhep,random,0.014575223438441753,,0.014575223438441753
34400,13,0.0001850846353458707,1,384,0.0023699579760432243,0.0017370365094393492,,2,geometry-fixedcompute-1m-bhep-random-50ksteps,1m,bhep,random,0.014395465143024921,,0.014395465143024921
34500,13,0.00018306712277984952,1,384,0.0024429417680948973,0.0018125124042853713,,2,geometry-fixedcompute-1m-bhep-random-50ksteps,1m,bhep,random,0.014421098865568638,,0.014421098865568638
34600,13,0.00018105432533946497,1,384,0.0023939746897667646,0.0017399763455614448,,2,geometry-fixedcompute-1m-bhep-random-50ksteps,1m,bhep,random,0.014819943346083164,,0.014819943346083164
34700,13,0.00017904638428977156,1,384,0.00256543536670506,0.0019435731228441,,2,geometry-fixedcompute-1m-bhep-random-50ksteps,1m,bhep,random,0.014380816370248795,,0.014380816370248795
34800,13,0.00017704344055498542,1,384,0.0023998264223337173,0.0017902033869177103,,2,geometry-fixedcompute-1m-bhep-random-50ksteps,1m,bhep,random,0.013982665725052357,,0.013982665725052357
34900,13,0.0001750456347085943,1,384,0.0025644232518970966,0.0019467398524284363,,2,geometry-fixedcompute-1m-bhep-random-50ksteps,1m,bhep,random,0.014300409704446793,,0.014300409704446793
35000,13,0.00017305310696349096,1,384,0.0025866376236081123,0.001940305344760418,,2,geometry-fixedcompute-1m-bhep-random-50ksteps,1m,bhep,random,0.01486695185303688,,0.01486695185303688
35100,13,0.00017106599716213282,1,384,0.002618170343339443,0.0020103268325328827,,2,geometry-fixedcompute-1m-bhep-random-50ksteps,1m,bhep,random,0.014167197979986668,,0.014167197979986668
35200,13,0.0001690844447667272,1,384,0.002308035735040903,0.0016882438212633133,,2,geometry-fixedcompute-1m-bhep-random-50ksteps,1m,bhep,random,0.014084081165492535,,0.014084081165492535
35300,13,0.00016710858884944415,1,384,0.0022993560414761305,0.0016454833094030619,,2,geometry-fixedcompute-1m-bhep-random-50ksteps,1m,bhep,random,0.014722936786711216,,0.014722936786711216
35400,13,0.0001651385680826546,1,384,0.0026359581388533115,0.0019990745931863785,,2,geometry-fixedcompute-1m-bhep-random-50ksteps,1m,bhep,random,0.01473674550652504,,0.01473674550652504
35500,13,0.00016317452072919913,1,384,0.0025152855087071657,0.0018954442348331213,,2,geometry-fixedcompute-1m-bhep-random-50ksteps,1m,bhep,random,0.014292268082499504,,0.014292268082499504
35600,13,0.00016121658463268292,1,384,0.002335704630240798,0.0016974355094134808,,2,geometry-fixedcompute-1m-bhep-random-50ksteps,1m,bhep,random,0.014462818391621113,,0.014462818391621113
35700,13,0.0001592648972078028,1,384,0.0024362243711948395,0.0018218056065961719,,2,geometry-fixedcompute-1m-bhep-random-50ksteps,1m,bhep,random,0.014110184274613857,,0.014110184274613857
35800,13,0.00015731959543070187,1,384,0.0025483875069767237,0.001935006002895534,,2,geometry-fixedcompute-1m-bhep-random-50ksteps,1m,bhep,random,0.014202634803950787,,0.014202634803950787
35900,13,0.00015538081582935656,1,384,0.002617236692458391,0.0020010722801089287,,2,geometry-fixedcompute-1m-bhep-random-50ksteps,1m,bhep,random,0.014324360527098179,,0.014324360527098179
36000,13,0.000153448694473995,1,384,0.0024769408628344536,0.0018483208259567618,,2,geometry-fixedcompute-1m-bhep-random-50ksteps,1m,bhep,random,0.014420721679925919,,0.014420721679925919
36100,13,0.0001515233669675453,1,384,0.0024947775527834892,0.001877469359897077,,2,geometry-fixedcompute-1m-bhep-random-50ksteps,1m,bhep,random,0.014223630540072918,,0.014223630540072918
36200,13,0.00014960496843612167,1,384,0.002327656839042902,0.0016939749475568533,,2,geometry-fixedcompute-1m-bhep-random-50ksteps,1m,bhep,random,0.014367613941431046,,0.014367613941431046
36300,13,0.00014769363351953805,1,384,0.00245232367888093,0.0018407006282359362,,2,geometry-fixedcompute-1m-bhep-random-50ksteps,1m,bhep,random,0.014073163270950317,,0.014073163270950317
36400,13,0.00014578949636185942,1,384,0.002664645668119192,0.0020692653488367796,,2,geometry-fixedcompute-1m-bhep-random-50ksteps,1m,bhep,random,0.013976871967315674,,0.013976871967315674
36500,14,0.00014389269060198772,1,384,0.0023445128463208675,0.001703520305454731,,2,geometry-fixedcompute-1m-bhep-random-50ksteps,1m,bhep,random,0.014523373916745186,,0.014523373916745186
36600,14,0.00014200334936428197,1,384,0.0022907969541847706,0.0016782486345618963,,2,geometry-fixedcompute-1m-bhep-random-50ksteps,1m,bhep,random,0.013929211534559727,,0.013929211534559727
36700,14,0.0001401216052492153,1,384,0.0022997057531028986,0.0016622701659798622,,2,geometry-fixedcompute-1m-bhep-random-50ksteps,1m,bhep,random,0.014410980977118015,,0.014410980977118015
36800,14,0.00013824759032406842,1,384,0.0024575593415647745,0.001818191260099411,,2,geometry-fixedcompute-1m-bhep-random-50ksteps,1m,bhep,random,0.014605553820729256,,0.014605553820729256
36900,14,0.0001363814361136612,1,384,0.0023287422955036163,0.0017006783746182919,,2,geometry-fixedcompute-1m-bhep-random-50ksteps,1m,bhep,random,0.014261954464018345,,0.014261954464018345
37000,14,0.0001345232735911211,1,384,0.0021596639417111874,0.0015456111868843436,,2,geometry-fixedcompute-1m-bhep-random-50ksteps,1m,bhep,random,0.013826663605868816,,0.013826663605868816
37100,14,0.0001326732331686923,1,384,0.00227223034016788,0.0016435392899438739,,2,geometry-fixedcompute-1m-bhep-random-50ksteps,1m,bhep,random,0.014217359013855457,,0.014217359013855457
37200,14,0.0001308314446885811,1,384,0.002098489087074995,0.0014764608349651098,,2,geometry-fixedcompute-1m-bhep-random-50ksteps,1m,bhep,random,0.013917026109993458,,0.013917026109993458
37300,14,0.00012899803741384444,1,384,0.0020685165654867887,0.0014521433040499687,,2,geometry-fixedcompute-1m-bhep-random-50ksteps,1m,bhep,random,0.01377960853278637,,0.01377960853278637
37400,14,0.0001271731400193172,1,384,0.0021430728957057,0.0015206770040094852,,2,geometry-fixedcompute-1m-bhep-random-50ksteps,1m,bhep,random,0.013968597166240215,,0.013968597166240215
37500,14,0.00012535688058258176,1,384,0.0024871653877198696,0.0018679129425436258,,2,geometry-fixedcompute-1m-bhep-random-50ksteps,1m,bhep,random,0.014252962544560432,,0.014252962544560432
37600,14,0.00012354938657497893,1,384,0.002309869509190321,0.0017104347934946418,,2,geometry-fixedcompute-1m-bhep-random-50ksteps,1m,bhep,random,0.013699126429855824,,0.013699126429855824
37700,14,0.00012175078485266159,1,384,0.002261299639940262,0.0016426413785666227,,2,geometry-fixedcompute-1m-bhep-random-50ksteps,1m,bhep,random,0.014015804044902325,,0.014015804044902325
37800,14,0.00011996120164769079,1,384,0.0021701380610466003,0.0015736556379124522,,2,geometry-fixedcompute-1m-bhep-random-50ksteps,1m,bhep,random,0.013503304682672024,,0.013503304682672024
37900,14,0.0001181807625591779,1,384,0.0026548190508037806,0.0020693563856184483,,2,geometry-fixedcompute-1m-bhep-random-50ksteps,1m,bhep,random,0.013778608292341232,,0.013778608292341232
38000,14,0.000116409592544468,1,384,0.002316513564437628,0.0017181679140776396,,2,geometry-fixedcompute-1m-bhep-random-50ksteps,1m,bhep,random,0.013685083016753197,,0.013685083016753197
38100,14,0.00011464781591037102,1,384,0.0023389486595988274,0.0017064230050891638,,2,geometry-fixedcompute-1m-bhep-random-50ksteps,1m,bhep,random,0.014356938190758228,,0.014356938190758228
38200,14,0.00011289555630443703,1,384,0.0022555228788405657,0.001656007720157504,,2,geometry-fixedcompute-1m-bhep-random-50ksteps,1m,bhep,random,0.013646310195326805,,0.013646310195326805
38300,14,0.00011115293670627819,1,384,0.002392195863649249,0.0017968069296330214,,2,geometry-fixedcompute-1m-bhep-random-50ksteps,1m,bhep,random,0.01370458584278822,,0.01370458584278822
38400,14,0.00010942007941893789,1,384,0.002149520441889763,0.0015177776804193854,,2,geometry-fixedcompute-1m-bhep-random-50ksteps,1m,bhep,random,0.01415263582020998,,0.01415263582020998
38500,14,0.00010769710606030696,1,384,0.0024040462449193,0.0018003880977630615,,2,geometry-fixedcompute-1m-bhep-random-50ksteps,1m,bhep,random,0.013873553834855556,,0.013873553834855556
38600,14,0.0001059841375545878,1,384,0.0022998047061264515,0.0017143969889730215,,2,geometry-fixedcompute-1m-bhep-random-50ksteps,1m,bhep,random,0.01342255063354969,,0.01342255063354969
38700,14,0.000104281294123808,1,384,0.0023048222064971924,0.0016890664119273424,,2,geometry-fixedcompute-1m-bhep-random-50ksteps,1m,bhep,random,0.014004181139171124,,0.014004181139171124
38800,14,0.0001025886952793824,1,384,0.0025424098130315542,0.0019423178164288402,,2,geometry-fixedcompute-1m-bhep-random-50ksteps,1m,bhep,random,0.013944155536592007,,0.013944155536592007
38900,14,0.0001009064598137258,1,384,0.002214991021901369,0.001604551333002746,,2,geometry-fixedcompute-1m-bhep-random-50ksteps,1m,bhep,random,0.01381334662437439,,0.01381334662437439
39000,14,9.923470579191513e-05,1,384,0.0023880996741354465,0.001802968792617321,,2,geometry-fixedcompute-1m-bhep-random-50ksteps,1m,bhep,random,0.013505584560334682,,0.013505584560334682
39100,15,9.757355054340345e-05,1,384,0.002185789169743657,0.0015779102686792612,,2,geometry-fixedcompute-1m-bhep-random-50ksteps,1m,bhep,random,0.01373548898845911,,0.01373548898845911
39200,15,9.592311065378547e-05,1,384,0.0024905975442379713,0.0018911936786025763,,2,geometry-fixedcompute-1m-bhep-random-50ksteps,1m,bhep,random,0.01387927308678627,,0.01387927308678627
39300,15,9.428350195661534e-05,1,384,0.002250207122415304,0.001650271937251091,,2,geometry-fixedcompute-1m-bhep-random-50ksteps,1m,bhep,random,0.013648975640535355,,0.013648975640535355
39400,15,9.26548395252766e-05,1,384,0.002213990082964301,0.0016248611500486732,,2,geometry-fixedcompute-1m-bhep-random-50ksteps,1m,bhep,random,0.013407441787421703,,0.013407441787421703
39500,15,9.103723766490616e-05,1,384,0.0026193491648882627,0.002027168869972229,,2,geometry-fixedcompute-1m-bhep-random-50ksteps,1m,bhep,random,0.013870775699615479,,0.013870775699615479
39600,15,8.943080990437218e-05,1,384,0.002398099983111024,0.0018026421312242746,,2,geometry-fixedcompute-1m-bhep-random-50ksteps,1m,bhep,random,0.013711799867451191,,0.013711799867451191
39700,15,8.783566898830578e-05,1,384,0.0020960490219295025,0.0014888003934174776,,2,geometry-fixedcompute-1m-bhep-random-50ksteps,1m,bhep,random,0.013633771799504757,,0.013633771799504757
39800,15,8.625192686918863e-05,1,384,0.0024888073094189167,0.0019077978795394301,,2,geometry-fixedcompute-1m-bhep-random-50ksteps,1m,bhep,random,0.013527987524867058,,0.013527987524867058
39900,15,8.467969469949542e-05,1,384,0.0021240636706352234,0.0015037350822240114,,2,geometry-fixedcompute-1m-bhep-random-50ksteps,1m,bhep,random,0.013910305686295033,,0.013910305686295033
40000,15,8.311908282389323e-05,1,384,0.002362747909501195,0.0017571666976436973,,2,geometry-fixedcompute-1m-bhep-random-50ksteps,1m,bhep,random,0.013868791051208973,,0.013868791051208973
40100,15,8.157020077149652e-05,1,384,0.0022381104063242674,0.0016305285971611738,,2,geometry-fixedcompute-1m-bhep-random-50ksteps,1m,bhep,random,0.013782165013253689,,0.013782165013253689
40200,15,8.00331572481809e-05,1,384,0.0023937460500746965,0.0017967051826417446,,2,geometry-fixedcompute-1m-bhep-random-50ksteps,1m,bhep,random,0.013737523928284645,,0.013737523928284645
40300,15,7.850806012895276e-05,1,384,0.002066489541903138,0.0014502822887152433,,2,geometry-fixedcompute-1m-bhep-random-50ksteps,1m,bhep,random,0.013774429447948933,,0.013774429447948933
40400,15,7.699501645037899e-05,1,384,0.0023140457924455404,0.0017266467912122607,,2,geometry-fixedcompute-1m-bhep-random-50ksteps,1m,bhep,random,0.013474625535309315,,0.013474625535309315
40500,15,7.54941324030742e-05,1,384,0.0021518224384635687,0.0015709211584180593,,2,geometry-fixedcompute-1m-bhep-random-50ksteps,1m,bhep,random,0.013188948854804039,,0.013188948854804039
40600,15,7.400551332424869e-05,1,384,0.002176770009100437,0.0015779495006427169,,2,geometry-fixedcompute-1m-bhep-random-50ksteps,1m,bhep,random,0.013554360717535019,,0.013554360717535019
40700,15,7.252926369031471e-05,1,384,0.002231332240626216,0.0016520775388926268,,2,geometry-fixedcompute-1m-bhep-random-50ksteps,1m,bhep,random,0.013237171806395054,,0.013237171806395054
40800,15,7.106548710955427e-05,1,384,0.0023007637355476618,0.0017151131760329008,,2,geometry-fixedcompute-1m-bhep-random-50ksteps,1m,bhep,random,0.013428124599158764,,0.013428124599158764
40900,15,6.961428631484758e-05,1,384,0.00228429795242846,0.0017141751013696194,,2,geometry-fixedcompute-1m-bhep-random-50ksteps,1m,bhep,random,0.013116632588207722,,0.013116632588207722
41000,15,6.817576315646321e-05,1,384,0.0024387685116380453,0.0018567058723419905,,2,geometry-fixedcompute-1m-bhep-random-50ksteps,1m,bhep,random,0.013497957959771156,,0.013497957959771156
41100,15,6.675001859490918e-05,1,384,0.002048713620752096,0.0014380558859556913,,2,geometry-fixedcompute-1m-bhep-random-50ksteps,1m,bhep,random,0.013651207089424133,,0.013651207089424133
41200,15,6.533715269384758e-05,1,384,0.002218366600573063,0.0016450922703370452,,2,geometry-fixedcompute-1m-bhep-random-50ksteps,1m,bhep,random,0.013110579922795296,,0.013110579922795296
41300,15,6.393726461307193e-05,1,384,0.0023490905296057463,0.0017595429671928287,,2,geometry-fixedcompute-1m-bhep-random-50ksteps,1m,bhep,random,0.01355049293488264,,0.01355049293488264
41400,15,6.255045260154781e-05,1,384,0.0022997010964900255,0.0017119379481300712,,2,geometry-fixedcompute-1m-bhep-random-50ksteps,1m,bhep,random,0.013467201963067055,,0.013467201963067055
41500,15,6.117681399051704e-05,1,384,0.00229478208348155,0.0017138987313956022,,2,geometry-fixedcompute-1m-bhep-random-50ksteps,1m,bhep,random,0.01333156693726778,,0.01333156693726778
41600,15,5.98164451866666e-05,1,384,0.0022956999018788338,0.0017334523145109415,,2,geometry-fixedcompute-1m-bhep-random-50ksteps,1m,bhep,random,0.012978404760360718,,0.012978404760360718
41700,16,5.84694416653631e-05,1,384,0.0021958763245493174,0.0016099223867058754,,2,geometry-fixedcompute-1m-bhep-random-50ksteps,1m,bhep,random,0.013329003937542439,,0.013329003937542439
41800,16,5.713589796395131e-05,1,384,0.002294153906404972,0.0017024356639012694,,2,geometry-fixedcompute-1m-bhep-random-50ksteps,1m,bhep,random,0.01353679969906807,,0.01353679969906807
41900,16,5.581590767511983e-05,1,384,0.0022112037986516953,0.0016212926711887121,,2,geometry-fixedcompute-1m-bhep-random-50ksteps,1m,bhep,random,0.01341951359063387,,0.01341951359063387
42000,16,5.450956344033184e-05,1,384,0.0022688424214720726,0.001688063028268516,,2,geometry-fixedcompute-1m-bhep-random-50ksteps,1m,bhep,random,0.013303650543093681,,0.013303650543093681
42100,16,5.3216956943323445e-05,1,384,0.002198903588578105,0.0016348366625607014,,2,geometry-fixedcompute-1m-bhep-random-50ksteps,1m,bhep,random,0.01291617564857006,,0.01291617564857006
42200,16,5.19381789036691e-05,1,384,0.0022520264610648155,0.001677916618064046,,2,geometry-fixedcompute-1m-bhep-random-50ksteps,1m,bhep,random,0.01316011417657137,,0.01316011417657137
42300,16,5.0673319070414635e-05,1,384,0.002235566498711705,0.001650397665798664,,2,geometry-fixedcompute-1m-bhep-random-50ksteps,1m,bhep,random,0.01335377711802721,,0.01335377711802721
42400,16,4.942246621577805e-05,1,384,0.002293152967467904,0.0017032588366419077,,2,geometry-fixedcompute-1m-bhep-random-50ksteps,1m,bhep,random,0.013501140289008617,,0.013501140289008617
42500,16,4.8185708128919435e-05,1,384,0.0022063208743929863,0.001631198450922966,,2,geometry-fixedcompute-1m-bhep-random-50ksteps,1m,bhep,random,0.013133649714291096,,0.013133649714291096
42600,16,4.6963131609779435e-05,1,384,0.00226408033631742,0.0016732558142393827,,2,geometry-fixedcompute-1m-bhep-random-50ksteps,1m,bhep,random,0.013489744625985622,,0.013489744625985622
42700,16,4.575482246298764e-05,1,384,0.0021294362377375364,0.0015486226184293628,,2,geometry-fixedcompute-1m-bhep-random-50ksteps,1m,bhep,random,0.013164897449314594,,0.013164897449314594
42800,16,4.456086549184025e-05,1,384,0.0020500735845416784,0.0014649571385234594,,2,geometry-fixedcompute-1m-bhep-random-50ksteps,1m,bhep,random,0.013167284429073334,,0.013167284429073334
42900,16,4.3381344492348286e-05,1,384,0.0021415329538285732,0.0015376935480162501,,2,geometry-fixedcompute-1m-bhep-random-50ksteps,1m,bhep,random,0.013614480383694172,,0.013614480383694172
43000,16,4.2216342247356707e-05,1,384,0.0022419311571866274,0.0016881679184734821,,2,geometry-fixedcompute-1m-bhep-random-50ksteps,1m,bhep,random,0.01276343408972025,,0.01276343408972025
43100,16,4.1065940520733994e-05,1,384,0.002139803022146225,0.001555655850097537,,2,geometry-fixedcompute-1m-bhep-random-50ksteps,1m,bhep,random,0.01323859766125679,,0.01323859766125679
43200,16,3.9930220051634445e-05,1,384,0.002205908065661788,0.0016293337102979422,,2,geometry-fixedcompute-1m-bhep-random-50ksteps,1m,bhep,random,0.013160820119082928,,0.013160820119082928
43300,16,3.8809260548830795e-05,1,384,0.0021937210112810135,0.0016038930043578148,,2,geometry-fixedcompute-1m-bhep-random-50ksteps,1m,bhep,random,0.013400454074144363,,0.013400454074144363
43400,16,3.7703140685120476e-05,1,384,0.002370817121118307,0.0018149627139791846,,2,geometry-fixedcompute-1m-bhep-random-50ksteps,1m,bhep,random,0.01293205190449953,,0.01293205190449953
43500,16,3.661193809180397e-05,1,384,0.0024457231629639864,0.001887912629172206,,2,geometry-fixedcompute-1m-bhep-random-50ksteps,1m,bhep,random,0.013044123537838459,,0.013044123537838459
43600,16,3.5535729353236204e-05,1,384,0.0020056022331118584,0.0014167319750413299,,2,geometry-fixedcompute-1m-bhep-random-50ksteps,1m,bhep,random,0.013194139115512371,,0.013194139115512371
43700,16,3.4474590001452095e-05,1,384,0.002330111339688301,0.001748576178215444,,2,geometry-fixedcompute-1m-bhep-random-50ksteps,1m,bhep,random,0.013379277661442757,,0.013379277661442757
43800,16,3.3428594510864724e-05,1,384,0.0022631706669926643,0.0016888661775738,,2,geometry-fixedcompute-1m-bhep-random-50ksteps,1m,bhep,random,0.01317495759576559,,0.01317495759576559
43900,16,3.239781629303911e-05,1,384,0.0020263842307031155,0.0014458601363003254,,2,geometry-fixedcompute-1m-bhep-random-50ksteps,1m,bhep,random,0.01305633969604969,,0.01305633969604969
44000,16,3.138232769153948e-05,1,384,0.0020886145066469908,0.001505314721725881,,2,geometry-fixedcompute-1m-bhep-random-50ksteps,1m,bhep,random,0.013171309605240822,,0.013171309605240822
44100,16,3.038219997685242e-05,1,384,0.0019858255982398987,0.001411867095157504,,2,geometry-fixedcompute-1m-bhep-random-50ksteps,1m,bhep,random,0.012891036458313465,,0.012891036458313465
44200,16,2.9397503341384265e-05,1,384,0.0020406257826834917,0.0014551104977726936,,2,geometry-fixedcompute-1m-bhep-random-50ksteps,1m,bhep,random,0.01316541526466608,,0.01316541526466608
44300,17,2.8428306894535338e-05,1,384,0.0022304642479866743,0.00164400739595294,,2,geometry-fixedcompute-1m-bhep-random-50ksteps,1m,bhep,random,0.013373144902288914,,0.013373144902288914
44400,17,2.7474678657849148e-05,1,384,0.002295410493388772,0.0017225116025656462,,2,geometry-fixedcompute-1m-bhep-random-50ksteps,1m,bhep,random,0.013180488720536232,,0.013180488720536232
44500,17,2.6536685560238913e-05,1,384,0.002130842301994562,0.0015489847864955664,,2,geometry-fixedcompute-1m-bhep-random-50ksteps,1m,bhep,random,0.013186137191951275,,0.013186137191951275
44600,17,2.5614393433289605e-05,1,384,0.0021227358374744654,0.0015423353761434555,,2,geometry-fixedcompute-1m-bhep-random-50ksteps,1m,bhep,random,0.013150344602763653,,0.013150344602763653
44700,17,2.4707867006638262e-05,1,384,0.0021800503600388765,0.001623421674594283,,2,geometry-fixedcompute-1m-bhep-random-50ksteps,1m,bhep,random,0.01275599468499422,,0.01275599468499422
44800,17,2.3817169903430686e-05,1,384,0.002092760056257248,0.0015167430974543095,,2,geometry-fixedcompute-1m-bhep-random-50ksteps,1m,bhep,random,0.013037082739174366,,0.013037082739174366
44900,17,2.2942364635856203e-05,1,384,0.0020417829509824514,0.0014599820133298635,,2,geometry-fixedcompute-1m-bhep-random-50ksteps,1m,bhep,random,0.013096002861857414,,0.013096002861857414
45000,17,2.2083512600760726e-05,1,384,0.002331166062504053,0.0017736147856339812,,2,geometry-fixedcompute-1m-bhep-random-50ksteps,1m,bhep,random,0.012924641370773315,,0.012924641370773315
45100,17,2.124067407533687e-05,1,384,0.0021932614035904408,0.0016171012539416552,,2,geometry-fixedcompute-1m-bhep-random-50ksteps,1m,bhep,random,0.013140305876731873,,0.013140305876731873
45200,17,2.0413908212894406e-05,1,384,0.0022944677621126175,0.001744425855576992,,2,geometry-fixedcompute-1m-bhep-random-50ksteps,1m,bhep,random,0.012745261192321777,,0.012745261192321777
45300,17,1.960327303870808e-05,1,384,0.002059031743556261,0.00149318459443748,,2,geometry-fixedcompute-1m-bhep-random-50ksteps,1m,bhep,random,0.012810127809643745,,0.012810127809643745
45400,17,1.8808825445945534e-05,1,384,0.002213254338130355,0.0016575558111071587,,2,geometry-fixedcompute-1m-bhep-random-50ksteps,1m,bhep,random,0.012771527282893658,,0.012771527282893658
45500,17,1.8030621191674124e-05,1,384,0.0020716895814985037,0.0014988628681749105,,2,geometry-fixedcompute-1m-bhep-random-50ksteps,1m,bhep,random,0.012955397367477417,,0.012955397367477417
45600,17,1.7268714892947803e-05,1,384,0.0023706743959337473,0.0018319131340831518,,2,geometry-fixedcompute-1m-bhep-random-50ksteps,1m,bhep,random,0.01260713953524828,,0.01260713953524828
45700,17,1.6523160022973805e-05,1,384,0.0020592105574905872,0.0014841904630884528,,2,geometry-fixedcompute-1m-bhep-random-50ksteps,1m,bhep,random,0.012984593398869038,,0.012984593398869038
45800,17,1.5794008907360016e-05,1,384,0.0021752514876425266,0.0016131566371768713,,2,geometry-fixedcompute-1m-bhep-random-50ksteps,1m,bhep,random,0.012855052947998047,,0.012855052947998047
45900,17,1.5081312720442118e-05,1,384,0.0021387948654592037,0.0015652630245313048,,2,geometry-fixedcompute-1m-bhep-random-50ksteps,1m,bhep,random,0.013035899959504604,,0.013035899959504604
46000,17,1.438512148169243e-05,1,384,0.0022181931417435408,0.0016558633651584387,,2,geometry-fixedcompute-1m-bhep-random-50ksteps,1m,bhep,random,0.012902457267045975,,0.012902457267045975
46100,17,1.3705484052209072e-05,1,384,0.0021874667145311832,0.0016254991060122848,,2,geometry-fixedcompute-1m-bhep-random-50ksteps,1m,bhep,random,0.012864853255450726,,0.012864853255450726
46200,17,1.3042448131286824e-05,1,384,0.0021924921311438084,0.0016058448236435652,,2,geometry-fixedcompute-1m-bhep-random-50ksteps,1m,bhep,random,0.013338791206479073,,0.013338791206479073
46300,17,1.239606025306954e-05,1,384,0.0022879373282194138,0.001724887639284134,,2,geometry-fixedcompute-1m-bhep-random-50ksteps,1m,bhep,random,0.012985882349312305,,0.012985882349312305
46400,17,1.1766365783284007e-05,1,384,0.0022178669460117817,0.001645747572183609,,2,geometry-fixedcompute-1m-bhep-random-50ksteps,1m,bhep,random,0.013088134117424488,,0.013088134117424488
46500,17,1.1153408916056172e-05,1,384,0.0021199174225330353,0.001557210460305214,,2,geometry-fixedcompute-1m-bhep-random-50ksteps,1m,bhep,random,0.012811349704861641,,0.012811349704861641
46600,17,1.0557232670809407e-05,1,384,0.0021696642506867647,0.001616563880816102,,2,geometry-fixedcompute-1m-bhep-random-50ksteps,1m,bhep,random,0.012678570114076138,,0.012678570114076138
46700,17,9.97787888924533e-06,1,384,0.002274271799251437,0.0016938929911702871,,2,geometry-fixedcompute-1m-bhep-random-50ksteps,1m,bhep,random,0.013301469385623932,,0.013301469385623932
46800,17,9.415388232407037e-06,1,384,0.0020886899437755346,0.0015455915126949549,,2,geometry-fixedcompute-1m-bhep-random-50ksteps,1m,bhep,random,0.012407560832798481,,0.012407560832798481
46900,18,8.869800177825473e-06,1,384,0.0021857505198568106,0.0015907473862171173,,2,geometry-fixedcompute-1m-bhep-random-50ksteps,1m,bhep,random,0.013490810059010983,,0.013490810059010983
47000,18,8.341153016748756e-06,1,384,0.002174713648855686,0.00161660963203758,,2,geometry-fixedcompute-1m-bhep-random-50ksteps,1m,bhep,random,0.01277868915349245,,0.01277868915349245
47100,18,7.829483851454853e-06,1,384,0.002269362099468708,0.001717179547995329,,2,geometry-fixedcompute-1m-bhep-random-50ksteps,1m,bhep,random,0.012760831043124199,,0.012760831043124199
47200,18,7.334828592647484e-06,1,384,0.0021667249966412783,0.0016010463004931808,,2,geometry-fixedcompute-1m-bhep-random-50ksteps,1m,bhep,random,0.012914619408547878,,0.012914619408547878
47300,18,6.857221956935838e-06,1,384,0.002173525281250477,0.0016055048909038305,,2,geometry-fixedcompute-1m-bhep-random-50ksteps,1m,bhep,random,0.012965910136699677,,0.012965910136699677
47400,18,6.396697464398013e-06,1,384,0.0022447744850069284,0.0016715516103431582,,2,geometry-fixedcompute-1m-bhep-random-50ksteps,1m,bhep,random,0.013136007823050022,,0.013136007823050022
47500,18,5.953287436228477e-06,1,384,0.0020705016795545816,0.0015209302073344588,,2,geometry-fixedcompute-1m-bhep-random-50ksteps,1m,bhep,random,0.012512360699474812,,0.012512360699474812
47600,18,5.527022992469717e-06,1,384,0.0020173557568341494,0.0014341812347993255,,2,geometry-fixedcompute-1m-bhep-random-50ksteps,1m,bhep,random,0.013097669929265976,,0.013097669929265976
47700,18,5.117934049828051e-06,1,384,0.0022377553395926952,0.001685476629063487,,2,geometry-fixedcompute-1m-bhep-random-50ksteps,1m,bhep,random,0.012731051072478294,,0.012731051072478294
47800,18,4.726049319573937e-06,1,384,0.0021072959061712027,0.00153967528603971,,2,geometry-fixedcompute-1m-bhep-random-50ksteps,1m,bhep,random,0.01289208885282278,,0.01289208885282278
47900,18,4.351396305527036e-06,1,384,0.0021091450471431017,0.0015300735831260681,,2,geometry-fixedcompute-1m-bhep-random-50ksteps,1m,bhep,random,0.013111503794789314,,0.013111503794789314
48000,18,3.9940013021258395e-06,1,384,0.0023161156568676233,0.0017547321040183306,,2,geometry-fixedcompute-1m-bhep-random-50ksteps,1m,bhep,random,0.012982404790818691,,0.012982404790818691
48100,18,3.6538893925822097e-06,1,384,0.0021340628154575825,0.0015540595632046461,,2,geometry-fixedcompute-1m-bhep-random-50ksteps,1m,bhep,random,0.013154123909771442,,0.013154123909771442
48200,18,3.3310844471209523e-06,1,384,0.002068789443001151,0.0015037462580949068,,2,geometry-fixedcompute-1m-bhep-random-50ksteps,1m,bhep,random,0.012804610654711723,,0.012804610654711723
48300,18,3.0256091213045416e-06,1,384,0.0019523559603840113,0.0013945151586085558,,2,geometry-fixedcompute-1m-bhep-random-50ksteps,1m,bhep,random,0.012551331892609596,,0.012551331892609596
48400,18,2.737484854443172e-06,1,384,0.0021219500340521336,0.0015392790082842112,,2,geometry-fixedcompute-1m-bhep-random-50ksteps,1m,bhep,random,0.01319270022213459,,0.01319270022213459
48500,18,2.4667318680899045e-06,1,384,0.002341482089832425,0.001787512912414968,,2,geometry-fixedcompute-1m-bhep-random-50ksteps,1m,bhep,random,0.012866896577179432,,0.012866896577179432
48600,18,2.2133691646215212e-06,1,384,0.002298740204423666,0.0017453907057642937,,2,geometry-fixedcompute-1m-bhep-random-50ksteps,1m,bhep,random,0.01281238254159689,,0.01281238254159689
48700,18,1.9774145259048734e-06,1,384,0.0019517217297106981,0.0013851725962013006,,2,geometry-fixedcompute-1m-bhep-random-50ksteps,1m,bhep,random,0.012716156430542469,,0.012716156430542469
48800,18,1.758884512048903e-06,1,384,0.002172966953366995,0.0016058215405791998,,2,geometry-fixedcompute-1m-bhep-random-50ksteps,1m,bhep,random,0.01294872909784317,,0.01294872909784317
48900,18,1.5577944602424216e-06,1,384,0.002355278469622135,0.0018100438173860312,,2,geometry-fixedcompute-1m-bhep-random-50ksteps,1m,bhep,random,0.012714737094938755,,0.012714737094938755
49000,18,1.3741584836776117e-06,1,384,0.0021844697184860706,0.0016328197671100497,,2,geometry-fixedcompute-1m-bhep-random-50ksteps,1m,bhep,random,0.012665821239352226,,0.012665821239352226
49100,18,1.2079894705595786e-06,1,384,0.0020611088257282972,0.001473587821237743,,2,geometry-fixedcompute-1m-bhep-random-50ksteps,1m,bhep,random,0.013224007561802864,,0.013224007561802864
49200,18,1.0592990832017577e-06,1,384,0.0021416046656668186,0.0015989592066034675,,2,geometry-fixedcompute-1m-bhep-random-50ksteps,1m,bhep,random,0.012451870366930962,,0.012451870366930962
49300,18,9.280977572075126e-07,1,384,0.0020113165955990553,0.0014537065289914608,,2,geometry-fixedcompute-1m-bhep-random-50ksteps,1m,bhep,random,0.012605908326804638,,0.012605908326804638
49400,18,8.143947007376327e-07,1,384,0.002119141397997737,0.0015523809706792235,,2,geometry-fixedcompute-1m-bhep-random-50ksteps,1m,bhep,random,0.012887589633464813,,0.012887589633464813
49500,19,7.181978938641054e-07,1,384,0.0021727541461586952,0.0016058124601840973,,2,geometry-fixedcompute-1m-bhep-random-50ksteps,1m,bhep,random,0.012944646179676056,,0.012944646179676056
49600,19,6.395140880100399e-07,1,384,0.0020373750012367964,0.0014644588809460402,,2,geometry-fixedcompute-1m-bhep-random-50ksteps,1m,bhep,random,0.012922778725624084,,0.012922778725624084
49700,19,5.783488054758322e-07,1,384,0.0023672920651733875,0.001797923119738698,,2,geometry-fixedcompute-1m-bhep-random-50ksteps,1m,bhep,random,0.01318530272692442,,0.01318530272692442
49800,19,5.347063390516083e-07,1,384,0.0019146297127008438,0.0013304873136803508,,2,geometry-fixedcompute-1m-bhep-random-50ksteps,1m,bhep,random,0.013013334013521671,,0.013013334013521671
49900,19,5.085897517159643e-07,1,384,0.00212000566534698,0.0015377765521407127,,2,geometry-fixedcompute-1m-bhep-random-50ksteps,1m,bhep,random,0.01318235881626606,,0.01318235881626606
0,0,5.0396e-06,1,384,0.44106411933898926,0.46421462297439575,,2,geometry-fixedcompute-1m-bhep-imagenet-50ksteps,1m,bhep,imagenet,0.0012048330390825868,,0.0012048330390825868
100,0,8.999599999999996e-06,1,384,0.1863497942686081,0.19593599438667297,,2,geometry-fixedcompute-1m-bhep-imagenet-50ksteps,1m,bhep,imagenet,0.004211828112602234,,0.004211828112602234
200,0,1.295959999999996e-05,1,384,0.08160813897848129,0.0816875472664833,,2,geometry-fixedcompute-1m-bhep-imagenet-50ksteps,1m,bhep,imagenet,0.08009933680295944,,0.08009933680295944
300,0,1.691959999999993e-05,1,384,0.09066247940063477,0.09271155297756195,,2,geometry-fixedcompute-1m-bhep-imagenet-50ksteps,1m,bhep,imagenet,0.05173005536198616,,0.05173005536198616
400,0,2.0879599999999897e-05,1,384,0.041760511696338654,0.040564894676208496,,2,geometry-fixedcompute-1m-bhep-imagenet-50ksteps,1m,bhep,imagenet,0.06447725743055344,,0.06447725743055344
500,0,2.483959999999992e-05,1,384,0.049757953733205795,0.0489288866519928,,2,geometry-fixedcompute-1m-bhep-imagenet-50ksteps,1m,bhep,imagenet,0.06551030278205872,,0.06551030278205872
600,0,2.879959999999994e-05,1,384,0.11752680689096451,0.12119098752737045,,2,geometry-fixedcompute-1m-bhep-imagenet-50ksteps,1m,bhep,imagenet,0.047907449305057526,,0.047907449305057526
700,0,3.275959999999989e-05,1,384,0.13970984518527985,0.14484252035617828,,2,geometry-fixedcompute-1m-bhep-imagenet-50ksteps,1m,bhep,imagenet,0.042189061641693115,,0.042189061641693115
800,0,3.671959999999993e-05,1,384,0.05935141071677208,0.05997332185506821,,2,geometry-fixedcompute-1m-bhep-imagenet-50ksteps,1m,bhep,imagenet,0.04753509536385536,,0.04753509536385536
900,0,4.0679599999999955e-05,1,384,0.05742500722408295,0.05796010047197342,,2,geometry-fixedcompute-1m-bhep-imagenet-50ksteps,1m,bhep,imagenet,0.04725823178887367,,0.04725823178887367
1000,0,4.463959999999999e-05,1,384,0.07171627879142761,0.07316062599420547,,2,geometry-fixedcompute-1m-bhep-imagenet-50ksteps,1m,bhep,imagenet,0.044273726642131805,,0.044273726642131805
1100,0,4.859960000000004e-05,1,384,0.058231282979249954,0.05930272489786148,,2,geometry-fixedcompute-1m-bhep-imagenet-50ksteps,1m,bhep,imagenet,0.037873901426792145,,0.037873901426792145
1200,0,5.25596000000001e-05,1,384,0.05136856809258461,0.052051644772291183,,2,geometry-fixedcompute-1m-bhep-imagenet-50ksteps,1m,bhep,imagenet,0.0383901447057724,,0.0383901447057724
1300,0,5.651960000000012e-05,1,384,0.059097740799188614,0.05970318242907524,,2,geometry-fixedcompute-1m-bhep-imagenet-50ksteps,1m,bhep,imagenet,0.04759438708424568,,0.04759438708424568
1400,0,6.047960000000012e-05,1,384,0.0523553341627121,0.053635530173778534,,2,geometry-fixedcompute-1m-bhep-imagenet-50ksteps,1m,bhep,imagenet,0.02803163044154644,,0.02803163044154644
1500,0,6.443960000000015e-05,1,384,0.023227626457810402,0.022497443482279778,,2,geometry-fixedcompute-1m-bhep-imagenet-50ksteps,1m,bhep,imagenet,0.03710109740495682,,0.03710109740495682
1600,0,6.839960000000024e-05,1,384,0.024067798629403114,0.023291584104299545,,2,geometry-fixedcompute-1m-bhep-imagenet-50ksteps,1m,bhep,imagenet,0.03881589695811272,,0.03881589695811272
1700,0,7.23596000000003e-05,1,384,0.023873869329690933,0.02268810383975506,,2,geometry-fixedcompute-1m-bhep-imagenet-50ksteps,1m,bhep,imagenet,0.04640341177582741,,0.04640341177582741
1800,0,7.63196000000003e-05,1,384,0.030797649174928665,0.030214816331863403,,2,geometry-fixedcompute-1m-bhep-imagenet-50ksteps,1m,bhep,imagenet,0.04187149181962013,,0.04187149181962013
1900,0,8.02796000000004e-05,1,384,0.15670257806777954,0.16323144733905792,,2,geometry-fixedcompute-1m-bhep-imagenet-50ksteps,1m,bhep,imagenet,0.03265425190329552,,0.03265425190329552
2000,0,8.423960000000036e-05,1,384,0.037772152572870255,0.03811011090874672,,2,geometry-fixedcompute-1m-bhep-imagenet-50ksteps,1m,bhep,imagenet,0.03135094419121742,,0.03135094419121742
2100,0,8.819960000000019e-05,1,384,0.05546211451292038,0.05685301125049591,,2,geometry-fixedcompute-1m-bhep-imagenet-50ksteps,1m,bhep,imagenet,0.029035044834017754,,0.029035044834017754
2200,0,9.215960000000019e-05,1,384,0.026964273303747177,0.026905741542577744,,2,geometry-fixedcompute-1m-bhep-imagenet-50ksteps,1m,bhep,imagenet,0.028076384216547012,,0.028076384216547012
2300,0,9.611960000000014e-05,1,384,0.021408937871456146,0.020939495414495468,,2,geometry-fixedcompute-1m-bhep-imagenet-50ksteps,1m,bhep,imagenet,0.03032834082841873,,0.03032834082841873
2400,0,0.00010007960000000004,1,384,0.01991936005651951,0.01942327618598938,,2,geometry-fixedcompute-1m-bhep-imagenet-50ksteps,1m,bhep,imagenet,0.029344962909817696,,0.029344962909817696
2500,0,0.0001040396,1,384,0.033624839037656784,0.03399212285876274,,2,geometry-fixedcompute-1m-bhep-imagenet-50ksteps,1m,bhep,imagenet,0.02664647437632084,,0.02664647437632084
2600,0,0.0001079995999999999,1,384,0.02223118767142296,0.02190934680402279,,2,geometry-fixedcompute-1m-bhep-imagenet-50ksteps,1m,bhep,imagenet,0.028346171602606773,,0.028346171602606773
2700,1,0.0001119595999999997,1,384,0.01661292091012001,0.0159838255494833,,2,geometry-fixedcompute-1m-bhep-imagenet-50ksteps,1m,bhep,imagenet,0.028565725311636925,,0.028565725311636925
2800,1,0.00011591959999999953,1,384,0.03469891473650932,0.03529074043035507,,2,geometry-fixedcompute-1m-bhep-imagenet-50ksteps,1m,bhep,imagenet,0.02345421351492405,,0.02345421351492405
2900,1,0.00011987959999999937,1,384,0.0277077816426754,0.02789308689534664,,2,geometry-fixedcompute-1m-bhep-imagenet-50ksteps,1m,bhep,imagenet,0.02418699488043785,,0.02418699488043785
3000,1,0.00012383959999999963,1,384,0.03141740337014198,0.0318731926381588,,2,geometry-fixedcompute-1m-bhep-imagenet-50ksteps,1m,bhep,imagenet,0.02275739796459675,,0.02275739796459675
3100,1,0.00012779959999999966,1,384,0.022924747318029404,0.022779470309615135,,2,geometry-fixedcompute-1m-bhep-imagenet-50ksteps,1m,bhep,imagenet,0.025685012340545654,,0.025685012340545654
3200,1,0.0001317595999999997,1,384,0.0132070854306221,0.012447155080735683,,2,geometry-fixedcompute-1m-bhep-imagenet-50ksteps,1m,bhep,imagenet,0.027645764872431755,,0.027645764872431755
3300,1,0.00013571959999999936,1,384,0.016697347164154053,0.016153693199157715,,2,geometry-fixedcompute-1m-bhep-imagenet-50ksteps,1m,bhep,imagenet,0.027026774361729622,,0.027026774361729622
3400,1,0.00013967959999999918,1,384,0.019148580729961395,0.01892707496881485,,2,geometry-fixedcompute-1m-bhep-imagenet-50ksteps,1m,bhep,imagenet,0.023357203230261803,,0.023357203230261803
3500,1,0.0001436395999999989,1,384,0.0206130463629961,0.020623553544282913,,2,geometry-fixedcompute-1m-bhep-imagenet-50ksteps,1m,bhep,imagenet,0.020413387566804886,,0.020413387566804886
3600,1,0.00014759959999999874,1,384,0.017171312123537064,0.01669878140091896,,2,geometry-fixedcompute-1m-bhep-imagenet-50ksteps,1m,bhep,imagenet,0.026149405166506767,,0.026149405166506767
3700,1,0.0001515595999999985,1,384,0.024772122502326965,0.02461649850010872,,2,geometry-fixedcompute-1m-bhep-imagenet-50ksteps,1m,bhep,imagenet,0.027728969231247902,,0.027728969231247902
3800,1,0.00015551959999999835,1,384,0.0166440699249506,0.016196059063076973,,2,geometry-fixedcompute-1m-bhep-imagenet-50ksteps,1m,bhep,imagenet,0.025156283751130104,,0.025156283751130104
3900,1,0.00015947959999999822,1,384,0.011902720667421818,0.011288817040622234,,2,geometry-fixedcompute-1m-bhep-imagenet-50ksteps,1m,bhep,imagenet,0.023566897958517075,,0.023566897958517075
4000,1,0.00016343959999999774,1,384,0.01485199760645628,0.014291895553469658,,2,geometry-fixedcompute-1m-bhep-imagenet-50ksteps,1m,bhep,imagenet,0.025493936613202095,,0.025493936613202095
4100,1,0.00016739959999999743,1,384,0.018801063299179077,0.018520500510931015,,2,geometry-fixedcompute-1m-bhep-imagenet-50ksteps,1m,bhep,imagenet,0.02413177117705345,,0.02413177117705345
4200,1,0.00017135959999999722,1,384,0.012375164777040482,0.011727122589945793,,2,geometry-fixedcompute-1m-bhep-imagenet-50ksteps,1m,bhep,imagenet,0.02468797191977501,,0.02468797191977501
4300,1,0.00017531959999999682,1,384,0.015730855986475945,0.0152735635638237,,2,geometry-fixedcompute-1m-bhep-imagenet-50ksteps,1m,bhep,imagenet,0.024419406428933144,,0.024419406428933144
4400,1,0.00017927959999999667,1,384,0.011804087087512016,0.011021124199032784,,2,geometry-fixedcompute-1m-bhep-imagenet-50ksteps,1m,bhep,imagenet,0.026680374518036842,,0.026680374518036842
4500,1,0.00018323959999999654,1,384,0.014502638950943947,0.013748211786150932,,2,geometry-fixedcompute-1m-bhep-imagenet-50ksteps,1m,bhep,imagenet,0.02883676439523697,,0.02883676439523697
4600,1,0.00018719959999999628,1,384,0.012447142973542213,0.011457200162112713,,2,geometry-fixedcompute-1m-bhep-imagenet-50ksteps,1m,bhep,imagenet,0.031256053596735,,0.031256053596735
4700,1,0.0001911595999999961,1,384,0.020450172945857048,0.02019592747092247,,2,geometry-fixedcompute-1m-bhep-imagenet-50ksteps,1m,bhep,imagenet,0.02528083324432373,,0.02528083324432373
4800,1,0.00019511959999999579,1,384,0.015071454457938671,0.0145026333630085,,2,geometry-fixedcompute-1m-bhep-imagenet-50ksteps,1m,bhep,imagenet,0.02587904967367649,,0.02587904967367649
4900,1,0.0001990795999999954,1,384,0.008353320881724358,0.007593344897031784,,2,geometry-fixedcompute-1m-bhep-imagenet-50ksteps,1m,bhep,imagenet,0.022792872041463852,,0.022792872041463852
5000,1,0.00020303959999999526,1,384,0.015086598694324493,0.01457308791577816,,2,geometry-fixedcompute-1m-bhep-imagenet-50ksteps,1m,bhep,imagenet,0.024843314662575722,,0.024843314662575722
5100,1,0.00020699959999999503,1,384,0.01106222253292799,0.010289527475833893,,2,geometry-fixedcompute-1m-bhep-imagenet-50ksteps,1m,bhep,imagenet,0.025743424892425537,,0.025743424892425537
5200,1,0.00021095959999999455,1,384,0.010885277763009071,0.009914688766002655,,2,geometry-fixedcompute-1m-bhep-imagenet-50ksteps,1m,bhep,imagenet,0.02932647243142128,,0.02932647243142128
5300,2,0.00021491959999999426,1,384,0.013759701512753963,0.013226008042693138,,2,geometry-fixedcompute-1m-bhep-imagenet-50ksteps,1m,bhep,imagenet,0.023899873718619347,,0.023899873718619347
5400,2,0.00021887959999999408,1,384,0.010382164269685745,0.009587868116796017,,2,geometry-fixedcompute-1m-bhep-imagenet-50ksteps,1m,bhep,imagenet,0.02547379769384861,,0.02547379769384861
5500,2,0.0002228395999999941,1,384,0.00975240208208561,0.008955253288149834,,2,geometry-fixedcompute-1m-bhep-imagenet-50ksteps,1m,bhep,imagenet,0.024898232892155647,,0.024898232892155647
5600,2,0.0002267995999999939,1,384,0.008164935745298862,0.007252214476466179,,2,geometry-fixedcompute-1m-bhep-imagenet-50ksteps,1m,bhep,imagenet,0.025506647303700447,,0.025506647303700447
5700,2,0.00023075959999999354,1,384,0.006798704620450735,0.005851780530065298,,2,geometry-fixedcompute-1m-bhep-imagenet-50ksteps,1m,bhep,imagenet,0.024790257215499878,,0.024790257215499878
5800,2,0.00023471959999999328,1,384,0.014890649355947971,0.014460260979831219,,2,geometry-fixedcompute-1m-bhep-imagenet-50ksteps,1m,bhep,imagenet,0.023068036884069443,,0.023068036884069443
5900,2,0.00023867959999999288,1,384,0.010469801723957062,0.009686825796961784,,2,geometry-fixedcompute-1m-bhep-imagenet-50ksteps,1m,bhep,imagenet,0.02534634806215763,,0.02534634806215763
6000,2,0.00024263959999999268,1,384,0.009043654426932335,0.00825982354581356,,2,geometry-fixedcompute-1m-bhep-imagenet-50ksteps,1m,bhep,imagenet,0.0239364393055439,,0.0239364393055439
6100,2,0.0002465995999999924,1,384,0.006263645365834236,0.005315818823873997,,2,geometry-fixedcompute-1m-bhep-imagenet-50ksteps,1m,bhep,imagenet,0.02427235245704651,,0.02427235245704651
6200,2,0.00025055959999999237,1,384,0.009064694866538048,0.008338700979948044,,2,geometry-fixedcompute-1m-bhep-imagenet-50ksteps,1m,bhep,imagenet,0.022858580574393272,,0.022858580574393272
6300,2,0.00025451959999999216,1,384,0.007264573592692614,0.00632535619661212,,2,geometry-fixedcompute-1m-bhep-imagenet-50ksteps,1m,bhep,imagenet,0.025109706446528435,,0.025109706446528435
6400,2,0.0002584795999999917,1,384,0.0053769913502037525,0.004485927522182465,,2,geometry-fixedcompute-1m-bhep-imagenet-50ksteps,1m,bhep,imagenet,0.02230720780789852,,0.02230720780789852
6500,2,0.00026243959999999164,1,384,0.006742012687027454,0.005975596606731415,,2,geometry-fixedcompute-1m-bhep-imagenet-50ksteps,1m,bhep,imagenet,0.021303921937942505,,0.021303921937942505
6600,2,0.0002663995999999912,1,384,0.00613193865865469,0.005305982194840908,,2,geometry-fixedcompute-1m-bhep-imagenet-50ksteps,1m,bhep,imagenet,0.021825114265084267,,0.021825114265084267
6700,2,0.00027035959999999106,1,384,0.005959613248705864,0.004954786971211433,,2,geometry-fixedcompute-1m-bhep-imagenet-50ksteps,1m,bhep,imagenet,0.025051305070519447,,0.025051305070519447
6800,2,0.0002743195999999908,1,384,0.005388852208852768,0.004511557519435883,,2,geometry-fixedcompute-1m-bhep-imagenet-50ksteps,1m,bhep,imagenet,0.02205744944512844,,0.02205744944512844
6900,2,0.0002782795999999907,1,384,0.0059599122032523155,0.005087301600724459,,2,geometry-fixedcompute-1m-bhep-imagenet-50ksteps,1m,bhep,imagenet,0.02253951132297516,,0.02253951132297516
7000,2,0.00028223959999999033,1,384,0.005686790216714144,0.0048131560906767845,,2,geometry-fixedcompute-1m-bhep-imagenet-50ksteps,1m,bhep,imagenet,0.022285843268036842,,0.022285843268036842
7100,2,0.0002861995999999898,1,384,0.004672575742006302,0.003638077061623335,,2,geometry-fixedcompute-1m-bhep-imagenet-50ksteps,1m,bhep,imagenet,0.024328045547008514,,0.024328045547008514
7200,2,0.00029015959999998954,1,384,0.006298500578850508,0.005415807478129864,,2,geometry-fixedcompute-1m-bhep-imagenet-50ksteps,1m,bhep,imagenet,0.02306966669857502,,0.02306966669857502
7300,2,0.0002941195999999894,1,384,0.005018929950892925,0.004169433377683163,,2,geometry-fixedcompute-1m-bhep-imagenet-50ksteps,1m,bhep,imagenet,0.021159367635846138,,0.021159367635846138
7400,2,0.00029807959999998874,1,384,0.004479966592043638,0.003606883343309164,,2,geometry-fixedcompute-1m-bhep-imagenet-50ksteps,1m,bhep,imagenet,0.021068548783659935,,0.021068548783659935
7500,2,0.00030203959999998816,1,384,0.005074824672192335,0.004197911359369755,,2,geometry-fixedcompute-1m-bhep-imagenet-50ksteps,1m,bhep,imagenet,0.021736174821853638,,0.021736174821853638
7600,2,0.00030599959999998757,1,384,0.004809343256056309,0.0038778360467404127,,2,geometry-fixedcompute-1m-bhep-imagenet-50ksteps,1m,bhep,imagenet,0.022507980465888977,,0.022507980465888977
7700,2,0.0003099595999999868,1,384,0.004592130426317453,0.0037401621229946613,,2,geometry-fixedcompute-1m-bhep-imagenet-50ksteps,1m,bhep,imagenet,0.020779527723789215,,0.020779527723789215
7800,2,0.0003139195999999862,1,384,0.004361777100712061,0.003533977782353759,,2,geometry-fixedcompute-1m-bhep-imagenet-50ksteps,1m,bhep,imagenet,0.02008996717631817,,0.02008996717631817
7900,3,0.0003178795999999855,1,384,0.003968705423176289,0.003128731157630682,,2,geometry-fixedcompute-1m-bhep-imagenet-50ksteps,1m,bhep,imagenet,0.019928213208913803,,0.019928213208913803
8000,3,0.000321839599999985,1,384,0.003985780291259289,0.003040128853172064,,2,geometry-fixedcompute-1m-bhep-imagenet-50ksteps,1m,bhep,imagenet,0.021953163668513298,,0.021953163668513298
8100,3,0.0003257995999999847,1,384,0.0035343142226338387,0.002505555748939514,,2,geometry-fixedcompute-1m-bhep-imagenet-50ksteps,1m,bhep,imagenet,0.023080725222826004,,0.023080725222826004
8200,3,0.00032975959999998416,1,384,0.0042324126698076725,0.003278474323451519,,2,geometry-fixedcompute-1m-bhep-imagenet-50ksteps,1m,bhep,imagenet,0.022357244044542313,,0.022357244044542313
8300,3,0.0003337195999999837,1,384,0.003404836170375347,0.0025264606811106205,,2,geometry-fixedcompute-1m-bhep-imagenet-50ksteps,1m,bhep,imagenet,0.020093968138098717,,0.020093968138098717
8400,3,0.0003376795999999835,1,384,0.0035672634840011597,0.0026121526025235653,,2,geometry-fixedcompute-1m-bhep-imagenet-50ksteps,1m,bhep,imagenet,0.02171436883509159,,0.02171436883509159
8500,3,0.0003416395999999833,1,384,0.0032749208621680737,0.002367239212617278,,2,geometry-fixedcompute-1m-bhep-imagenet-50ksteps,1m,bhep,imagenet,0.020520875230431557,,0.020520875230431557
8600,3,0.00034559959999998306,1,384,0.003539278171956539,0.0025752917863428593,,2,geometry-fixedcompute-1m-bhep-imagenet-50ksteps,1m,bhep,imagenet,0.021855022758245468,,0.021855022758245468
8700,3,0.00034955959999998263,1,384,0.0035983738489449024,0.0027138423174619675,,2,geometry-fixedcompute-1m-bhep-imagenet-50ksteps,1m,bhep,imagenet,0.020404474809765816,,0.020404474809765816
8800,3,0.0003535195999999821,1,384,0.003534753806889057,0.002660036087036133,,2,geometry-fixedcompute-1m-bhep-imagenet-50ksteps,1m,bhep,imagenet,0.020154396072030067,,0.020154396072030067
8900,3,0.00035747959999998184,1,384,0.0030567441135644913,0.002157997339963913,,2,geometry-fixedcompute-1m-bhep-imagenet-50ksteps,1m,bhep,imagenet,0.020132936537265778,,0.020132936537265778
9000,3,0.00036143959999998163,1,384,0.0033174597192555666,0.0024954755790531635,,2,geometry-fixedcompute-1m-bhep-imagenet-50ksteps,1m,bhep,imagenet,0.018935156986117363,,0.018935156986117363
9100,3,0.0003653995999999812,1,384,0.0029734396375715733,0.0021079317666590214,,2,geometry-fixedcompute-1m-bhep-imagenet-50ksteps,1m,bhep,imagenet,0.01941809058189392,,0.01941809058189392
9200,3,0.0003693595999999805,1,384,0.003082838375121355,0.002226904034614563,,2,geometry-fixedcompute-1m-bhep-imagenet-50ksteps,1m,bhep,imagenet,0.019345588982105255,,0.019345588982105255
9300,3,0.00037331959999997933,1,384,0.0031588198617100716,0.0023269825614988804,,2,geometry-fixedcompute-1m-bhep-imagenet-50ksteps,1m,bhep,imagenet,0.018963729962706566,,0.018963729962706566
9400,3,0.0003772795999999783,1,384,0.003212457522749901,0.002306105801835656,,2,geometry-fixedcompute-1m-bhep-imagenet-50ksteps,1m,bhep,imagenet,0.02043314091861248,,0.02043314091861248
9500,3,0.0003812395999999781,1,384,0.0029721667524427176,0.002080594189465046,,2,geometry-fixedcompute-1m-bhep-imagenet-50ksteps,1m,bhep,imagenet,0.01991204358637333,,0.01991204358637333
9600,3,0.00038519959999997806,1,384,0.0030198898166418076,0.002157177310436964,,2,geometry-fixedcompute-1m-bhep-imagenet-50ksteps,1m,bhep,imagenet,0.019411427900195122,,0.019411427900195122
9700,3,0.00038915959999997747,1,384,0.0029568374156951904,0.0020256720017641783,,2,geometry-fixedcompute-1m-bhep-imagenet-50ksteps,1m,bhep,imagenet,0.020648984238505363,,0.020648984238505363
9800,3,0.0003931195999999769,1,384,0.003067708108574152,0.0021928390488028526,,2,geometry-fixedcompute-1m-bhep-imagenet-50ksteps,1m,bhep,imagenet,0.019690223038196564,,0.019690223038196564
9900,3,0.000397079599999977,1,384,0.00308668939396739,0.0022515845485031605,,2,geometry-fixedcompute-1m-bhep-imagenet-50ksteps,1m,bhep,imagenet,0.018953679129481316,,0.018953679129481316
10000,3,0.00040103959999997647,1,384,0.0028796899132430553,0.002034165896475315,,2,geometry-fixedcompute-1m-bhep-imagenet-50ksteps,1m,bhep,imagenet,0.018944647163152695,,0.018944647163152695
10100,3,0.00040499959999997626,1,384,0.0028968018013983965,0.0020552114583551884,,2,geometry-fixedcompute-1m-bhep-imagenet-50ksteps,1m,bhep,imagenet,0.018887018784880638,,0.018887018784880638
10200,3,0.00040895959999997584,1,384,0.0029871086589992046,0.0020863311365246773,,2,geometry-fixedcompute-1m-bhep-imagenet-50ksteps,1m,bhep,imagenet,0.0201018825173378,,0.0201018825173378
10300,3,0.0004129195999999751,1,384,0.0030428320169448853,0.0021590134128928185,,2,geometry-fixedcompute-1m-bhep-imagenet-50ksteps,1m,bhep,imagenet,0.01983538456261158,,0.01983538456261158
10400,3,0.0004168795999999747,1,384,0.002875487320125103,0.0019890242256224155,,2,geometry-fixedcompute-1m-bhep-imagenet-50ksteps,1m,bhep,imagenet,0.019718285650014877,,0.019718285650014877
10500,4,0.00042083959999997456,1,384,0.0030357418581843376,0.0020986252930015326,,2,geometry-fixedcompute-1m-bhep-imagenet-50ksteps,1m,bhep,imagenet,0.020840952172875404,,0.020840952172875404
10600,4,0.000424799599999974,1,384,0.002955811796709895,0.0020702676847577095,,2,geometry-fixedcompute-1m-bhep-imagenet-50ksteps,1m,bhep,imagenet,0.01978115178644657,,0.01978115178644657
10700,4,0.00042875959999997404,1,384,0.0028216626960784197,0.0019750921055674553,,2,geometry-fixedcompute-1m-bhep-imagenet-50ksteps,1m,bhep,imagenet,0.018906503915786743,,0.018906503915786743
10800,4,0.0004327195999999736,1,384,0.00272874697111547,0.0018311635358259082,,2,geometry-fixedcompute-1m-bhep-imagenet-50ksteps,1m,bhep,imagenet,0.019782831892371178,,0.019782831892371178
10900,4,0.00043667959999997254,1,384,0.002997259609401226,0.0021268748678267,,2,geometry-fixedcompute-1m-bhep-imagenet-50ksteps,1m,bhep,imagenet,0.01953456737101078,,0.01953456737101078
11000,4,0.0004406395999999721,1,384,0.002793210791423917,0.0019660606049001217,,2,geometry-fixedcompute-1m-bhep-imagenet-50ksteps,1m,bhep,imagenet,0.018509063869714737,,0.018509063869714737
11100,4,0.00044459959999997186,1,384,0.002971019595861435,0.002128730993717909,,2,geometry-fixedcompute-1m-bhep-imagenet-50ksteps,1m,bhep,imagenet,0.018974505364894867,,0.018974505364894867
11200,4,0.00044855959999997176,1,384,0.00301539059728384,0.002177099697291851,,2,geometry-fixedcompute-1m-bhep-imagenet-50ksteps,1m,bhep,imagenet,0.01894291676580906,,0.01894291676580906
11300,4,0.000452519599999972,1,384,0.002992101013660431,0.0021354667842388153,,2,geometry-fixedcompute-1m-bhep-imagenet-50ksteps,1m,bhep,imagenet,0.019268151372671127,,0.019268151372671127
11400,4,0.0004564795999999721,1,384,0.0028954637236893177,0.0020549290347844362,,2,geometry-fixedcompute-1m-bhep-imagenet-50ksteps,1m,bhep,imagenet,0.018865622580051422,,0.018865622580051422
11500,4,0.000460439599999972,1,384,0.0027076462283730507,0.001856876304373145,,2,geometry-fixedcompute-1m-bhep-imagenet-50ksteps,1m,bhep,imagenet,0.018872274085879326,,0.018872274085879326
11600,4,0.00046439959999997174,1,384,0.0030517415143549442,0.002209560014307499,,2,geometry-fixedcompute-1m-bhep-imagenet-50ksteps,1m,bhep,imagenet,0.019053194671869278,,0.019053194671869278
11700,4,0.00046835959999997126,1,384,0.0030619187746196985,0.0021898418199270964,,2,geometry-fixedcompute-1m-bhep-imagenet-50ksteps,1m,bhep,imagenet,0.01963138021528721,,0.01963138021528721
11800,4,0.0004723195999999719,1,384,0.003087255172431469,0.0022565731778740883,,2,geometry-fixedcompute-1m-bhep-imagenet-50ksteps,1m,bhep,imagenet,0.018870217725634575,,0.018870217725634575
11900,4,0.0004762795999999715,1,384,0.0028602806851267815,0.002022621687501669,,2,geometry-fixedcompute-1m-bhep-imagenet-50ksteps,1m,bhep,imagenet,0.018775803968310356,,0.018775803968310356
12000,4,0.0004802395999999717,1,384,0.0026423942763358355,0.0018293590983375907,,2,geometry-fixedcompute-1m-bhep-imagenet-50ksteps,1m,bhep,imagenet,0.018090061843395233,,0.018090061843395233
12100,4,0.00048419959999997125,1,384,0.0029871677979826927,0.002139653079211712,,2,geometry-fixedcompute-1m-bhep-imagenet-50ksteps,1m,bhep,imagenet,0.019089948385953903,,0.019089948385953903
12200,4,0.0004881595999999707,1,384,0.003146760631352663,0.0023105842992663383,,2,geometry-fixedcompute-1m-bhep-imagenet-50ksteps,1m,bhep,imagenet,0.019034111872315407,,0.019034111872315407
12300,4,0.0004921195999999699,1,384,0.0028988667763769627,0.0020076516084372997,,2,geometry-fixedcompute-1m-bhep-imagenet-50ksteps,1m,bhep,imagenet,0.019831955432891846,,0.019831955432891846
12400,4,0.0004960795999999694,1,384,0.002830826910212636,0.00197358475998044,,2,geometry-fixedcompute-1m-bhep-imagenet-50ksteps,1m,bhep,imagenet,0.019118428230285645,,0.019118428230285645
12500,4,0.0004999999991235791,1,384,0.0028308823239058256,0.002012302866205573,,2,geometry-fixedcompute-1m-bhep-imagenet-50ksteps,1m,bhep,imagenet,0.018383894115686417,,0.018383894115686417
12600,4,0.000499991059684037,1,384,0.002857630606740713,0.0019660028629004955,,2,geometry-fixedcompute-1m-bhep-imagenet-50ksteps,1m,bhep,imagenet,0.019798560068011284,,0.019798560068011284
12700,4,0.0004999645925570581,1,384,0.002971624257043004,0.0021587712690234184,,2,geometry-fixedcompute-1m-bhep-imagenet-50ksteps,1m,bhep,imagenet,0.01841583289206028,,0.01841583289206028
12800,4,0.0004999205996001967,1,384,0.0028168605640530586,0.0020032254979014397,,2,geometry-fixedcompute-1m-bhep-imagenet-50ksteps,1m,bhep,imagenet,0.018275925889611244,,0.018275925889611244
12900,4,0.0004998590839010295,1,384,0.00282952468842268,0.001970444107428193,,2,geometry-fixedcompute-1m-bhep-imagenet-50ksteps,1m,bhep,imagenet,0.01915205828845501,,0.01915205828845501
13000,4,0.00049978004977694,1,384,0.002779006026685238,0.001956505700945854,,2,geometry-fixedcompute-1m-bhep-imagenet-50ksteps,1m,bhep,imagenet,0.01840651035308838,,0.01840651035308838
13100,5,0.0004996835027748158,1,384,0.002836564090102911,0.002045226516202092,,2,geometry-fixedcompute-1m-bhep-imagenet-50ksteps,1m,bhep,imagenet,0.017871975898742676,,0.017871975898742676
13200,5,0.0004995694496706574,1,384,0.0029232529923319817,0.0021150256507098675,,2,geometry-fixedcompute-1m-bhep-imagenet-50ksteps,1m,bhep,imagenet,0.01827957294881344,,0.01827957294881344
13300,5,0.0004994378984691047,1,384,0.002712841145694256,0.0019223957788199186,,2,geometry-fixedcompute-1m-bhep-imagenet-50ksteps,1m,bhep,imagenet,0.017731301486492157,,0.017731301486492157
13400,5,0.0004992888584028738,1,384,0.0027389421593397856,0.001977409701794386,,2,geometry-fixedcompute-1m-bhep-imagenet-50ksteps,1m,bhep,imagenet,0.017208058387041092,,0.017208058387041092
13500,5,0.0004991223399321102,1,384,0.002964005572721362,0.002201362978667021,,2,geometry-fixedcompute-1m-bhep-imagenet-50ksteps,1m,bhep,imagenet,0.01745421439409256,,0.01745421439409256
13600,5,0.0004989383547436532,1,384,0.00289675104431808,0.0021201730705797672,,2,geometry-fixedcompute-1m-bhep-imagenet-50ksteps,1m,bhep,imagenet,0.01765173301100731,,0.01765173301100731
13700,5,0.0004987369157502165,1,384,0.0026024687103927135,0.0018140515312552452,,2,geometry-fixedcompute-1m-bhep-imagenet-50ksteps,1m,bhep,imagenet,0.017582396045327187,,0.017582396045327187
13800,5,0.0004985180370894827,1,384,0.0026786907110363245,0.001883792458102107,,2,geometry-fixedcompute-1m-bhep-imagenet-50ksteps,1m,bhep,imagenet,0.017781758680939674,,0.017781758680939674
13900,5,0.0004982817341231088,1,384,0.0031940953340381384,0.0023992336355149746,,2,geometry-fixedcompute-1m-bhep-imagenet-50ksteps,1m,bhep,imagenet,0.01829647086560726,,0.01829647086560726
14000,5,0.0004980280234356511,1,384,0.0029429649002850056,0.0021910173818469048,,2,geometry-fixedcompute-1m-bhep-imagenet-50ksteps,1m,bhep,imagenet,0.017229972407221794,,0.017229972407221794
14100,5,0.0004977569228333998,1,384,0.002816767431795597,0.002064419910311699,,2,geometry-fixedcompute-1m-bhep-imagenet-50ksteps,1m,bhep,imagenet,0.01711137220263481,,0.01711137220263481
14200,5,0.0004974684513431281,1,384,0.002614888595417142,0.001839809468947351,,2,geometry-fixedcompute-1m-bhep-imagenet-50ksteps,1m,bhep,imagenet,0.01734139211475849,,0.01734139211475849
14300,5,0.000497162629210758,1,384,0.002850485034286976,0.0020484563428908587,,2,geometry-fixedcompute-1m-bhep-imagenet-50ksteps,1m,bhep,imagenet,0.018089033663272858,,0.018089033663272858
14400,5,0.0004968394778999407,1,384,0.002762125339359045,0.0019861082546412945,,2,geometry-fixedcompute-1m-bhep-imagenet-50ksteps,1m,bhep,imagenet,0.017506448552012444,,0.017506448552012444
14500,5,0.0004964990200905466,1,384,0.0027071242220699787,0.001972560305148363,,2,geometry-fixedcompute-1m-bhep-imagenet-50ksteps,1m,bhep,imagenet,0.01666383631527424,,0.01666383631527424
14600,5,0.0004961412796770781,1,384,0.0026956857182085514,0.0019329905044287443,,2,geometry-fixedcompute-1m-bhep-imagenet-50ksteps,1m,bhep,imagenet,0.01718689687550068,,0.01718689687550068
14700,5,0.0004957662817669899,1,384,0.0028279912658035755,0.0020794819574803114,,2,geometry-fixedcompute-1m-bhep-imagenet-50ksteps,1m,bhep,imagenet,0.017049666494131088,,0.017049666494131088
14800,5,0.0004953740526789238,1,384,0.002657269826158881,0.0018801908008754253,,2,geometry-fixedcompute-1m-bhep-imagenet-50ksteps,1m,bhep,imagenet,0.017421770840883255,,0.017421770840883255
14900,5,0.0004949646199408699,1,384,0.0029301512986421585,0.0021993841510266066,,2,geometry-fixedcompute-1m-bhep-imagenet-50ksteps,1m,bhep,imagenet,0.01681472361087799,,0.01681472361087799
15000,5,0.0004945380122882255,1,384,0.0026074210181832314,0.001878353301435709,,2,geometry-fixedcompute-1m-bhep-imagenet-50ksteps,1m,bhep,imagenet,0.016459709033370018,,0.016459709033370018
15100,5,0.0004940942596617859,1,384,0.0027250777930021286,0.0019331749062985182,,2,geometry-fixedcompute-1m-bhep-imagenet-50ksteps,1m,bhep,imagenet,0.01777123287320137,,0.01777123287320137
15200,5,0.000493633393205638,1,384,0.0027967719361186028,0.0019820379093289375,,2,geometry-fixedcompute-1m-bhep-imagenet-50ksteps,1m,bhep,imagenet,0.018276721239089966,,0.018276721239089966
15300,5,0.000493155445264977,1,384,0.002779256086796522,0.0020400171633809805,,2,geometry-fixedcompute-1m-bhep-imagenet-50ksteps,1m,bhep,imagenet,0.016824794933199883,,0.016824794933199883
15400,5,0.0004926604493838346,1,384,0.002532372483983636,0.0017571018543094397,,2,geometry-fixedcompute-1m-bhep-imagenet-50ksteps,1m,bhep,imagenet,0.017262514680624008,,0.017262514680624008
15500,5,0.0004921484403027254,1,384,0.0027116071432828903,0.001965482719242573,,2,geometry-fixedcompute-1m-bhep-imagenet-50ksteps,1m,bhep,imagenet,0.01688797026872635,,0.01688797026872635
15600,5,0.0004916194539562103,1,384,0.002503214403986931,0.0017458096845075488,,2,geometry-fixedcompute-1m-bhep-imagenet-50ksteps,1m,bhep,imagenet,0.01689390279352665,,0.01689390279352665
15700,6,0.0004910735274703725,1,384,0.002603396773338318,0.0018656880129128695,,2,geometry-fixedcompute-1m-bhep-imagenet-50ksteps,1m,bhep,imagenet,0.016619861125946045,,0.016619861125946045
15800,6,0.0004905106991602119,1,384,0.0024990576785057783,0.0017473266925662756,,2,geometry-fixedcompute-1m-bhep-imagenet-50ksteps,1m,bhep,imagenet,0.016781946644186974,,0.016781946644186974
15900,6,0.0004899310085269574,1,384,0.0027409070171415806,0.0020015095360577106,,2,geometry-fixedcompute-1m-bhep-imagenet-50ksteps,1m,bhep,imagenet,0.016789456829428673,,0.016789456829428673
16000,6,0.0004893344962552931,1,384,0.0023438665084540844,0.0016325929900631309,,2,geometry-fixedcompute-1m-bhep-imagenet-50ksteps,1m,bhep,imagenet,0.015858063474297523,,0.015858063474297523
16100,6,0.0004887212042105043,1,384,0.0024431669153273106,0.0016908705001696944,,2,geometry-fixedcompute-1m-bhep-imagenet-50ksteps,1m,bhep,imagenet,0.016736799851059914,,0.016736799851059914
16200,6,0.0004880911754355366,1,384,0.002543345559388399,0.0018197078024968505,,2,geometry-fixedcompute-1m-bhep-imagenet-50ksteps,1m,bhep,imagenet,0.01629246212542057,,0.01629246212542057
16300,6,0.00048744445414798296,1,384,0.0025285561569035053,0.0017652686219662428,,2,geometry-fixedcompute-1m-bhep-imagenet-50ksteps,1m,bhep,imagenet,0.017031017690896988,,0.017031017690896988
16400,6,0.0004867810857369673,1,384,0.002739500254392624,0.0020518419332802296,,2,geometry-fixedcompute-1m-bhep-imagenet-50ksteps,1m,bhep,imagenet,0.015805009752511978,,0.015805009752511978
16500,6,0.0004861011167599691,1,384,0.0025529516860842705,0.0018579786410555243,,2,geometry-fixedcompute-1m-bhep-imagenet-50ksteps,1m,bhep,imagenet,0.015757441520690918,,0.015757441520690918
16600,6,0.00048540459493955193,1,384,0.0027301181107759476,0.0020214784890413284,,2,geometry-fixedcompute-1m-bhep-imagenet-50ksteps,1m,bhep,imagenet,0.01619427464902401,,0.01619427464902401
16700,6,0.0004846915691600154,1,384,0.002630454720929265,0.0019156597554683685,,2,geometry-fixedcompute-1m-bhep-imagenet-50ksteps,1m,bhep,imagenet,0.016211559996008873,,0.016211559996008873
16800,6,0.0004839620894639634,1,384,0.00269385427236557,0.0019595276098698378,,2,geometry-fixedcompute-1m-bhep-imagenet-50ksteps,1m,bhep,imagenet,0.016646061092615128,,0.016646061092615128
16900,6,0.0004832162070487937,1,384,0.0026062338147312403,0.0018699992215260863,,2,geometry-fixedcompute-1m-bhep-imagenet-50ksteps,1m,bhep,imagenet,0.016594691202044487,,0.016594691202044487
17000,6,0.00048245397426310144,1,384,0.0027228903491050005,0.0019913699943572283,,2,geometry-fixedcompute-1m-bhep-imagenet-50ksteps,1m,bhep,imagenet,0.016621777787804604,,0.016621777787804604
17100,6,0.00048167544460300815,1,384,0.002584934700280428,0.0019026263616979122,,2,geometry-fixedcompute-1m-bhep-imagenet-50ksteps,1m,bhep,imagenet,0.015548793599009514,,0.015548793599009514
17200,6,0.000480880672708406,1,384,0.0029623834416270256,0.0022647324949502945,,2,geometry-fixedcompute-1m-bhep-imagenet-50ksteps,1m,bhep,imagenet,0.016217755153775215,,0.016217755153775215
17300,6,0.0004800697143591227,1,384,0.002222952898591757,0.0015502076130360365,,2,geometry-fixedcompute-1m-bhep-imagenet-50ksteps,1m,bhep,imagenet,0.015005111694335938,,0.015005111694335938
17400,6,0.00047924262647100767,1,384,0.002321550389751792,0.0016004688804969192,,2,geometry-fixedcompute-1m-bhep-imagenet-50ksteps,1m,bhep,imagenet,0.016022099182009697,,0.016022099182009697
17500,6,0.00047839946709193616,1,384,0.002551536774262786,0.0018377359956502914,,2,geometry-fixedcompute-1m-bhep-imagenet-50ksteps,1m,bhep,imagenet,0.016113752499222755,,0.016113752499222755
17600,6,0.00047754029539773707,1,384,0.0023987367749214172,0.001679865992628038,,2,geometry-fixedcompute-1m-bhep-imagenet-50ksteps,1m,bhep,imagenet,0.01605728268623352,,0.01605728268623352
17700,6,0.00047666517168803757,1,384,0.002428271807730198,0.0017427557613700628,,2,geometry-fixedcompute-1m-bhep-imagenet-50ksteps,1m,bhep,imagenet,0.015453074127435684,,0.015453074127435684
17800,6,0.0004757741573820327,1,384,0.0025678682141005993,0.001888069324195385,,2,geometry-fixedcompute-1m-bhep-imagenet-50ksteps,1m,bhep,imagenet,0.015484045259654522,,0.015484045259654522
17900,6,0.00047486731501417427,1,384,0.002554906066507101,0.0018674989696592093,,2,geometry-fixedcompute-1m-bhep-imagenet-50ksteps,1m,bhep,imagenet,0.015615640208125114,,0.015615640208125114
18000,6,0.00047394470822978196,1,384,0.0024988087825477123,0.0017941184341907501,,2,geometry-fixedcompute-1m-bhep-imagenet-50ksteps,1m,bhep,imagenet,0.015887927263975143,,0.015887927263975143
18100,6,0.00047300640178057646,1,384,0.002538771368563175,0.0018521113088354468,,2,geometry-fixedcompute-1m-bhep-imagenet-50ksteps,1m,bhep,imagenet,0.01558531355112791,,0.01558531355112791
18200,6,0.0004720524615201351,1,384,0.0026253284886479378,0.0019713297951966524,,2,geometry-fixedcompute-1m-bhep-imagenet-50ksteps,1m,bhep,imagenet,0.015051305294036865,,0.015051305294036865
18300,7,0.0004710829543992701,1,384,0.002237515989691019,0.0015400319825857878,,2,geometry-fixedcompute-1m-bhep-imagenet-50ksteps,1m,bhep,imagenet,0.015489710494875908,,0.015489710494875908
18400,7,0.0004700979484613289,1,384,0.0023974536452442408,0.0017372628208249807,,2,geometry-fixedcompute-1m-bhep-imagenet-50ksteps,1m,bhep,imagenet,0.014941079542040825,,0.014941079542040825
18500,7,0.0004690975128374195,1,384,0.002643252955749631,0.0019814115948975086,,2,geometry-fixedcompute-1m-bhep-imagenet-50ksteps,1m,bhep,imagenet,0.015218238346278667,,0.015218238346278667
18600,7,0.00046808171774155875,1,384,0.0022461209446191788,0.0015599443577229977,,2,geometry-fixedcompute-1m-bhep-imagenet-50ksteps,1m,bhep,imagenet,0.015283475629985332,,0.015283475629985332
18700,7,0.0004670506344657437,1,384,0.0021642642095685005,0.0014980128034949303,,2,geometry-fixedcompute-1m-bhep-imagenet-50ksteps,1m,bhep,imagenet,0.014823042787611485,,0.014823042787611485
18800,7,0.0004660043353749491,1,384,0.0024865714367479086,0.0018105318304151297,,2,geometry-fixedcompute-1m-bhep-imagenet-50ksteps,1m,bhep,imagenet,0.015331325121223927,,0.015331325121223927
18900,7,0.00046494289390204747,1,384,0.002143528778105974,0.0014824651880189776,,2,geometry-fixedcompute-1m-bhep-imagenet-50ksteps,1m,bhep,imagenet,0.014703737571835518,,0.014703737571835518
19000,7,0.0004638663845426557,1,384,0.0022529680281877518,0.001596241956576705,,2,geometry-fixedcompute-1m-bhep-imagenet-50ksteps,1m,bhep,imagenet,0.014730764552950859,,0.014730764552950859
19100,7,0.0004627748828499074,1,384,0.0025013447739183903,0.0018340995302423835,,2,geometry-fixedcompute-1m-bhep-imagenet-50ksteps,1m,bhep,imagenet,0.015179003588855267,,0.015179003588855267
19200,7,0.000461668465429149,1,384,0.002514272928237915,0.0018422197317704558,,2,geometry-fixedcompute-1m-bhep-imagenet-50ksteps,1m,bhep,imagenet,0.015283283777534962,,0.015283283777534962
19300,7,0.0004605472099325649,1,384,0.0024286280386149883,0.0017512151971459389,,2,geometry-fixedcompute-1m-bhep-imagenet-50ksteps,1m,bhep,imagenet,0.015299472957849503,,0.015299472957849503
19400,7,0.00045941119505372654,1,384,0.002464929362758994,0.0017815243918448687,,2,geometry-fixedcompute-1m-bhep-imagenet-50ksteps,1m,bhep,imagenet,0.015449623577296734,,0.015449623577296734
19500,7,0.0004582605005220694,1,384,0.002433204324916005,0.00179135927464813,,2,geometry-fixedcompute-1m-bhep-imagenet-50ksteps,1m,bhep,imagenet,0.014628258533775806,,0.014628258533775806
19600,7,0.0004570952070972972,1,384,0.0022699295077472925,0.001601140364073217,,2,geometry-fixedcompute-1m-bhep-imagenet-50ksteps,1m,bhep,imagenet,0.014976922422647476,,0.014976922422647476
19700,7,0.0004559153965637145,1,384,0.0025553118903189898,0.0019036522135138512,,2,geometry-fixedcompute-1m-bhep-imagenet-50ksteps,1m,bhep,imagenet,0.014936847612261772,,0.014936847612261772
19800,7,0.0004547211517244872,1,384,0.0022732499055564404,0.0016014811117202044,,2,geometry-fixedcompute-1m-bhep-imagenet-50ksteps,1m,bhep,imagenet,0.015036854892969131,,0.015036854892969131
19900,7,0.00045351255639583006,1,384,0.002386222593486309,0.0017201351001858711,,2,geometry-fixedcompute-1m-bhep-imagenet-50ksteps,1m,bhep,imagenet,0.01504188496619463,,0.01504188496619463
20000,7,0.0004522896954011244,1,384,0.0021784063428640366,0.0015200793277472258,,2,geometry-fixedcompute-1m-bhep-imagenet-50ksteps,1m,bhep,imagenet,0.01468662079423666,,0.01468662079423666
20100,7,0.0004510526545649648,1,384,0.002227966208010912,0.0015589536633342505,,2,geometry-fixedcompute-1m-bhep-imagenet-50ksteps,1m,bhep,imagenet,0.01493920385837555,,0.01493920385837555
20200,7,0.00044980152070713615,1,384,0.002606020774692297,0.001976755913347006,,2,geometry-fixedcompute-1m-bhep-imagenet-50ksteps,1m,bhep,imagenet,0.014562050811946392,,0.014562050811946392
20300,7,0.0004485363816365206,1,384,0.002435192931443453,0.001782671781256795,,2,geometry-fixedcompute-1m-bhep-imagenet-50ksteps,1m,bhep,imagenet,0.01483309455215931,,0.01483309455215931
20400,7,0.0004472573261449342,1,384,0.0023665123153477907,0.001697390340268612,,2,geometry-fixedcompute-1m-bhep-imagenet-50ksteps,1m,bhep,imagenet,0.015079829841852188,,0.015079829841852188
20500,7,0.00044596444400089554,1,384,0.0025885049253702164,0.001981950830668211,,2,geometry-fixedcompute-1m-bhep-imagenet-50ksteps,1m,bhep,imagenet,0.014113032259047031,,0.014113032259047031
20600,7,0.0004446578259433245,1,384,0.002329487120732665,0.001689875847660005,,2,geometry-fixedcompute-1m-bhep-imagenet-50ksteps,1m,bhep,imagenet,0.014482100494205952,,0.014482100494205952
20700,7,0.0004433375636751747,1,384,0.002290885429829359,0.001662388676777482,,2,geometry-fixedcompute-1m-bhep-imagenet-50ksteps,1m,bhep,imagenet,0.014232327230274677,,0.014232327230274677
20800,7,0.0004420037498569983,1,384,0.0023286135401576757,0.0016808779910206795,,2,geometry-fixedcompute-1m-bhep-imagenet-50ksteps,1m,bhep,imagenet,0.01463558990508318,,0.01463558990508318
20900,8,0.0004406564781004411,1,384,0.0023348729591816664,0.0017148031620308757,,2,geometry-fixedcompute-1m-bhep-imagenet-50ksteps,1m,bhep,imagenet,0.014116201549768448,,0.014116201549768448
21000,8,0.000439295842961674,1,384,0.002477819798514247,0.0018642265349626541,,2,geometry-fixedcompute-1m-bhep-imagenet-50ksteps,1m,bhep,imagenet,0.014136090874671936,,0.014136090874671936
21100,8,0.00043792193993475587,1,384,0.00224486761726439,0.0016268248436972499,,2,geometry-fixedcompute-1m-bhep-imagenet-50ksteps,1m,bhep,imagenet,0.013987679034471512,,0.013987679034471512
21200,8,0.0004365348654449318,1,384,0.002360726473852992,0.0017367874970659614,,2,geometry-fixedcompute-1m-bhep-imagenet-50ksteps,1m,bhep,imagenet,0.014215569011867046,,0.014215569011867046
21300,8,0.0004351347168418642,1,384,0.002132825553417206,0.0015222327783703804,,2,geometry-fixedcompute-1m-bhep-imagenet-50ksteps,1m,bhep,imagenet,0.013734087347984314,,0.013734087347984314
21400,8,0.000433721592392804,1,384,0.00229962938465178,0.001682814909145236,,2,geometry-fixedcompute-1m-bhep-imagenet-50ksteps,1m,bhep,imagenet,0.014019106514751911,,0.014019106514751911
21500,8,0.00043229559127568956,1,384,0.002135354559868574,0.0015064816689118743,,2,geometry-fixedcompute-1m-bhep-imagenet-50ksteps,1m,bhep,imagenet,0.014083940535783768,,0.014083940535783768
21600,8,0.0004308568135721894,1,384,0.0020118369720876217,0.0013720763381570578,,2,geometry-fixedcompute-1m-bhep-imagenet-50ksteps,1m,bhep,imagenet,0.014167285524308681,,0.014167285524308681
21700,8,0.0004294053602606763,1,384,0.0023048168513923883,0.0016712448559701443,,2,geometry-fixedcompute-1m-bhep-imagenet-50ksteps,1m,bhep,imagenet,0.014342684298753738,,0.014342684298753738
21800,8,0.0004279413332091415,1,384,0.0024642646312713623,0.001841697609052062,,2,geometry-fixedcompute-1m-bhep-imagenet-50ksteps,1m,bhep,imagenet,0.014293038286268711,,0.014293038286268711
21900,8,0.000426464835168044,1,384,0.0023893662728369236,0.0017379450146108866,,2,geometry-fixedcompute-1m-bhep-imagenet-50ksteps,1m,bhep,imagenet,0.014766371808946133,,0.014766371808946133
22000,8,0.0004249759697630992,1,384,0.002158178249374032,0.0015104247722774744,,2,geometry-fixedcompute-1m-bhep-imagenet-50ksteps,1m,bhep,imagenet,0.014465494081377983,,0.014465494081377983
22100,8,0.0004234748414880087,1,384,0.002350839786231518,0.0017354277661070228,,2,geometry-fixedcompute-1m-bhep-imagenet-50ksteps,1m,bhep,imagenet,0.014043671078979969,,0.014043671078979969
22200,8,0.0004219615556971227,1,384,0.002110663102939725,0.0014827274717390537,,2,geometry-fixedcompute-1m-bhep-imagenet-50ksteps,1m,bhep,imagenet,0.014041440561413765,,0.014041440561413765
22300,8,0.0004204362185980483,1,384,0.0024834629148244858,0.0018446927424520254,,2,geometry-fixedcompute-1m-bhep-imagenet-50ksteps,1m,bhep,imagenet,0.014620095491409302,,0.014620095491409302
22400,8,0.00041889893724419514,1,384,0.002068605273962021,0.001417043968103826,,2,geometry-fixedcompute-1m-bhep-imagenet-50ksteps,1m,bhep,imagenet,0.014448270201683044,,0.014448270201683044
22500,8,0.00041734981952726145,1,384,0.00220837676897645,0.0016032876446843147,,2,geometry-fixedcompute-1m-bhep-imagenet-50ksteps,1m,bhep,imagenet,0.013705071061849594,,0.013705071061849594
22600,8,0.0004157889741696617,1,384,0.0021800221875309944,0.0015678051859140396,,2,geometry-fixedcompute-1m-bhep-imagenet-50ksteps,1m,bhep,imagenet,0.013812144286930561,,0.013812144286930561
22700,8,0.00041421651071689767,1,384,0.002211242215707898,0.0015628261025995016,,2,geometry-fixedcompute-1m-bhep-imagenet-50ksteps,1m,bhep,imagenet,0.014531148597598076,,0.014531148597598076
22800,8,0.00041263253952986877,1,384,0.0021466463804244995,0.0015274831093847752,,2,geometry-fixedcompute-1m-bhep-imagenet-50ksteps,1m,bhep,imagenet,0.013910750858485699,,0.013910750858485699
22900,8,0.00041103717177712627,1,384,0.002202573698014021,0.0015626618405804038,,2,geometry-fixedcompute-1m-bhep-imagenet-50ksteps,1m,bhep,imagenet,0.014360900036990643,,0.014360900036990643
23000,8,0.00040943051942707206,1,384,0.0021621373016387224,0.0015295546036213636,,2,geometry-fixedcompute-1m-bhep-imagenet-50ksteps,1m,bhep,imagenet,0.014181208796799183,,0.014181208796799183
23100,8,0.0004078126952400997,1,384,0.0022408103104680777,0.0016387698706239462,,2,geometry-fixedcompute-1m-bhep-imagenet-50ksteps,1m,bhep,imagenet,0.01367957703769207,,0.01367957703769207
23200,8,0.0004061838127606807,1,384,0.00209001824259758,0.0014628274366259575,,2,geometry-fixedcompute-1m-bhep-imagenet-50ksteps,1m,bhep,imagenet,0.014006641693413258,,0.014006641693413258
23300,8,0.0004045439863093963,1,384,0.002338866237550974,0.0017234627157449722,,2,geometry-fixedcompute-1m-bhep-imagenet-50ksteps,1m,bhep,imagenet,0.01403153594583273,,0.01403153594583273
23400,8,0.0004028933309749125,1,384,0.002204660326242447,0.0015795937506482005,,2,geometry-fixedcompute-1m-bhep-imagenet-50ksteps,1m,bhep,imagenet,0.014080924913287163,,0.014080924913287163
23500,9,0.0004012319626059038,1,384,0.0020992858335375786,0.0014875782653689384,,2,geometry-fixedcompute-1m-bhep-imagenet-50ksteps,1m,bhep,imagenet,0.01372173149138689,,0.01372173149138689
23600,9,0.00039955999780292277,1,384,0.00206889770925045,0.0014910593163222075,,2,geometry-fixedcompute-1m-bhep-imagenet-50ksteps,1m,bhep,imagenet,0.013047824613749981,,0.013047824613749981
23700,9,0.0003978775539102158,1,384,0.0023032762110233307,0.0017106615705415606,,2,geometry-fixedcompute-1m-bhep-imagenet-50ksteps,1m,bhep,imagenet,0.013562955893576145,,0.013562955893576145
23800,9,0.00039618474900748776,1,384,0.0022120571229606867,0.0016221491387113929,,2,geometry-fixedcompute-1m-bhep-imagenet-50ksteps,1m,bhep,imagenet,0.013420309871435165,,0.013420309871435165
23900,9,0.0003944817019016155,1,384,0.0022126417607069016,0.0016240051481872797,,2,geometry-fixedcompute-1m-bhep-imagenet-50ksteps,1m,bhep,imagenet,0.013396737165749073,,0.013396737165749073
24000,9,0.0003927685321183087,1,384,0.0022165346890687943,0.0016179571393877268,,2,geometry-fixedcompute-1m-bhep-imagenet-50ksteps,1m,bhep,imagenet,0.013589505106210709,,0.013589505106210709
24100,9,0.0003910453598937212,1,384,0.0019300472922623158,0.0013060600031167269,,2,geometry-fixedcompute-1m-bhep-imagenet-50ksteps,1m,bhep,imagenet,0.01378580555319786,,0.01378580555319786
24200,9,0.00038931230616601225,1,384,0.002117313677445054,0.0015091558452695608,,2,geometry-fixedcompute-1m-bhep-imagenet-50ksteps,1m,bhep,imagenet,0.013672311790287495,,0.013672311790287495
24300,9,0.0003875694925668595,1,384,0.002181830583140254,0.001579666044563055,,2,geometry-fixedcompute-1m-bhep-imagenet-50ksteps,1m,bhep,imagenet,0.013622958213090897,,0.013622958213090897
24400,9,0.00038581704141292186,1,384,0.0020534954965114594,0.001446892274543643,,2,geometry-fixedcompute-1m-bhep-imagenet-50ksteps,1m,bhep,imagenet,0.013578956946730614,,0.013578956946730614
24500,9,0.00038405507569725566,1,384,0.002331470837816596,0.0017435187473893166,,2,geometry-fixedcompute-1m-bhep-imagenet-50ksteps,1m,bhep,imagenet,0.01350256148725748,,0.01350256148725748
24600,9,0.0003822837190806807,1,384,0.002139722229912877,0.0015516493003815413,,2,geometry-fixedcompute-1m-bhep-imagenet-50ksteps,1m,bhep,imagenet,0.013313108123838902,,0.013313108123838902
24700,9,0.00038050309588310373,1,384,0.00207685399800539,0.0014562768628820777,,2,geometry-fixedcompute-1m-bhep-imagenet-50ksteps,1m,bhep,imagenet,0.013867820613086224,,0.013867820613086224
24800,9,0.0003787133310747911,1,384,0.0020528696477413177,0.0014413686003535986,,2,geometry-fixedcompute-1m-bhep-imagenet-50ksteps,1m,bhep,imagenet,0.013671389780938625,,0.013671389780938625
24900,9,0.00037691455026759966,1,384,0.0021046458277851343,0.0015127453953027725,,2,geometry-fixedcompute-1m-bhep-imagenet-50ksteps,1m,bhep,imagenet,0.013350753113627434,,0.013350753113627434
25000,9,0.0003751068797061594,1,384,0.00197268626652658,0.0013649658067151904,,2,geometry-fixedcompute-1m-bhep-imagenet-50ksteps,1m,bhep,imagenet,0.01351937372237444,,0.01351937372237444
25100,9,0.0003732904462590138,1,384,0.0022971793077886105,0.0017122975550591946,,2,geometry-fixedcompute-1m-bhep-imagenet-50ksteps,1m,bhep,imagenet,0.013409930281341076,,0.013409930281341076
25200,9,0.0003714653774097174,1,384,0.002123196143656969,0.0015372848138213158,,2,geometry-fixedcompute-1m-bhep-imagenet-50ksteps,1m,bhep,imagenet,0.013255513273179531,,0.013255513273179531
25300,9,0.0003696318012478849,1,384,0.0020610420033335686,0.0014870984014123678,,2,geometry-fixedcompute-1m-bhep-imagenet-50ksteps,1m,bhep,imagenet,0.012965970672667027,,0.012965970672667027
25400,9,0.00036778984646020454,1,384,0.002066645072773099,0.0015066781779751182,,2,geometry-fixedcompute-1m-bhep-imagenet-50ksteps,1m,bhep,imagenet,0.012706018052995205,,0.012706018052995205
25500,9,0.00036593964232140567,1,384,0.0020784439984709024,0.0014529607724398375,,2,geometry-fixedcompute-1m-bhep-imagenet-50ksteps,1m,bhep,imagenet,0.013962623663246632,,0.013962623663246632
25600,9,0.0003640813186851842,1,384,0.00213769543915987,0.0015532346442341805,,2,geometry-fixedcompute-1m-bhep-imagenet-50ksteps,1m,bhep,imagenet,0.01324244774878025,,0.01324244774878025
25700,9,0.0003622150059750918,1,384,0.002080203266814351,0.001497369259595871,,2,geometry-fixedcompute-1m-bhep-imagenet-50ksteps,1m,bhep,imagenet,0.013154048472642899,,0.013154048472642899
25800,9,0.0003603408351753808,1,384,0.0020673160906881094,0.0014993895310908556,,2,geometry-fixedcompute-1m-bhep-imagenet-50ksteps,1m,bhep,imagenet,0.012857920490205288,,0.012857920490205288
25900,9,0.00035845893782181037,1,384,0.0019663111306726933,0.0013954819878563285,,2,geometry-fixedcompute-1m-bhep-imagenet-50ksteps,1m,bhep,imagenet,0.012812064960598946,,0.012812064960598946
26000,9,0.0003565694459924158,1,384,0.002154448302462697,0.001591808395460248,,2,geometry-fixedcompute-1m-bhep-imagenet-50ksteps,1m,bhep,imagenet,0.012844606302678585,,0.012844606302678585
26100,10,0.00035467249229823944,1,384,0.0020692027173936367,0.001471259631216526,,2,geometry-fixedcompute-1m-bhep-imagenet-50ksteps,1m,bhep,imagenet,0.013430123217403889,,0.013430123217403889
26200,10,0.00035276820987402294,1,384,0.0019757277332246304,0.0013956151669844985,,2,geometry-fixedcompute-1m-bhep-imagenet-50ksteps,1m,bhep,imagenet,0.012997864745557308,,0.012997864745557308
26300,10,0.00035085673236886345,1,384,0.0022053199354559183,0.001635839231312275,,2,geometry-fixedcompute-1m-bhep-imagenet-50ksteps,1m,bhep,imagenet,0.013025453314185143,,0.013025453314185143
26400,10,0.00034893819393683314,1,384,0.002266178373247385,0.0016861077165231109,,2,geometry-fixedcompute-1m-bhep-imagenet-50ksteps,1m,bhep,imagenet,0.013287520036101341,,0.013287520036101341
26500,10,0.0003470127292275656,1,384,0.0019747167825698853,0.0013740904396399856,,2,geometry-fixedcompute-1m-bhep-imagenet-50ksteps,1m,bhep,imagenet,0.013386615552008152,,0.013386615552008152
26600,10,0.00034508047337680276,1,384,0.002043492626398802,0.0014887475408613682,,2,geometry-fixedcompute-1m-bhep-imagenet-50ksteps,1m,bhep,imagenet,0.012583649717271328,,0.012583649717271328
26700,10,0.00034314156199691313,1,384,0.0020910322200506926,0.0015381932025775313,,2,geometry-fixedcompute-1m-bhep-imagenet-50ksteps,1m,bhep,imagenet,0.012594971805810928,,0.012594971805810928
26800,10,0.00034119613116737334,1,384,0.00216900696977973,0.0015977652510628104,,2,geometry-fixedcompute-1m-bhep-imagenet-50ksteps,1m,bhep,imagenet,0.013022597879171371,,0.013022597879171371
26900,10,0.0003392443174252175,1,384,0.0021767255384474993,0.0016045921947807074,,2,geometry-fixedcompute-1m-bhep-imagenet-50ksteps,1m,bhep,imagenet,0.01304725743830204,,0.01304725743830204
27000,10,0.00033728625775545344,1,384,0.002149465959519148,0.0015606594970449805,,2,geometry-fixedcompute-1m-bhep-imagenet-50ksteps,1m,bhep,imagenet,0.013336787931621075,,0.013336787931621075
27100,10,0.0003353220895814506,1,384,0.0017595540266484022,0.001144908368587494,,2,geometry-fixedcompute-1m-bhep-imagenet-50ksteps,1m,bhep,imagenet,0.013437822461128235,,0.013437822461128235
27200,10,0.00033335195075529466,1,384,0.002073162468150258,0.001522679696790874,,2,geometry-fixedcompute-1m-bhep-imagenet-50ksteps,1m,bhep,imagenet,0.012532333843410015,,0.012532333843410015
27300,10,0.0003313759795481116,1,384,0.0021853242069482803,0.0016331285005435348,,2,geometry-fixedcompute-1m-bhep-imagenet-50ksteps,1m,bhep,imagenet,0.012677041813731194,,0.012677041813731194
27400,10,0.00032939431464036395,1,384,0.0022686978336423635,0.0016931015998125076,,2,geometry-fixedcompute-1m-bhep-imagenet-50ksteps,1m,bhep,imagenet,0.0132050272077322,,0.0132050272077322
27500,10,0.00032740709511211826,1,384,0.0020025293342769146,0.0014362524962052703,,2,geometry-fixedcompute-1m-bhep-imagenet-50ksteps,1m,bhep,imagenet,0.012761791236698627,,0.012761791236698627
27600,10,0.00032541446043328243,1,384,0.0018415385857224464,0.0012837484246119857,,2,geometry-fixedcompute-1m-bhep-imagenet-50ksteps,1m,bhep,imagenet,0.012439552694559097,,0.012439552694559097
27700,10,0.0003234165504538194,1,384,0.0020416383631527424,0.001485935179516673,,2,geometry-fixedcompute-1m-bhep-imagenet-50ksteps,1m,bhep,imagenet,0.012599998153746128,,0.012599998153746128
27800,10,0.0003214135053939299,1,384,0.0021330213639885187,0.0015854842495173216,,2,geometry-fixedcompute-1m-bhep-imagenet-50ksteps,1m,bhep,imagenet,0.012536226771771908,,0.012536226771771908
27900,10,0.0003194054658342132,1,384,0.0021138289012014866,0.0015417225658893585,,2,geometry-fixedcompute-1m-bhep-imagenet-50ksteps,1m,bhep,imagenet,0.012983852066099644,,0.012983852066099644
28000,10,0.0003173925727057994,1,384,0.0021319501101970673,0.001572915236465633,,2,geometry-fixedcompute-1m-bhep-imagenet-50ksteps,1m,bhep,imagenet,0.01275361143052578,,0.01275361143052578
28100,10,0.00031537496728045874,1,384,0.0020629132632166147,0.0014927992597222328,,2,geometry-fixedcompute-1m-bhep-imagenet-50ksteps,1m,bhep,imagenet,0.012895082123577595,,0.012895082123577595
28200,10,0.00031335279116068664,1,384,0.002280482556670904,0.0017143329605460167,,2,geometry-fixedcompute-1m-bhep-imagenet-50ksteps,1m,bhep,imagenet,0.01303732767701149,,0.01303732767701149
28300,10,0.0003113261862697656,1,384,0.0021753069013357162,0.0016316347755491734,,2,geometry-fixedcompute-1m-bhep-imagenet-50ksteps,1m,bhep,imagenet,0.012505077756941319,,0.012505077756941319
28400,10,0.00030929529484180425,1,384,0.0020161960273981094,0.001440931111574173,,2,geometry-fixedcompute-1m-bhep-imagenet-50ksteps,1m,bhep,imagenet,0.012946230359375477,,0.012946230359375477
28500,10,0.00030726025941175587,1,384,0.0018614118453115225,0.0012885247124359012,,2,geometry-fixedcompute-1m-bhep-imagenet-50ksteps,1m,bhep,imagenet,0.012746266089379787,,0.012746266089379787
28600,10,0.0003052212228054132,1,384,0.0019100024364888668,0.0013591265305876732,,2,geometry-fixedcompute-1m-bhep-imagenet-50ksteps,1m,bhep,imagenet,0.012376644648611546,,0.012376644648611546
28700,11,0.00030317832812938594,1,384,0.0018444112502038479,0.0012743663974106312,,2,geometry-fixedcompute-1m-bhep-imagenet-50ksteps,1m,bhep,imagenet,0.012675262056291103,,0.012675262056291103
28800,11,0.00030113171876105653,1,384,0.0021729220170527697,0.0016387173673138022,,2,geometry-fixedcompute-1m-bhep-imagenet-50ksteps,1m,bhep,imagenet,0.012322811409831047,,0.012322811409831047
28900,11,0.0002990815383385165,1,384,0.0021139937452971935,0.0015458971029147506,,2,geometry-fixedcompute-1m-bhep-imagenet-50ksteps,1m,bhep,imagenet,0.01290783192962408,,0.01290783192962408
29000,11,0.0002970279307504874,1,384,0.0018428292823955417,0.0012632505968213081,,2,geometry-fixedcompute-1m-bhep-imagenet-50ksteps,1m,bhep,imagenet,0.012854823842644691,,0.012854823842644691
29100,11,0.0002949710401262197,1,384,0.0019834700506180525,0.0014153339434415102,,2,geometry-fixedcompute-1m-bhep-imagenet-50ksteps,1m,bhep,imagenet,0.012778054922819138,,0.012778054922819138
29200,11,0.0002929110108253798,1,384,0.0018573293928056955,0.0012894216924905777,,2,geometry-fixedcompute-1m-bhep-imagenet-50ksteps,1m,bhep,imagenet,0.012647578492760658,,0.012647578492760658
29300,11,0.0002908479874279166,1,384,0.002120097866281867,0.0015720840310677886,,2,geometry-fixedcompute-1m-bhep-imagenet-50ksteps,1m,bhep,imagenet,0.012532359920442104,,0.012532359920442104
29400,11,0.0002887821147239155,1,384,0.001759630860760808,0.0012046259362250566,,2,geometry-fixedcompute-1m-bhep-imagenet-50ksteps,1m,bhep,imagenet,0.01230472419410944,,0.01230472419410944
29500,11,0.0002867135377034353,1,384,0.0019506097305566072,0.0013979009818285704,,2,geometry-fixedcompute-1m-bhep-imagenet-50ksteps,1m,bhep,imagenet,0.012452077120542526,,0.012452077120542526
29600,11,0.0002846424015463339,1,384,0.0020603169687092304,0.001541034085676074,,2,geometry-fixedcompute-1m-bhep-imagenet-50ksteps,1m,bhep,imagenet,0.011926689185202122,,0.011926689185202122
29700,11,0.00028256885161207727,1,384,0.0021079438738524914,0.001564205507747829,,2,geometry-fixedcompute-1m-bhep-imagenet-50ksteps,1m,bhep,imagenet,0.012438974343240261,,0.012438974343240261
29800,11,0.00028049303342953994,1,384,0.001914017484523356,0.0013670544140040874,,2,geometry-fixedcompute-1m-bhep-imagenet-50ksteps,1m,bhep,imagenet,0.012306316755712032,,0.012306316755712032
29900,11,0.0002784150926867882,1,384,0.0017947768792510033,0.0012249420396983624,,2,geometry-fixedcompute-1m-bhep-imagenet-50ksteps,1m,bhep,imagenet,0.012621639296412468,,0.012621639296412468
30000,11,0.00027633517522085795,1,384,0.0019686445593833923,0.0014375830069184303,,2,geometry-fixedcompute-1m-bhep-imagenet-50ksteps,1m,bhep,imagenet,0.01205881405621767,,0.01205881405621767
30100,11,0.00027425342700751877,1,384,0.0019010629039257765,0.0013603059342131019,,2,geometry-fixedcompute-1m-bhep-imagenet-50ksteps,1m,bhep,imagenet,0.012175445444881916,,0.012175445444881916
30200,11,0.0002721699941510273,1,384,0.0019934698939323425,0.0014566995669156313,,2,geometry-fixedcompute-1m-bhep-imagenet-50ksteps,1m,bhep,imagenet,0.012192108668386936,,0.012192108668386936
30300,11,0.00027008502287387476,1,384,0.00208781729452312,0.001567397965118289,,2,geometry-fixedcompute-1m-bhep-imagenet-50ksteps,1m,bhep,imagenet,0.011975783854722977,,0.011975783854722977
30400,11,0.00026799865950652446,1,384,0.0019859815947711468,0.0014381085056811571,,2,geometry-fixedcompute-1m-bhep-imagenet-50ksteps,1m,bhep,imagenet,0.01239557284861803,,0.01239557284861803
30500,11,0.00026591105047714045,1,384,0.002152018714696169,0.0016296262620016932,,2,geometry-fixedcompute-1m-bhep-imagenet-50ksteps,1m,bhep,imagenet,0.012077475897967815,,0.012077475897967815
30600,11,0.0002638223423013126,1,384,0.0019847843796014786,0.001444083172827959,,2,geometry-fixedcompute-1m-bhep-imagenet-50ksteps,1m,bhep,imagenet,0.012258109636604786,,0.012258109636604786
30700,11,0.0002617326815717717,1,384,0.0017949636094272137,0.0012381632113829255,,2,geometry-fixedcompute-1m-bhep-imagenet-50ksteps,1m,bhep,imagenet,0.012374171987175941,,0.012374171987175941
30800,11,0.00025964221494810275,1,384,0.0020671822130680084,0.001511984970420599,,2,geometry-fixedcompute-1m-bhep-imagenet-50ksteps,1m,bhep,imagenet,0.0126159293577075,,0.0126159293577075
30900,11,0.0002575510891464514,1,384,0.002013404853641987,0.001467100577428937,,2,geometry-fixedcompute-1m-bhep-imagenet-50ksteps,1m,bhep,imagenet,0.012393188662827015,,0.012393188662827015
31000,11,0.0002554594509292255,1,384,0.0022000966127961874,0.001657716347835958,,2,geometry-fixedcompute-1m-bhep-imagenet-50ksteps,1m,bhep,imagenet,0.012505322694778442,,0.012505322694778442
31100,11,0.0002533674470947974,1,384,0.0018848688341677189,0.00132607517298311,,2,geometry-fixedcompute-1m-bhep-imagenet-50ksteps,1m,bhep,imagenet,0.01250194851309061,,0.01250194851309061
31200,11,0.0002512752244671984,1,384,0.00200793519616127,0.0014873668551445007,,2,geometry-fixedcompute-1m-bhep-imagenet-50ksteps,1m,bhep,imagenet,0.011898734606802464,,0.011898734606802464
31300,12,0.00024918292988581643,1,384,0.0019253217615187168,0.0013884955551475286,,2,geometry-fixedcompute-1m-bhep-imagenet-50ksteps,1m,bhep,imagenet,0.012125019915401936,,0.012125019915401936
31400,12,0.0002470907101950889,1,384,0.0018246022518724203,0.001295314054004848,,2,geometry-fixedcompute-1m-bhep-imagenet-50ksteps,1m,bhep,imagenet,0.011881076730787754,,0.011881076730787754
31500,12,0.00024499871223419774,1,384,0.0018528015352785587,0.0013317180564627051,,2,geometry-fixedcompute-1m-bhep-imagenet-50ksteps,1m,bhep,imagenet,0.011753387749195099,,0.011753387749195099
31600,12,0.00024290708282676213,1,384,0.0017198619898408651,0.0011607808992266655,,2,geometry-fixedcompute-1m-bhep-imagenet-50ksteps,1m,bhep,imagenet,0.012342404574155807,,0.012342404574155807
31700,12,0.00024081596877053573,1,384,0.0021214287262409925,0.0015926853520795703,,2,geometry-fixedcompute-1m-bhep-imagenet-50ksteps,1m,bhep,imagenet,0.012167553417384624,,0.012167553417384624
31800,12,0.00023872551682710305,1,384,0.0018116426654160023,0.001270107924938202,,2,geometry-fixedcompute-1m-bhep-imagenet-50ksteps,1m,bhep,imagenet,0.012100801803171635,,0.012100801803171635
31900,12,0.00023663587371157852,1,384,0.0019029241520911455,0.0013612060574814677,,2,geometry-fixedcompute-1m-bhep-imagenet-50ksteps,1m,bhep,imagenet,0.012195568531751633,,0.012195568531751633
32000,12,0.00023454718608231087,1,384,0.002141595585271716,0.0016142665408551693,,2,geometry-fixedcompute-1m-bhep-imagenet-50ksteps,1m,bhep,imagenet,0.01216084510087967,,0.01216084510087967
32100,12,0.0002324596005305893,1,384,0.0017305510118603706,0.0011974954977631569,,2,geometry-fixedcompute-1m-bhep-imagenet-50ksteps,1m,bhep,imagenet,0.011858605779707432,,0.011858605779707432
32200,12,0.00023037326357035543,1,384,0.0018452522344887257,0.0012950976379215717,,2,geometry-fixedcompute-1m-bhep-imagenet-50ksteps,1m,bhep,imagenet,0.012298188172280788,,0.012298188172280788
32300,12,0.00022828832162792063,1,384,0.00212202500551939,0.0016299232374876738,,2,geometry-fixedcompute-1m-bhep-imagenet-50ksteps,1m,bhep,imagenet,0.011471958830952644,,0.011471958830952644
32400,12,0.0002262049210316887,1,384,0.0018109644297510386,0.0012746055144816637,,2,geometry-fixedcompute-1m-bhep-imagenet-50ksteps,1m,bhep,imagenet,0.012001784518361092,,0.012001784518361092
32500,12,0.00022412320800188715,1,384,0.0018440579297021031,0.0013311575166881084,,2,geometry-fixedcompute-1m-bhep-imagenet-50ksteps,1m,bhep,imagenet,0.011589165776968002,,0.011589165776968002
32600,12,0.00022204332864030358,1,384,0.001953312661498785,0.0014345655217766762,,2,geometry-fixedcompute-1m-bhep-imagenet-50ksteps,1m,bhep,imagenet,0.01180950552225113,,0.01180950552225113
32700,12,0.0002199654289200327,1,384,0.002195842331275344,0.0016661938279867172,,2,geometry-fixedcompute-1m-bhep-imagenet-50ksteps,1m,bhep,imagenet,0.0122591657564044,,0.0122591657564044
32800,12,0.0002178896546752311,1,384,0.002052266849204898,0.0015503766480833292,,2,geometry-fixedcompute-1m-bhep-imagenet-50ksteps,1m,bhep,imagenet,0.011588179506361485,,0.011588179506361485
32900,12,0.00021581615159088242,1,384,0.002008540788665414,0.0015094801783561707,,2,geometry-fixedcompute-1m-bhep-imagenet-50ksteps,1m,bhep,imagenet,0.01149069145321846,,0.01149069145321846
33000,12,0.00021374506519257182,1,384,0.002005033427849412,0.0014770267298445106,,2,geometry-fixedcompute-1m-bhep-imagenet-50ksteps,1m,bhep,imagenet,0.012037159875035286,,0.012037159875035286
33100,12,0.00021167654083627428,1,384,0.002040547551587224,0.001516352640464902,,2,geometry-fixedcompute-1m-bhep-imagenet-50ksteps,1m,bhep,imagenet,0.01200025249272585,,0.01200025249272585
33200,12,0.00020961072369815053,1,384,0.0019265005830675364,0.0013856592122465372,,2,geometry-fixedcompute-1m-bhep-imagenet-50ksteps,1m,bhep,imagenet,0.012202486395835876,,0.012202486395835876
33300,12,0.0002075477587643603,1,384,0.0018473018426448107,0.0013228894677013159,,2,geometry-fixedcompute-1m-bhep-imagenet-50ksteps,1m,bhep,imagenet,0.011811139062047005,,0.011811139062047005
33400,12,0.0002054877908208857,1,384,0.002032199874520302,0.0014970458578318357,,2,geometry-fixedcompute-1m-bhep-imagenet-50ksteps,1m,bhep,imagenet,0.012200123630464077,,0.012200123630464077
33500,12,0.000203430964443369,1,384,0.0019074357114732265,0.0013778172433376312,,2,geometry-fixedcompute-1m-bhep-imagenet-50ksteps,1m,bhep,imagenet,0.011970187537372112,,0.011970187537372112
33600,12,0.00020137742398696734,1,384,0.001792860683053732,0.0012816558592021465,,2,geometry-fixedcompute-1m-bhep-imagenet-50ksteps,1m,bhep,imagenet,0.011505750939249992,,0.011505750939249992
33700,12,0.00019932731357622064,1,384,0.0018942330498248339,0.0013722751755267382,,2,geometry-fixedcompute-1m-bhep-imagenet-50ksteps,1m,bhep,imagenet,0.011811432428658009,,0.011811432428658009
33800,12,0.00019728077709493596,1,384,0.0021829563193023205,0.001673511927947402,,2,geometry-fixedcompute-1m-bhep-imagenet-50ksteps,1m,bhep,imagenet,0.011862399987876415,,0.011862399987876415
33900,13,0.0001952379581760898,1,384,0.0020587246399372816,0.0015606227098032832,,2,geometry-fixedcompute-1m-bhep-imagenet-50ksteps,1m,bhep,imagenet,0.011522660963237286,,0.011522660963237286
34000,13,0.00019319900019174743,1,384,0.001927627599798143,0.0014273588312789798,,2,geometry-fixedcompute-1m-bhep-imagenet-50ksteps,1m,bhep,imagenet,0.011432734318077564,,0.011432734318077564
34100,13,0.00019116404624300033,1,384,0.0019408075604587793,0.001403172966092825,,2,geometry-fixedcompute-1m-bhep-imagenet-50ksteps,1m,bhep,imagenet,0.0121558653190732,,0.0121558653190732
34200,13,0.0001891332391499233,1,384,0.0022313513327389956,0.001708471099846065,,2,geometry-fixedcompute-1m-bhep-imagenet-50ksteps,1m,bhep,imagenet,0.012166076339781284,,0.012166076339781284
34300,13,0.00018710672144155014,1,384,0.00199712160974741,0.001478835940361023,,2,geometry-fixedcompute-1m-bhep-imagenet-50ksteps,1m,bhep,imagenet,0.01184454932808876,,0.01184454932808876
34400,13,0.0001850846353458707,1,384,0.001863737590610981,0.0013405208010226488,,2,geometry-fixedcompute-1m-bhep-imagenet-50ksteps,1m,bhep,imagenet,0.011804857291281223,,0.011804857291281223
34500,13,0.00018306712277984952,1,384,0.0018694016616791487,0.0013581126695498824,,2,geometry-fixedcompute-1m-bhep-imagenet-50ksteps,1m,bhep,imagenet,0.01158389076590538,,0.01158389076590538
34600,13,0.00018105432533946497,1,384,0.0018168119713664055,0.0012909079669043422,,2,geometry-fixedcompute-1m-bhep-imagenet-50ksteps,1m,bhep,imagenet,0.011808989569544792,,0.011808989569544792
34700,13,0.00017904638428977156,1,384,0.0019266945309937,0.0014066400472074747,,2,geometry-fixedcompute-1m-bhep-imagenet-50ksteps,1m,bhep,imagenet,0.011807727627456188,,0.011807727627456188
34800,13,0.00017704344055498542,1,384,0.001686676638200879,0.00116593053098768,,2,geometry-fixedcompute-1m-bhep-imagenet-50ksteps,1m,bhep,imagenet,0.011580850929021835,,0.011580850929021835
34900,13,0.0001750456347085943,1,384,0.0021293479949235916,0.0016443886561319232,,2,geometry-fixedcompute-1m-bhep-imagenet-50ksteps,1m,bhep,imagenet,0.011343575082719326,,0.011343575082719326
35000,13,0.00017305310696349096,1,384,0.002086909022182226,0.0015720687806606293,,2,geometry-fixedcompute-1m-bhep-imagenet-50ksteps,1m,bhep,imagenet,0.011868872679769993,,0.011868872679769993
35100,13,0.00017106599716213282,1,384,0.00212461082264781,0.0016391510143876076,,2,geometry-fixedcompute-1m-bhep-imagenet-50ksteps,1m,bhep,imagenet,0.011348346248269081,,0.011348346248269081
35200,13,0.0001690844447667272,1,384,0.0018525398336350918,0.0013439523754641414,,2,geometry-fixedcompute-1m-bhep-imagenet-50ksteps,1m,bhep,imagenet,0.011515702120959759,,0.011515702120959759
35300,13,0.00016710858884944415,1,384,0.0017585502937436104,0.001225374056957662,,2,geometry-fixedcompute-1m-bhep-imagenet-50ksteps,1m,bhep,imagenet,0.011888897977769375,,0.011888897977769375
35400,13,0.0001651385680826546,1,384,0.002030746079981327,0.0015059219440445304,,2,geometry-fixedcompute-1m-bhep-imagenet-50ksteps,1m,bhep,imagenet,0.012002406641840935,,0.012002406641840935
35500,13,0.00016317452072919913,1,384,0.0018604410579428077,0.0013431778643280268,,2,geometry-fixedcompute-1m-bhep-imagenet-50ksteps,1m,bhep,imagenet,0.011688442900776863,,0.011688442900776863
35600,13,0.00016121658463268292,1,384,0.0018462580628693104,0.0013207781594246626,,2,geometry-fixedcompute-1m-bhep-imagenet-50ksteps,1m,bhep,imagenet,0.011830374598503113,,0.011830374598503113
35700,13,0.0001592648972078028,1,384,0.001801094738766551,0.0013040956109762192,,2,geometry-fixedcompute-1m-bhep-imagenet-50ksteps,1m,bhep,imagenet,0.011244077235460281,,0.011244077235460281
35800,13,0.00015731959543070187,1,384,0.0019249797333031893,0.001410223776474595,,2,geometry-fixedcompute-1m-bhep-imagenet-50ksteps,1m,bhep,imagenet,0.01170534547418356,,0.01170534547418356
35900,13,0.00015538081582935656,1,384,0.002012899611145258,0.0015172816347330809,,2,geometry-fixedcompute-1m-bhep-imagenet-50ksteps,1m,bhep,imagenet,0.011429641395807266,,0.011429641395807266
36000,13,0.000153448694473995,1,384,0.0018034081440418959,0.0012799244141206145,,2,geometry-fixedcompute-1m-bhep-imagenet-50ksteps,1m,bhep,imagenet,0.011749599128961563,,0.011749599128961563
36100,13,0.0001515233669675453,1,384,0.0019415284041315317,0.0014471885515376925,,2,geometry-fixedcompute-1m-bhep-imagenet-50ksteps,1m,bhep,imagenet,0.01133398525416851,,0.01133398525416851
36200,13,0.00014960496843612167,1,384,0.0018689653370529413,0.001372102415189147,,2,geometry-fixedcompute-1m-bhep-imagenet-50ksteps,1m,bhep,imagenet,0.011309360153973103,,0.011309360153973103
36300,13,0.00014769363351953805,1,384,0.0018638265319168568,0.001370800076983869,,2,geometry-fixedcompute-1m-bhep-imagenet-50ksteps,1m,bhep,imagenet,0.01123133022338152,,0.01123133022338152
36400,13,0.00014578949636185942,1,384,0.00215899758040905,0.0016830842941999435,,2,geometry-fixedcompute-1m-bhep-imagenet-50ksteps,1m,bhep,imagenet,0.011201347224414349,,0.011201347224414349
36500,14,0.00014389269060198772,1,384,0.001813356182537973,0.0013118673814460635,,2,geometry-fixedcompute-1m-bhep-imagenet-50ksteps,1m,bhep,imagenet,0.011341643519699574,,0.011341643519699574
36600,14,0.00014200334936428197,1,384,0.0017857786733657122,0.0012866647448390722,,2,geometry-fixedcompute-1m-bhep-imagenet-50ksteps,1m,bhep,imagenet,0.011268943548202515,,0.011268943548202515
36700,14,0.0001401216052492153,1,384,0.00183225073851645,0.001329157268628478,,2,geometry-fixedcompute-1m-bhep-imagenet-50ksteps,1m,bhep,imagenet,0.011391028761863708,,0.011391028761863708
36800,14,0.00013824759032406842,1,384,0.001802470302209258,0.0012869632337242365,,2,geometry-fixedcompute-1m-bhep-imagenet-50ksteps,1m,bhep,imagenet,0.011597104370594025,,0.011597104370594025
36900,14,0.0001363814361136612,1,384,0.00177612598054111,0.0012844474986195564,,2,geometry-fixedcompute-1m-bhep-imagenet-50ksteps,1m,bhep,imagenet,0.011118018068373203,,0.011118018068373203
37000,14,0.0001345232735911211,1,384,0.0017106013838201761,0.001212678151205182,,2,geometry-fixedcompute-1m-bhep-imagenet-50ksteps,1m,bhep,imagenet,0.01117114070802927,,0.01117114070802927
37100,14,0.0001326732331686923,1,384,0.0018113844562321901,0.0013057212345302105,,2,geometry-fixedcompute-1m-bhep-imagenet-50ksteps,1m,bhep,imagenet,0.011418987065553665,,0.011418987065553665
37200,14,0.0001308314446885811,1,384,0.0016043286304920912,0.0011017738142982125,,2,geometry-fixedcompute-1m-bhep-imagenet-50ksteps,1m,bhep,imagenet,0.011152870021760464,,0.011152870021760464
37300,14,0.00012899803741384444,1,384,0.0015895727556198835,0.001073501305654645,,2,geometry-fixedcompute-1m-bhep-imagenet-50ksteps,1m,bhep,imagenet,0.011394929140806198,,0.011394929140806198
37400,14,0.0001271731400193172,1,384,0.00163357169367373,0.0011259987950325012,,2,geometry-fixedcompute-1m-bhep-imagenet-50ksteps,1m,bhep,imagenet,0.011277458630502224,,0.011277458630502224
37500,14,0.00012535688058258176,1,384,0.0018632463179528713,0.001365765929222107,,2,geometry-fixedcompute-1m-bhep-imagenet-50ksteps,1m,bhep,imagenet,0.01131537463515997,,0.01131537463515997
37600,14,0.00012354938657497893,1,384,0.0018267837585881352,0.0013337491545826197,,2,geometry-fixedcompute-1m-bhep-imagenet-50ksteps,1m,bhep,imagenet,0.011194441467523575,,0.011194441467523575
37700,14,0.00012175078485266159,1,384,0.0017064712010324001,0.0011958915274590254,,2,geometry-fixedcompute-1m-bhep-imagenet-50ksteps,1m,bhep,imagenet,0.011407486163079739,,0.011407486163079739
37800,14,0.00011996120164769079,1,384,0.0017490183236077428,0.0012621048372238874,,2,geometry-fixedcompute-1m-bhep-imagenet-50ksteps,1m,bhep,imagenet,0.01100037433207035,,0.01100037433207035
37900,14,0.0001181807625591779,1,384,0.0019977563060820103,0.0015273847384378314,,2,geometry-fixedcompute-1m-bhep-imagenet-50ksteps,1m,bhep,imagenet,0.010934814810752869,,0.010934814810752869
38000,14,0.000116409592544468,1,384,0.001715793157927692,0.0012229136191308498,,2,geometry-fixedcompute-1m-bhep-imagenet-50ksteps,1m,bhep,imagenet,0.011080505326390266,,0.011080505326390266
38100,14,0.00011464781591037102,1,384,0.0018411464989185333,0.001334924018010497,,2,geometry-fixedcompute-1m-bhep-imagenet-50ksteps,1m,bhep,imagenet,0.011459373869001865,,0.011459373869001865
38200,14,0.00011289555630443703,1,384,0.0016079861670732498,0.0011148730991408229,,2,geometry-fixedcompute-1m-bhep-imagenet-50ksteps,1m,bhep,imagenet,0.010977133177220821,,0.010977133177220821
38300,14,0.00011115293670627819,1,384,0.0018362553091719747,0.001363811083137989,,2,geometry-fixedcompute-1m-bhep-imagenet-50ksteps,1m,bhep,imagenet,0.010812697000801563,,0.010812697000801563
38400,14,0.00010942007941893789,1,384,0.0015642327489331365,0.0010467554675415158,,2,geometry-fixedcompute-1m-bhep-imagenet-50ksteps,1m,bhep,imagenet,0.011396300978958607,,0.011396300978958607
38500,14,0.00010769710606030696,1,384,0.0018167069647461176,0.0013133613392710686,,2,geometry-fixedcompute-1m-bhep-imagenet-50ksteps,1m,bhep,imagenet,0.011380276642739773,,0.011380276642739773
38600,14,0.0001059841375545878,1,384,0.0018321109237149358,0.001354121370241046,,2,geometry-fixedcompute-1m-bhep-imagenet-50ksteps,1m,bhep,imagenet,0.010913913138210773,,0.010913913138210773
38700,14,0.000104281294123808,1,384,0.001790161244571209,0.001287955092266202,,2,geometry-fixedcompute-1m-bhep-imagenet-50ksteps,1m,bhep,imagenet,0.011332079768180847,,0.011332079768180847
38800,14,0.0001025886952793824,1,384,0.0018404077272862196,0.0013453196734189987,,2,geometry-fixedcompute-1m-bhep-imagenet-50ksteps,1m,bhep,imagenet,0.01124708354473114,,0.01124708354473114
38900,14,0.0001009064598137258,1,384,0.0018275465117767453,0.0013500337954610586,,2,geometry-fixedcompute-1m-bhep-imagenet-50ksteps,1m,bhep,imagenet,0.010900287888944149,,0.010900287888944149
39000,14,9.923470579191513e-05,1,384,0.0017781920032575727,0.0012855950044468045,,2,geometry-fixedcompute-1m-bhep-imagenet-50ksteps,1m,bhep,imagenet,0.011137534864246845,,0.011137534864246845
39100,15,9.757355054340345e-05,1,384,0.001661680405959487,0.0011591460788622499,,2,geometry-fixedcompute-1m-bhep-imagenet-50ksteps,1m,bhep,imagenet,0.01120983250439167,,0.01120983250439167
39200,15,9.592311065378547e-05,1,384,0.001965396571904421,0.001478637452237308,,2,geometry-fixedcompute-1m-bhep-imagenet-50ksteps,1m,bhep,imagenet,0.011213821358978748,,0.011213821358978748
39300,15,9.428350195661534e-05,1,384,0.001802058657631278,0.001308678649365902,,2,geometry-fixedcompute-1m-bhep-imagenet-50ksteps,1m,bhep,imagenet,0.011176279745995998,,0.011176279745995998
39400,15,9.26548395252766e-05,1,384,0.0017825565300881863,0.0013060526689514518,,2,geometry-fixedcompute-1m-bhep-imagenet-50ksteps,1m,bhep,imagenet,0.01083612721413374,,0.01083612721413374
39500,15,9.103723766490616e-05,1,384,0.0020463368855416775,0.0015710899606347084,,2,geometry-fixedcompute-1m-bhep-imagenet-50ksteps,1m,bhep,imagenet,0.011076030321419239,,0.011076030321419239
39600,15,8.943080990437218e-05,1,384,0.0018855445086956024,0.0013860487379133701,,2,geometry-fixedcompute-1m-bhep-imagenet-50ksteps,1m,bhep,imagenet,0.011375965550541878,,0.011375965550541878
39700,15,8.783566898830578e-05,1,384,0.0015572789125144482,0.0010625061113387346,,2,geometry-fixedcompute-1m-bhep-imagenet-50ksteps,1m,bhep,imagenet,0.010957960970699787,,0.010957960970699787
39800,15,8.625192686918863e-05,1,384,0.0020155953243374825,0.0015469783684238791,,2,geometry-fixedcompute-1m-bhep-imagenet-50ksteps,1m,bhep,imagenet,0.010919315740466118,,0.010919315740466118
39900,15,8.467969469949542e-05,1,384,0.0015939956065267324,0.0010918815387412906,,2,geometry-fixedcompute-1m-bhep-imagenet-50ksteps,1m,bhep,imagenet,0.011134164407849312,,0.011134164407849312
40000,15,8.311908282389323e-05,1,384,0.0020366786047816277,0.0015690175350755453,,2,geometry-fixedcompute-1m-bhep-imagenet-50ksteps,1m,bhep,imagenet,0.010922239162027836,,0.010922239162027836
40100,15,8.157020077149652e-05,1,384,0.0017758775502443314,0.0012839437695220113,,2,geometry-fixedcompute-1m-bhep-imagenet-50ksteps,1m,bhep,imagenet,0.011122619733214378,,0.011122619733214378
40200,15,8.00331572481809e-05,1,384,0.0017837588675320148,0.0012849008198827505,,2,geometry-fixedcompute-1m-bhep-imagenet-50ksteps,1m,bhep,imagenet,0.01126206386834383,,0.01126206386834383
40300,15,7.850806012895276e-05,1,384,0.0015993842389434576,0.00110372225753963,,2,geometry-fixedcompute-1m-bhep-imagenet-50ksteps,1m,bhep,imagenet,0.011016960255801678,,0.011016960255801678
40400,15,7.699501645037899e-05,1,384,0.0016393889673054218,0.001142057590186596,,2,geometry-fixedcompute-1m-bhep-imagenet-50ksteps,1m,bhep,imagenet,0.011088685132563114,,0.011088685132563114
40500,15,7.54941324030742e-05,1,384,0.0015840770211070776,0.0011056149378418922,,2,geometry-fixedcompute-1m-bhep-imagenet-50ksteps,1m,bhep,imagenet,0.010674857534468174,,0.010674857534468174
40600,15,7.400551332424869e-05,1,384,0.001690806820988655,0.0011964149307459593,,2,geometry-fixedcompute-1m-bhep-imagenet-50ksteps,1m,bhep,imagenet,0.011084250174462795,,0.011084250174462795
40700,15,7.252926369031471e-05,1,384,0.0017416197806596756,0.0012669468997046351,,2,geometry-fixedcompute-1m-bhep-imagenet-50ksteps,1m,bhep,imagenet,0.010760405100882053,,0.010760405100882053
40800,15,7.106548710955427e-05,1,384,0.0018255691975355148,0.0013396847061812878,,2,geometry-fixedcompute-1m-bhep-imagenet-50ksteps,1m,bhep,imagenet,0.011057372204959393,,0.011057372204959393
40900,15,6.961428631484758e-05,1,384,0.00171488372143358,0.0012295544147491455,,2,geometry-fixedcompute-1m-bhep-imagenet-50ksteps,1m,bhep,imagenet,0.010936141014099121,,0.010936141014099121
41000,15,6.817576315646321e-05,1,384,0.0018599799368530512,0.0013827213551849127,,2,geometry-fixedcompute-1m-bhep-imagenet-50ksteps,1m,bhep,imagenet,0.010927893221378326,,0.010927893221378326
41100,15,6.675001859490918e-05,1,384,0.0016579295042902231,0.0011765439994633198,,2,geometry-fixedcompute-1m-bhep-imagenet-50ksteps,1m,bhep,imagenet,0.010804255492985249,,0.010804255492985249
41200,15,6.533715269384758e-05,1,384,0.0016856450820341706,0.0012090341188013554,,2,geometry-fixedcompute-1m-bhep-imagenet-50ksteps,1m,bhep,imagenet,0.010741252452135086,,0.010741252452135086
41300,15,6.393726461307193e-05,1,384,0.0018363702110946178,0.0013711764477193356,,2,geometry-fixedcompute-1m-bhep-imagenet-50ksteps,1m,bhep,imagenet,0.01067505031824112,,0.01067505031824112
41400,15,6.255045260154781e-05,1,384,0.0016955900937318802,0.0012146785156801343,,2,geometry-fixedcompute-1m-bhep-imagenet-50ksteps,1m,bhep,imagenet,0.010832910425961018,,0.010832910425961018
41500,15,6.117681399051704e-05,1,384,0.001835960429161787,0.0013701472198590636,,2,geometry-fixedcompute-1m-bhep-imagenet-50ksteps,1m,bhep,imagenet,0.010686412453651428,,0.010686412453651428
41600,15,5.98164451866666e-05,1,384,0.001826752326451242,0.0013611535541713238,,2,geometry-fixedcompute-1m-bhep-imagenet-50ksteps,1m,bhep,imagenet,0.010673128999769688,,0.010673128999769688
41700,16,5.84694416653631e-05,1,384,0.001749795745126903,0.0012737340293824673,,2,geometry-fixedcompute-1m-bhep-imagenet-50ksteps,1m,bhep,imagenet,0.010794969275593758,,0.010794969275593758
41800,16,5.713589796395131e-05,1,384,0.0017310981638729572,0.0012537336442619562,,2,geometry-fixedcompute-1m-bhep-imagenet-50ksteps,1m,bhep,imagenet,0.010801026597619057,,0.010801026597619057
41900,16,5.581590767511983e-05,1,384,0.0018613245338201523,0.0013723578304052353,,2,geometry-fixedcompute-1m-bhep-imagenet-50ksteps,1m,bhep,imagenet,0.011151690967381,,0.011151690967381
42000,16,5.450956344033184e-05,1,384,0.0017628020141273737,0.0012959808809682727,,2,geometry-fixedcompute-1m-bhep-imagenet-50ksteps,1m,bhep,imagenet,0.010632405988872051,,0.010632405988872051
42100,16,5.3216956943323445e-05,1,384,0.0017471166793256998,0.0012677175691351295,,2,geometry-fixedcompute-1m-bhep-imagenet-50ksteps,1m,bhep,imagenet,0.010855699889361858,,0.010855699889361858
42200,16,5.19381789036691e-05,1,384,0.0017593891825526953,0.001297359704039991,,2,geometry-fixedcompute-1m-bhep-imagenet-50ksteps,1m,bhep,imagenet,0.010537950322031975,,0.010537950322031975
42300,16,5.0673319070414635e-05,1,384,0.0017115934751927853,0.0012348173186182976,,2,geometry-fixedcompute-1m-bhep-imagenet-50ksteps,1m,bhep,imagenet,0.010770339518785477,,0.010770339518785477
42400,16,4.942246621577805e-05,1,384,0.0017630062066018581,0.0012965141795575619,,2,geometry-fixedcompute-1m-bhep-imagenet-50ksteps,1m,bhep,imagenet,0.010626357048749924,,0.010626357048749924
42500,16,4.8185708128919435e-05,1,384,0.001719956286251545,0.0012618984328582883,,2,geometry-fixedcompute-1m-bhep-imagenet-50ksteps,1m,bhep,imagenet,0.010423053987324238,,0.010423053987324238
42600,16,4.6963131609779435e-05,1,384,0.001675967825576663,0.001183441374450922,,2,geometry-fixedcompute-1m-bhep-imagenet-50ksteps,1m,bhep,imagenet,0.011033968068659306,,0.011033968068659306
42700,16,4.575482246298764e-05,1,384,0.0015769422752782702,0.0010960946092382073,,2,geometry-fixedcompute-1m-bhep-imagenet-50ksteps,1m,bhep,imagenet,0.010713047347962856,,0.010713047347962856
42800,16,4.456086549184025e-05,1,384,0.0016798155847936869,0.0012069663498550653,,2,geometry-fixedcompute-1m-bhep-imagenet-50ksteps,1m,bhep,imagenet,0.010663951747119427,,0.010663951747119427
42900,16,4.3381344492348286e-05,1,384,0.001691467477940023,0.0012036236003041267,,2,geometry-fixedcompute-1m-bhep-imagenet-50ksteps,1m,bhep,imagenet,0.010960502550005913,,0.010960502550005913
43000,16,4.2216342247356707e-05,1,384,0.0018181288614869118,0.0013555977493524551,,2,geometry-fixedcompute-1m-bhep-imagenet-50ksteps,1m,bhep,imagenet,0.010606219992041588,,0.010606219992041588
43100,16,4.1065940520733994e-05,1,384,0.0016748163616284728,0.0011887771543115377,,2,geometry-fixedcompute-1m-bhep-imagenet-50ksteps,1m,bhep,imagenet,0.010909561067819595,,0.010909561067819595
43200,16,3.9930220051634445e-05,1,384,0.001713158329948783,0.0012368084862828255,,2,geometry-fixedcompute-1m-bhep-imagenet-50ksteps,1m,bhep,imagenet,0.010763805359601974,,0.010763805359601974
43300,16,3.8809260548830795e-05,1,384,0.0016842384357005358,0.0012072061654180288,,2,geometry-fixedcompute-1m-bhep-imagenet-50ksteps,1m,bhep,imagenet,0.010747852735221386,,0.010747852735221386
43400,16,3.7703140685120476e-05,1,384,0.0018608812242746353,0.0014095993246883154,,2,geometry-fixedcompute-1m-bhep-imagenet-50ksteps,1m,bhep,imagenet,0.010435234755277634,,0.010435234755277634
43500,16,3.661193809180397e-05,1,384,0.0017884912667796016,0.0013219970278441906,,2,geometry-fixedcompute-1m-bhep-imagenet-50ksteps,1m,bhep,imagenet,0.010651882737874985,,0.010651882737874985
43600,16,3.5535729353236204e-05,1,384,0.001595573266968131,0.0011189277283847332,,2,geometry-fixedcompute-1m-bhep-imagenet-50ksteps,1m,bhep,imagenet,0.010651838965713978,,0.010651838965713978
43700,16,3.4474590001452095e-05,1,384,0.0017693114932626486,0.0012956485152244568,,2,geometry-fixedcompute-1m-bhep-imagenet-50ksteps,1m,bhep,imagenet,0.010768909007310867,,0.010768909007310867
43800,16,3.3428594510864724e-05,1,384,0.0017695720307528973,0.0013002959312871099,,2,geometry-fixedcompute-1m-bhep-imagenet-50ksteps,1m,bhep,imagenet,0.010685816407203674,,0.010685816407203674
43900,16,3.239781629303911e-05,1,384,0.001594308065250516,0.001113086356781423,,2,geometry-fixedcompute-1m-bhep-imagenet-50ksteps,1m,bhep,imagenet,0.010737520642578602,,0.010737520642578602
44000,16,3.138232769153948e-05,1,384,0.0015223757363855839,0.001053530490025878,,2,geometry-fixedcompute-1m-bhep-imagenet-50ksteps,1m,bhep,imagenet,0.01043043565005064,,0.01043043565005064
44100,16,3.038219997685242e-05,1,384,0.0015764194540679455,0.0011069797910749912,,2,geometry-fixedcompute-1m-bhep-imagenet-50ksteps,1m,bhep,imagenet,0.010495771653950214,,0.010495771653950214
44200,16,2.9397503341384265e-05,1,384,0.001588278217241168,0.0011009532026946545,,2,geometry-fixedcompute-1m-bhep-imagenet-50ksteps,1m,bhep,imagenet,0.010847452096641064,,0.010847452096641064
44300,17,2.8428306894535338e-05,1,384,0.0016900706104934216,0.0012125673238188028,,2,geometry-fixedcompute-1m-bhep-imagenet-50ksteps,1m,bhep,imagenet,0.010762633755803108,,0.010762633755803108
44400,17,2.7474678657849148e-05,1,384,0.0017346092499792576,0.001261782250367105,,2,geometry-fixedcompute-1m-bhep-imagenet-50ksteps,1m,bhep,imagenet,0.010718320496380329,,0.010718320496380329
44500,17,2.6536685560238913e-05,1,384,0.0016377429710701108,0.001166920643299818,,2,geometry-fixedcompute-1m-bhep-imagenet-50ksteps,1m,bhep,imagenet,0.010583368130028248,,0.010583368130028248
44600,17,2.5614393433289605e-05,1,384,0.0016556789632886648,0.001183815998956561,,2,geometry-fixedcompute-1m-bhep-imagenet-50ksteps,1m,bhep,imagenet,0.01062107551842928,,0.01062107551842928
44700,17,2.4707867006638262e-05,1,384,0.001664886367507279,0.0012152756098657846,,2,geometry-fixedcompute-1m-bhep-imagenet-50ksteps,1m,bhep,imagenet,0.010207490995526314,,0.010207490995526314
44800,17,2.3817169903430686e-05,1,384,0.001557694049552083,0.0010900290217250586,,2,geometry-fixedcompute-1m-bhep-imagenet-50ksteps,1m,bhep,imagenet,0.010443328879773617,,0.010443328879773617
44900,17,2.2942364635856203e-05,1,384,0.001615347107872367,0.0011292682029306889,,2,geometry-fixedcompute-1m-bhep-imagenet-50ksteps,1m,bhep,imagenet,0.010850845836102962,,0.010850845836102962
45000,17,2.2083512600760726e-05,1,384,0.001855148933827877,0.0014055820647627115,,2,geometry-fixedcompute-1m-bhep-imagenet-50ksteps,1m,bhep,imagenet,0.010396920144557953,,0.010396920144557953
45100,17,2.124067407533687e-05,1,384,0.001686207251623273,0.0012240074574947357,,2,geometry-fixedcompute-1m-bhep-imagenet-50ksteps,1m,bhep,imagenet,0.010468004271388054,,0.010468004271388054
45200,17,2.0413908212894406e-05,1,384,0.001843607984483242,0.0013960236683487892,,2,geometry-fixedcompute-1m-bhep-imagenet-50ksteps,1m,bhep,imagenet,0.01034771092236042,,0.01034771092236042
45300,17,1.960327303870808e-05,1,384,0.0014985909219831228,0.0010174554772675037,,2,geometry-fixedcompute-1m-bhep-imagenet-50ksteps,1m,bhep,imagenet,0.010640165768563747,,0.010640165768563747
45400,17,1.8808825445945534e-05,1,384,0.001690913224592805,0.0012364741414785385,,2,geometry-fixedcompute-1m-bhep-imagenet-50ksteps,1m,bhep,imagenet,0.010325256735086441,,0.010325256735086441
45500,17,1.8030621191674124e-05,1,384,0.0015931767411530018,0.0011274029966443777,,2,geometry-fixedcompute-1m-bhep-imagenet-50ksteps,1m,bhep,imagenet,0.010442876257002354,,0.010442876257002354
45600,17,1.7268714892947803e-05,1,384,0.001757955295033753,0.0013066427782177925,,2,geometry-fixedcompute-1m-bhep-imagenet-50ksteps,1m,bhep,imagenet,0.010332893580198288,,0.010332893580198288
45700,17,1.6523160022973805e-05,1,384,0.0016190661117434502,0.0011459703091531992,,2,geometry-fixedcompute-1m-bhep-imagenet-50ksteps,1m,bhep,imagenet,0.01060788705945015,,0.01060788705945015
45800,17,1.5794008907360016e-05,1,384,0.001718023675493896,0.001264361198991537,,2,geometry-fixedcompute-1m-bhep-imagenet-50ksteps,1m,bhep,imagenet,0.010337610729038715,,0.010337610729038715
45900,17,1.5081312720442118e-05,1,384,0.0016682605491951108,0.0012043676106259227,,2,geometry-fixedcompute-1m-bhep-imagenet-50ksteps,1m,bhep,imagenet,0.010482226498425007,,0.010482226498425007
46000,17,1.438512148169243e-05,1,384,0.0016534968744963408,0.0011969042243435979,,2,geometry-fixedcompute-1m-bhep-imagenet-50ksteps,1m,bhep,imagenet,0.010328756645321846,,0.010328756645321846
46100,17,1.3705484052209072e-05,1,384,0.0017704220954328775,0.001311194384470582,,2,geometry-fixedcompute-1m-bhep-imagenet-50ksteps,1m,bhep,imagenet,0.010495749302208424,,0.010495749302208424
46200,17,1.3042448131286824e-05,1,384,0.0018124438356608152,0.0013293129159137607,,2,geometry-fixedcompute-1m-bhep-imagenet-50ksteps,1m,bhep,imagenet,0.010991930961608887,,0.010991930961608887
46300,17,1.239606025306954e-05,1,384,0.0017850949661806226,0.001322083524428308,,2,geometry-fixedcompute-1m-bhep-imagenet-50ksteps,1m,bhep,imagenet,0.010582312941551208,,0.010582312941551208
46400,17,1.1766365783284007e-05,1,384,0.0015947981737554073,0.0011212634854018688,,2,geometry-fixedcompute-1m-bhep-imagenet-50ksteps,1m,bhep,imagenet,0.010591956786811352,,0.010591956786811352
46500,17,1.1153408916056172e-05,1,384,0.0016067211981862783,0.001138986786827445,,2,geometry-fixedcompute-1m-bhep-imagenet-50ksteps,1m,bhep,imagenet,0.01049367617815733,,0.01049367617815733
46600,17,1.0557232670809407e-05,1,384,0.001605218043550849,0.0011331145651638508,,2,geometry-fixedcompute-1m-bhep-imagenet-50ksteps,1m,bhep,imagenet,0.010575185529887676,,0.010575185529887676
46700,17,9.97787888924533e-06,1,384,0.0017477418296039104,0.0012767845764756203,,2,geometry-fixedcompute-1m-bhep-imagenet-50ksteps,1m,bhep,imagenet,0.010695929639041424,,0.010695929639041424
46800,17,9.415388232407037e-06,1,384,0.0016048663528636098,0.0011423822725191712,,2,geometry-fixedcompute-1m-bhep-imagenet-50ksteps,1m,bhep,imagenet,0.010392065159976482,,0.010392065159976482
46900,18,8.869800177825473e-06,1,384,0.001624435419216752,0.0011487300507724285,,2,geometry-fixedcompute-1m-bhep-imagenet-50ksteps,1m,bhep,imagenet,0.010662836022675037,,0.010662836022675037
47000,18,8.341153016748756e-06,1,384,0.0017095706425607204,0.0012581342598423362,,2,geometry-fixedcompute-1m-bhep-imagenet-50ksteps,1m,bhep,imagenet,0.010286862961947918,,0.010286862961947918
47100,18,7.829483851454853e-06,1,384,0.0017797858454287052,0.0013151814928278327,,2,geometry-fixedcompute-1m-bhep-imagenet-50ksteps,1m,bhep,imagenet,0.01060726959258318,,0.01060726959258318
47200,18,7.334828592647484e-06,1,384,0.0017210766673088074,0.0012609697878360748,,2,geometry-fixedcompute-1m-bhep-imagenet-50ksteps,1m,bhep,imagenet,0.01046311017125845,,0.01046311017125845
47300,18,6.857221956935838e-06,1,384,0.0016597090288996696,0.001194253098219633,,2,geometry-fixedcompute-1m-bhep-imagenet-50ksteps,1m,bhep,imagenet,0.010503373108804226,,0.010503373108804226
47400,18,6.396697464398013e-06,1,384,0.0016583725810050964,0.001201500417664647,,2,geometry-fixedcompute-1m-bhep-imagenet-50ksteps,1m,bhep,imagenet,0.010338946245610714,,0.010338946245610714
47500,18,5.953287436228477e-06,1,384,0.001578842056915164,0.001112358644604683,,2,geometry-fixedcompute-1m-bhep-imagenet-50ksteps,1m,bhep,imagenet,0.010442026890814304,,0.010442026890814304
47600,18,5.527022992469717e-06,1,384,0.001586754573509097,0.0011104585137218237,,2,geometry-fixedcompute-1m-bhep-imagenet-50ksteps,1m,bhep,imagenet,0.010636379010975361,,0.010636379010975361
47700,18,5.117934049828051e-06,1,384,0.00171798060182482,0.0012710943119600415,,2,geometry-fixedcompute-1m-bhep-imagenet-50ksteps,1m,bhep,imagenet,0.01020881999284029,,0.01020881999284029
47800,18,4.726049319573937e-06,1,384,0.0015966822393238544,0.0011208988726139069,,2,geometry-fixedcompute-1m-bhep-imagenet-50ksteps,1m,bhep,imagenet,0.010636568069458008,,0.010636568069458008
47900,18,4.351396305527036e-06,1,384,0.0015907140914350748,0.0011145109310746193,,2,geometry-fixedcompute-1m-bhep-imagenet-50ksteps,1m,bhep,imagenet,0.010638575069606304,,0.010638575069606304
48000,18,3.9940013021258395e-06,1,384,0.0017153359949588776,0.001253433059900999,,2,geometry-fixedcompute-1m-bhep-imagenet-50ksteps,1m,bhep,imagenet,0.010491492226719856,,0.010491492226719856
48100,18,3.6538893925822097e-06,1,384,0.0016748188063502312,0.0012044582981616259,,2,geometry-fixedcompute-1m-bhep-imagenet-50ksteps,1m,bhep,imagenet,0.010611670091748238,,0.010611670091748238
48200,18,3.3310844471209523e-06,1,384,0.0016123075038194656,0.0011470697354525328,,2,geometry-fixedcompute-1m-bhep-imagenet-50ksteps,1m,bhep,imagenet,0.010451825335621834,,0.010451825335621834
48300,18,3.0256091213045416e-06,1,384,0.001498211408033967,0.0010360028827562928,,2,geometry-fixedcompute-1m-bhep-imagenet-50ksteps,1m,bhep,imagenet,0.01028017420321703,,0.01028017420321703
48400,18,2.737484854443172e-06,1,384,0.001633891137316823,0.0011642816243693233,,2,geometry-fixedcompute-1m-bhep-imagenet-50ksteps,1m,bhep,imagenet,0.010556472465395927,,0.010556472465395927
48500,18,2.4667318680899045e-06,1,384,0.0017408992862328887,0.0012818742543458939,,2,geometry-fixedcompute-1m-bhep-imagenet-50ksteps,1m,bhep,imagenet,0.010462375357747078,,0.010462375357747078
48600,18,2.2133691646215212e-06,1,384,0.0018336267676204443,0.0013859458267688751,,2,geometry-fixedcompute-1m-bhep-imagenet-50ksteps,1m,bhep,imagenet,0.010339563712477684,,0.010339563712477684
48700,18,1.9774145259048734e-06,1,384,0.0015287816058844328,0.0010651451302692294,,2,geometry-fixedcompute-1m-bhep-imagenet-50ksteps,1m,bhep,imagenet,0.010337874293327332,,0.010337874293327332
48800,18,1.758884512048903e-06,1,384,0.001625041477382183,0.0011491941986605525,,2,geometry-fixedcompute-1m-bhep-imagenet-50ksteps,1m,bhep,imagenet,0.010666139423847198,,0.010666139423847198
48900,18,1.5577944602424216e-06,1,384,0.0018187409732490778,0.0013690334744751453,,2,geometry-fixedcompute-1m-bhep-imagenet-50ksteps,1m,bhep,imagenet,0.010363182984292507,,0.010363182984292507
49000,18,1.3741584836776117e-06,1,384,0.001689906232059002,0.0012284329859539866,,2,geometry-fixedcompute-1m-bhep-imagenet-50ksteps,1m,bhep,imagenet,0.010457896627485752,,0.010457896627485752
49100,18,1.2079894705595786e-06,1,384,0.0016271539498120546,0.0011385864345356822,,2,geometry-fixedcompute-1m-bhep-imagenet-50ksteps,1m,bhep,imagenet,0.010909934528172016,,0.010909934528172016
49200,18,1.0592990832017577e-06,1,384,0.0016112078446894884,0.0011544865556061268,,2,geometry-fixedcompute-1m-bhep-imagenet-50ksteps,1m,bhep,imagenet,0.010288911871612072,,0.010288911871612072
49300,18,9.280977572075126e-07,1,384,0.0016408015508204699,0.0011894445633515716,,2,geometry-fixedcompute-1m-bhep-imagenet-50ksteps,1m,bhep,imagenet,0.010216585360467434,,0.010216585360467434
49400,18,8.143947007376327e-07,1,384,0.0016715708188712597,0.0012074760161340237,,2,geometry-fixedcompute-1m-bhep-imagenet-50ksteps,1m,bhep,imagenet,0.010489371605217457,,0.010489371605217457
49500,19,7.181978938641054e-07,1,384,0.0016782889142632484,0.0012074490077793598,,2,geometry-fixedcompute-1m-bhep-imagenet-50ksteps,1m,bhep,imagenet,0.010624246671795845,,0.010624246671795845
49600,19,6.395140880100399e-07,1,384,0.0015581499319523573,0.0010845528449863195,,2,geometry-fixedcompute-1m-bhep-imagenet-50ksteps,1m,bhep,imagenet,0.010556492954492569,,0.010556492954492569
49700,19,5.783488054758322e-07,1,384,0.0018466238398104906,0.0013665281003341079,,2,geometry-fixedcompute-1m-bhep-imagenet-50ksteps,1m,bhep,imagenet,0.010968441143631935,,0.010968441143631935
49800,19,5.347063390516083e-07,1,384,0.0014951692428439856,0.0010310090146958828,,2,geometry-fixedcompute-1m-bhep-imagenet-50ksteps,1m,bhep,imagenet,0.010314214043319225,,0.010314214043319225
49900,19,5.085897517159643e-07,1,384,0.0016381501918658614,0.0011681762989610434,,2,geometry-fixedcompute-1m-bhep-imagenet-50ksteps,1m,bhep,imagenet,0.01056765392422676,,0.01056765392422676
0,0,5.0396e-06,1,384,0.46197396516799927,0.4846188426017761,,2,geometry-fixedcompute-1m-eppartial-random-50ksteps,1m,eppartial,random,0.03172150254249573,0.03172150254249573,
100,0,8.999599999999996e-06,1,384,0.4227093458175659,0.44156885147094727,,2,geometry-fixedcompute-1m-eppartial-random-50ksteps,1m,eppartial,random,0.06437867879867554,0.06437867879867554,
200,0,1.295959999999996e-05,1,384,0.3238908648490906,0.33795294165611267,,2,geometry-fixedcompute-1m-eppartial-random-50ksteps,1m,eppartial,random,0.05671115592122078,0.05671115592122078,
300,0,1.691959999999993e-05,1,384,0.2964487671852112,0.3088148236274719,,2,geometry-fixedcompute-1m-eppartial-random-50ksteps,1m,eppartial,random,0.0614934042096138,0.0614934042096138,
400,0,2.0879599999999897e-05,1,384,0.2527664005756378,0.2617998719215393,,2,geometry-fixedcompute-1m-eppartial-random-50ksteps,1m,eppartial,random,0.08113036304712296,0.08113036304712296,
500,0,2.483959999999992e-05,1,384,0.2693055272102356,0.27926093339920044,,2,geometry-fixedcompute-1m-eppartial-random-50ksteps,1m,eppartial,random,0.08015245199203491,0.08015245199203491,
600,0,2.879959999999994e-05,1,384,0.302702933549881,0.315545916557312,,2,geometry-fixedcompute-1m-eppartial-random-50ksteps,1m,eppartial,random,0.05868628993630409,0.05868628993630409,
700,0,3.275959999999989e-05,1,384,0.2393152266740799,0.24873249232769012,,2,geometry-fixedcompute-1m-eppartial-random-50ksteps,1m,eppartial,random,0.06038736552000046,0.06038736552000046,
800,0,3.671959999999993e-05,1,384,0.21674320101737976,0.2250472754240036,,2,geometry-fixedcompute-1m-eppartial-random-50ksteps,1m,eppartial,random,0.058965928852558136,0.058965928852558136,
900,0,4.0679599999999955e-05,1,384,0.2372482717037201,0.24643993377685547,,2,geometry-fixedcompute-1m-eppartial-random-50ksteps,1m,eppartial,random,0.06260672211647034,0.06260672211647034,
1000,0,4.463959999999999e-05,1,384,0.21321456134319305,0.22116023302078247,,2,geometry-fixedcompute-1m-eppartial-random-50ksteps,1m,eppartial,random,0.06224701926112175,0.06224701926112175,
1100,0,4.859960000000004e-05,1,384,0.18837711215019226,0.19517891108989716,,2,geometry-fixedcompute-1m-eppartial-random-50ksteps,1m,eppartial,random,0.05914302170276642,0.05914302170276642,
1200,0,5.25596000000001e-05,1,384,0.16188263893127441,0.16704890131950378,,2,geometry-fixedcompute-1m-eppartial-random-50ksteps,1m,eppartial,random,0.0637236014008522,0.0637236014008522,
1300,0,5.651960000000012e-05,1,384,0.17324303090572357,0.17903447151184082,,2,geometry-fixedcompute-1m-eppartial-random-50ksteps,1m,eppartial,random,0.06320573389530182,0.06320573389530182,
1400,0,6.047960000000012e-05,1,384,0.21347610652446747,0.22163626551628113,,2,geometry-fixedcompute-1m-eppartial-random-50ksteps,1m,eppartial,random,0.058433257043361664,0.058433257043361664,
1500,0,6.443960000000015e-05,1,384,0.16419269144535065,0.16941753029823303,,2,geometry-fixedcompute-1m-eppartial-random-50ksteps,1m,eppartial,random,0.06492066383361816,0.06492066383361816,
1600,0,6.839960000000024e-05,1,384,0.16097071766853333,0.16612425446510315,,2,geometry-fixedcompute-1m-eppartial-random-50ksteps,1m,eppartial,random,0.06305363774299622,0.06305363774299622,
1700,0,7.23596000000003e-05,1,384,0.15420328080654144,0.15906891226768494,,2,geometry-fixedcompute-1m-eppartial-random-50ksteps,1m,eppartial,random,0.061756450682878494,0.061756450682878494,
1800,0,7.63196000000003e-05,1,384,0.17340579628944397,0.17941975593566895,,2,geometry-fixedcompute-1m-eppartial-random-50ksteps,1m,eppartial,random,0.059140704572200775,0.059140704572200775,
1900,0,8.02796000000004e-05,1,384,0.16719920933246613,0.17249946296215057,,2,geometry-fixedcompute-1m-eppartial-random-50ksteps,1m,eppartial,random,0.06649444252252579,0.06649444252252579,
2000,0,8.423960000000036e-05,1,384,0.14894118905067444,0.15326309204101562,,2,geometry-fixedcompute-1m-eppartial-random-50ksteps,1m,eppartial,random,0.06682505458593369,0.06682505458593369,
2100,0,8.819960000000019e-05,1,384,0.12291163951158524,0.12570109963417053,,2,geometry-fixedcompute-1m-eppartial-random-50ksteps,1m,eppartial,random,0.06991193443536758,0.06991193443536758,
2200,0,9.215960000000019e-05,1,384,0.11160726845264435,0.11414852738380432,,2,geometry-fixedcompute-1m-eppartial-random-50ksteps,1m,eppartial,random,0.06332337856292725,0.06332337856292725,
2300,0,9.611960000000014e-05,1,384,0.12776431441307068,0.13106293976306915,,2,geometry-fixedcompute-1m-eppartial-random-50ksteps,1m,eppartial,random,0.06509046256542206,0.06509046256542206,
2400,0,0.00010007960000000004,1,384,0.12090504169464111,0.12390002608299255,,2,geometry-fixedcompute-1m-eppartial-random-50ksteps,1m,eppartial,random,0.06400033831596375,0.06400033831596375,
2500,0,0.0001040396,1,384,0.11849790811538696,0.12129519879817963,,2,geometry-fixedcompute-1m-eppartial-random-50ksteps,1m,eppartial,random,0.06534933298826218,0.06534933298826218,
2600,0,0.0001079995999999999,1,384,0.14927196502685547,0.1539234220981598,,2,geometry-fixedcompute-1m-eppartial-random-50ksteps,1m,eppartial,random,0.06089416891336441,0.06089416891336441,
2700,1,0.0001119595999999997,1,384,0.11446338146924973,0.11698945611715317,,2,geometry-fixedcompute-1m-eppartial-random-50ksteps,1m,eppartial,random,0.06646794080734253,0.06646794080734253,
2800,1,0.00011591959999999953,1,384,0.11274587363004684,0.11569016426801682,,2,geometry-fixedcompute-1m-eppartial-random-50ksteps,1m,eppartial,random,0.056804358959198,0.056804358959198,
2900,1,0.00011987959999999937,1,384,0.09028960764408112,0.09157516062259674,,2,geometry-fixedcompute-1m-eppartial-random-50ksteps,1m,eppartial,random,0.06586414575576782,0.06586414575576782,
3000,1,0.00012383959999999963,1,384,0.12092126905918121,0.12375011295080185,,2,geometry-fixedcompute-1m-eppartial-random-50ksteps,1m,eppartial,random,0.0671733021736145,0.0671733021736145,
3100,1,0.00012779959999999966,1,384,0.11333378404378891,0.1157732829451561,,2,geometry-fixedcompute-1m-eppartial-random-50ksteps,1m,eppartial,random,0.06698337197303772,0.06698337197303772,
3200,1,0.0001317595999999997,1,384,0.08288746327161789,0.08401402086019516,,2,geometry-fixedcompute-1m-eppartial-random-50ksteps,1m,eppartial,random,0.06148296594619751,0.06148296594619751,
3300,1,0.00013571959999999936,1,384,0.08082900941371918,0.08169525116682053,,2,geometry-fixedcompute-1m-eppartial-random-50ksteps,1m,eppartial,random,0.0643705427646637,0.0643705427646637,
3400,1,0.00013967959999999918,1,384,0.07798352092504501,0.07873265445232391,,2,geometry-fixedcompute-1m-eppartial-random-50ksteps,1m,eppartial,random,0.06374999135732651,0.06374999135732651,
3500,1,0.0001436395999999989,1,384,0.09569516032934189,0.09772036969661713,,2,geometry-fixedcompute-1m-eppartial-random-50ksteps,1m,eppartial,random,0.05721618980169296,0.05721618980169296,
3600,1,0.00014759959999999874,1,384,0.05948645621538162,0.05909325182437897,,2,geometry-fixedcompute-1m-eppartial-random-50ksteps,1m,eppartial,random,0.06695733219385147,0.06695733219385147,
3700,1,0.0001515595999999985,1,384,0.0714859887957573,0.07180333137512207,,2,geometry-fixedcompute-1m-eppartial-random-50ksteps,1m,eppartial,random,0.06545643508434296,0.06545643508434296,
3800,1,0.00015551959999999835,1,384,0.06354175508022308,0.06316956877708435,,2,geometry-fixedcompute-1m-eppartial-random-50ksteps,1m,eppartial,random,0.0706133171916008,0.0706133171916008,
3900,1,0.00015947959999999822,1,384,0.07315067201852798,0.07334466278553009,,2,geometry-fixedcompute-1m-eppartial-random-50ksteps,1m,eppartial,random,0.06946495175361633,0.06946495175361633,
4000,1,0.00016343959999999774,1,384,0.05846711993217468,0.05836818367242813,,2,geometry-fixedcompute-1m-eppartial-random-50ksteps,1m,eppartial,random,0.06034693866968155,0.06034693866968155,
4100,1,0.00016739959999999743,1,384,0.07658711075782776,0.07716820389032364,,2,geometry-fixedcompute-1m-eppartial-random-50ksteps,1m,eppartial,random,0.06554636359214783,0.06554636359214783,
4200,1,0.00017135959999999722,1,384,0.05695709213614464,0.056239187717437744,,2,geometry-fixedcompute-1m-eppartial-random-50ksteps,1m,eppartial,random,0.07059729099273682,0.07059729099273682,
4300,1,0.00017531959999999682,1,384,0.0666395053267479,0.06637401878833771,,2,geometry-fixedcompute-1m-eppartial-random-50ksteps,1m,eppartial,random,0.07168376445770264,0.07168376445770264,
4400,1,0.00017927959999999667,1,384,0.06575554609298706,0.06534287333488464,,2,geometry-fixedcompute-1m-eppartial-random-50ksteps,1m,eppartial,random,0.07359631359577179,0.07359631359577179,
4500,1,0.00018323959999999654,1,384,0.058117497712373734,0.057410404086112976,,2,geometry-fixedcompute-1m-eppartial-random-50ksteps,1m,eppartial,random,0.0715523436665535,0.0715523436665535,
4600,1,0.00018719959999999628,1,384,0.046370700001716614,0.04522150009870529,,2,geometry-fixedcompute-1m-eppartial-random-50ksteps,1m,eppartial,random,0.06820550560951233,0.06820550560951233,
4700,1,0.0001911595999999961,1,384,0.05476722493767738,0.053849585354328156,,2,geometry-fixedcompute-1m-eppartial-random-50ksteps,1m,eppartial,random,0.0722024142742157,0.0722024142742157,
4800,1,0.00019511959999999579,1,384,0.04029455780982971,0.03898503631353378,,2,geometry-fixedcompute-1m-eppartial-random-50ksteps,1m,eppartial,random,0.06517546623945236,0.06517546623945236,
4900,1,0.0001990795999999954,1,384,0.050303928554058075,0.04909900948405266,,2,geometry-fixedcompute-1m-eppartial-random-50ksteps,1m,eppartial,random,0.0731973797082901,0.0731973797082901,
5000,1,0.00020303959999999526,1,384,0.044868674129247665,0.04339189454913139,,2,geometry-fixedcompute-1m-eppartial-random-50ksteps,1m,eppartial,random,0.07292750477790833,0.07292750477790833,
5100,1,0.00020699959999999503,1,384,0.03535362333059311,0.033755525946617126,,2,geometry-fixedcompute-1m-eppartial-random-50ksteps,1m,eppartial,random,0.06571750342845917,0.06571750342845917,
5200,1,0.00021095959999999455,1,384,0.03835590183734894,0.03671930357813835,,2,geometry-fixedcompute-1m-eppartial-random-50ksteps,1m,eppartial,random,0.06945128738880157,0.06945128738880157,
5300,2,0.00021491959999999426,1,384,0.03527002036571503,0.033289067447185516,,2,geometry-fixedcompute-1m-eppartial-random-50ksteps,1m,eppartial,random,0.07290812581777573,0.07290812581777573,
5400,2,0.00021887959999999408,1,384,0.03349946439266205,0.03120906464755535,,2,geometry-fixedcompute-1m-eppartial-random-50ksteps,1m,eppartial,random,0.07701709866523743,0.07701709866523743,
5500,2,0.0002228395999999941,1,384,0.03093234822154045,0.02824830636382103,,2,geometry-fixedcompute-1m-eppartial-random-50ksteps,1m,eppartial,random,0.08192916214466095,0.08192916214466095,
5600,2,0.0002267995999999939,1,384,0.033345162868499756,0.030924998223781586,,2,geometry-fixedcompute-1m-eppartial-random-50ksteps,1m,eppartial,random,0.07932831346988678,0.07932831346988678,
5700,2,0.00023075959999999354,1,384,0.02741747535765171,0.02485230192542076,,2,geometry-fixedcompute-1m-eppartial-random-50ksteps,1m,eppartial,random,0.07615576684474945,0.07615576684474945,
5800,2,0.00023471959999999328,1,384,0.030840950086712837,0.028283320367336273,,2,geometry-fixedcompute-1m-eppartial-random-50ksteps,1m,eppartial,random,0.07943592220544815,0.07943592220544815,
5900,2,0.00023867959999999288,1,384,0.02219381369650364,0.018823843449354172,,2,geometry-fixedcompute-1m-eppartial-random-50ksteps,1m,eppartial,random,0.08622324466705322,0.08622324466705322,
6000,2,0.00024263959999999268,1,384,0.027406781911849976,0.024593736976385117,,2,geometry-fixedcompute-1m-eppartial-random-50ksteps,1m,eppartial,random,0.0808546394109726,0.0808546394109726,
6100,2,0.0002465995999999924,1,384,0.019670896232128143,0.016474194824695587,,2,geometry-fixedcompute-1m-eppartial-random-50ksteps,1m,eppartial,random,0.08040820807218552,0.08040820807218552,
6200,2,0.00025055959999999237,1,384,0.027182534337043762,0.023918483406305313,,2,geometry-fixedcompute-1m-eppartial-random-50ksteps,1m,eppartial,random,0.08919952064752579,0.08919952064752579,
6300,2,0.00025451959999999216,1,384,0.020158035680651665,0.01662544719874859,,2,geometry-fixedcompute-1m-eppartial-random-50ksteps,1m,eppartial,random,0.08727722615003586,0.08727722615003586,
6400,2,0.0002584795999999917,1,384,0.0191406961530447,0.015323723666369915,,2,geometry-fixedcompute-1m-eppartial-random-50ksteps,1m,eppartial,random,0.0916631668806076,0.0916631668806076,
6500,2,0.00026243959999999164,1,384,0.021802609786391258,0.01828564703464508,,2,geometry-fixedcompute-1m-eppartial-random-50ksteps,1m,eppartial,random,0.08862490952014923,0.08862490952014923,
6600,2,0.0002663995999999912,1,384,0.016358107328414917,0.012011597864329815,,2,geometry-fixedcompute-1m-eppartial-random-50ksteps,1m,eppartial,random,0.09894178807735443,0.09894178807735443,
6700,2,0.00027035959999999106,1,384,0.016433974727988243,0.012378022074699402,,2,geometry-fixedcompute-1m-eppartial-random-50ksteps,1m,eppartial,random,0.09349707514047623,0.09349707514047623,
6800,2,0.0002743195999999908,1,384,0.015662148594856262,0.011287498287856579,,2,geometry-fixedcompute-1m-eppartial-random-50ksteps,1m,eppartial,random,0.09878051280975342,0.09878051280975342,
6900,2,0.0002782795999999907,1,384,0.015490841120481491,0.011182273738086224,,2,geometry-fixedcompute-1m-eppartial-random-50ksteps,1m,eppartial,random,0.09735362976789474,0.09735362976789474,
7000,2,0.00028223959999999033,1,384,0.013998584821820259,0.009411979466676712,,2,geometry-fixedcompute-1m-eppartial-random-50ksteps,1m,eppartial,random,0.10114407539367676,0.10114407539367676,
7100,2,0.0002861995999999898,1,384,0.015443352982401848,0.011000222526490688,,2,geometry-fixedcompute-1m-eppartial-random-50ksteps,1m,eppartial,random,0.09986282885074615,0.09986282885074615,
7200,2,0.00029015959999998954,1,384,0.014651132747530937,0.009919140487909317,,2,geometry-fixedcompute-1m-eppartial-random-50ksteps,1m,eppartial,random,0.10455897450447083,0.10455897450447083,
7300,2,0.0002941195999999894,1,384,0.014261441305279732,0.009236342273652554,,2,geometry-fixedcompute-1m-eppartial-random-50ksteps,1m,eppartial,random,0.1097383052110672,0.1097383052110672,
7400,2,0.00029807959999998874,1,384,0.011485767550766468,0.00603458983823657,,2,geometry-fixedcompute-1m-eppartial-random-50ksteps,1m,eppartial,random,0.11505813896656036,0.11505813896656036,
7500,2,0.00030203959999998816,1,384,0.01113899890333414,0.005802806466817856,,2,geometry-fixedcompute-1m-eppartial-random-50ksteps,1m,eppartial,random,0.11252665519714355,0.11252665519714355,
7600,2,0.00030599959999998757,1,384,0.010828440077602863,0.005439037457108498,,2,geometry-fixedcompute-1m-eppartial-random-50ksteps,1m,eppartial,random,0.11322708427906036,0.11322708427906036,
7700,2,0.0003099595999999868,1,384,0.011275938712060452,0.005674596875905991,,2,geometry-fixedcompute-1m-eppartial-random-50ksteps,1m,eppartial,random,0.11770142614841461,0.11770142614841461,
7800,2,0.0003139195999999862,1,384,0.011187605559825897,0.005625510588288307,,2,geometry-fixedcompute-1m-eppartial-random-50ksteps,1m,eppartial,random,0.11686742305755615,0.11686742305755615,
7900,3,0.0003178795999999855,1,384,0.009845037944614887,0.003865280654281378,,2,geometry-fixedcompute-1m-eppartial-random-50ksteps,1m,eppartial,random,0.12346042692661285,0.12346042692661285,
8000,3,0.000321839599999985,1,384,0.00913188885897398,0.003130496246740222,,2,geometry-fixedcompute-1m-eppartial-random-50ksteps,1m,eppartial,random,0.12315835058689117,0.12315835058689117,
8100,3,0.0003257995999999847,1,384,0.009316538460552692,0.0032551735639572144,,2,geometry-fixedcompute-1m-eppartial-random-50ksteps,1m,eppartial,random,0.12448246777057648,0.12448246777057648,
8200,3,0.00032975959999998416,1,384,0.009640109725296497,0.0035780631005764008,,2,geometry-fixedcompute-1m-eppartial-random-50ksteps,1m,eppartial,random,0.12481899559497833,0.12481899559497833,
8300,3,0.0003337195999999837,1,384,0.00916726142168045,0.002877191174775362,,2,geometry-fixedcompute-1m-eppartial-random-50ksteps,1m,eppartial,random,0.1286785900592804,0.1286785900592804,
8400,3,0.0003376795999999835,1,384,0.008821524679660797,0.0024342848919332027,,2,geometry-fixedcompute-1m-eppartial-random-50ksteps,1m,eppartial,random,0.13017907738685608,0.13017907738685608,
8500,3,0.0003416395999999833,1,384,0.008794362656772137,0.00233419775031507,,2,geometry-fixedcompute-1m-eppartial-random-50ksteps,1m,eppartial,random,0.13153749704360962,0.13153749704360962,
8600,3,0.00034559959999998306,1,384,0.00843943189829588,0.0018711774609982967,,2,geometry-fixedcompute-1m-eppartial-random-50ksteps,1m,eppartial,random,0.13323625922203064,0.13323625922203064,
8700,3,0.00034955959999998263,1,384,0.008509639650583267,0.0019081135978922248,,2,geometry-fixedcompute-1m-eppartial-random-50ksteps,1m,eppartial,random,0.13393862545490265,0.13393862545490265,
8800,3,0.0003535195999999821,1,384,0.0083962706848979,0.0017240343149751425,,2,geometry-fixedcompute-1m-eppartial-random-50ksteps,1m,eppartial,random,0.13516876101493835,0.13516876101493835,
8900,3,0.00035747959999998184,1,384,0.008154058828949928,0.001317703863605857,,2,geometry-fixedcompute-1m-eppartial-random-50ksteps,1m,eppartial,random,0.1380448043346405,0.1380448043346405,
9000,3,0.00036143959999998163,1,384,0.008016328327357769,0.0011923788115382195,,2,geometry-fixedcompute-1m-eppartial-random-50ksteps,1m,eppartial,random,0.1376713663339615,0.1376713663339615,
9100,3,0.0003653995999999812,1,384,0.007743464782834053,0.0008375163888558745,,2,geometry-fixedcompute-1m-eppartial-random-50ksteps,1m,eppartial,random,0.1389564871788025,0.1389564871788025,
9200,3,0.0003693595999999805,1,384,0.007707917597144842,0.0007276394753716886,,2,geometry-fixedcompute-1m-eppartial-random-50ksteps,1m,eppartial,random,0.14033320546150208,0.14033320546150208,
9300,3,0.00037331959999997933,1,384,0.00775447953492403,0.0006823776056990027,,2,geometry-fixedcompute-1m-eppartial-random-50ksteps,1m,eppartial,random,0.14212441444396973,0.14212441444396973,
9400,3,0.0003772795999999783,1,384,0.007712042890489101,0.0006246897974051535,,2,geometry-fixedcompute-1m-eppartial-random-50ksteps,1m,eppartial,random,0.1423717439174652,0.1423717439174652,
9500,3,0.0003812395999999781,1,384,0.007591619156301022,0.0004820988397113979,,2,geometry-fixedcompute-1m-eppartial-random-50ksteps,1m,eppartial,random,0.14267250895500183,0.14267250895500183,
9600,3,0.00038519959999997806,1,384,0.0076509565114974976,0.0004628945025615394,,2,geometry-fixedcompute-1m-eppartial-random-50ksteps,1m,eppartial,random,0.1442241370677948,0.1442241370677948,
9700,3,0.00038915959999997747,1,384,0.007589272223412991,0.00038838887121528387,,2,geometry-fixedcompute-1m-eppartial-random-50ksteps,1m,eppartial,random,0.1444060504436493,0.1444060504436493,
9800,3,0.0003931195999999769,1,384,0.007593839894980192,0.0003588382387533784,,2,geometry-fixedcompute-1m-eppartial-random-50ksteps,1m,eppartial,random,0.14505887031555176,0.14505887031555176,
9900,3,0.000397079599999977,1,384,0.0075667607598006725,0.0002938491234090179,,2,geometry-fixedcompute-1m-eppartial-random-50ksteps,1m,eppartial,random,0.14575208723545074,0.14575208723545074,
10000,3,0.00040103959999997647,1,384,0.007579181808978319,0.0002957862743642181,,2,geometry-fixedcompute-1m-eppartial-random-50ksteps,1m,eppartial,random,0.14596369862556458,0.14596369862556458,
10100,3,0.00040499959999997626,1,384,0.0075126951560378075,0.00019639110541902483,,2,geometry-fixedcompute-1m-eppartial-random-50ksteps,1m,eppartial,random,0.14652247726917267,0.14652247726917267,
10200,3,0.00040895959999997584,1,384,0.007485756650567055,0.00014107342576608062,,2,geometry-fixedcompute-1m-eppartial-random-50ksteps,1m,eppartial,random,0.14703473448753357,0.14703473448753357,
10300,3,0.0004129195999999751,1,384,0.007465275004506111,0.00011475180508568883,,2,geometry-fixedcompute-1m-eppartial-random-50ksteps,1m,eppartial,random,0.1471252143383026,0.1471252143383026,
10400,3,0.0004168795999999747,1,384,0.007453141268342733,8.174501999747008e-05,,2,geometry-fixedcompute-1m-eppartial-random-50ksteps,1m,eppartial,random,0.14750966429710388,0.14750966429710388,
10500,4,0.00042083959999997456,1,384,0.0074466317892074585,7.530884613515809e-05,,2,geometry-fixedcompute-1m-eppartial-random-50ksteps,1m,eppartial,random,0.14750176668167114,0.14750176668167114,
10600,4,0.000424799599999974,1,384,0.007436692714691162,5.582430094364099e-05,,2,geometry-fixedcompute-1m-eppartial-random-50ksteps,1m,eppartial,random,0.14767318964004517,0.14767318964004517,
10700,4,0.00042875959999997404,1,384,0.007431446108967066,4.562414687825367e-05,,2,geometry-fixedcompute-1m-eppartial-random-50ksteps,1m,eppartial,random,0.14776206016540527,0.14776206016540527,
10800,4,0.0004327195999999736,1,384,0.007429939694702625,3.893380198860541e-05,,2,geometry-fixedcompute-1m-eppartial-random-50ksteps,1m,eppartial,random,0.14785905182361603,0.14785905182361603,
10900,4,0.00043667959999997254,1,384,0.007424992974847555,2.6595356757752597e-05,,2,geometry-fixedcompute-1m-eppartial-random-50ksteps,1m,eppartial,random,0.14799454808235168,0.14799454808235168,
11000,4,0.0004406395999999721,1,384,0.007422992493957281,1.9021737898583524e-05,,2,geometry-fixedcompute-1m-eppartial-random-50ksteps,1m,eppartial,random,0.1480984389781952,0.1480984389781952,
11100,4,0.00044459959999997186,1,384,0.007422437891364098,1.6121533917612396e-05,,2,geometry-fixedcompute-1m-eppartial-random-50ksteps,1m,eppartial,random,0.14814244210720062,0.14814244210720062,
11200,4,0.00044855959999997176,1,384,0.007423939183354378,1.589016210346017e-05,,2,geometry-fixedcompute-1m-eppartial-random-50ksteps,1m,eppartial,random,0.1481768637895584,0.1481768637895584,
11300,4,0.000452519599999972,1,384,0.007418222725391388,7.011172328930115e-06,,2,geometry-fixedcompute-1m-eppartial-random-50ksteps,1m,eppartial,random,0.14823123812675476,0.14823123812675476,
11400,4,0.0004564795999999721,1,384,0.007417720276862383,5.0706348702078685e-06,,2,geometry-fixedcompute-1m-eppartial-random-50ksteps,1m,eppartial,random,0.1482580602169037,0.1482580602169037,
11500,4,0.000460439599999972,1,384,0.007417216431349516,3.4858785511460155e-06,,2,geometry-fixedcompute-1m-eppartial-random-50ksteps,1m,eppartial,random,0.14827808737754822,0.14827808737754822,
11600,4,0.00046439959999997174,1,384,0.007417143322527409,2.7485552891448606e-06,,2,geometry-fixedcompute-1m-eppartial-random-50ksteps,1m,eppartial,random,0.14829064905643463,0.14829064905643463,
11700,4,0.00046835959999997126,1,384,0.007416648790240288,1.6574895198573358e-06,,2,geometry-fixedcompute-1m-eppartial-random-50ksteps,1m,eppartial,random,0.14830148220062256,0.14830148220062256,
11800,4,0.0004723195999999719,1,384,0.007416272535920143,9.941298912963248e-07,,2,geometry-fixedcompute-1m-eppartial-random-50ksteps,1m,eppartial,random,0.14830656349658966,0.14830656349658966,
11900,4,0.0004762795999999715,1,384,0.00741615192964673,6.751391765646986e-07,,2,geometry-fixedcompute-1m-eppartial-random-50ksteps,1m,eppartial,random,0.14831021428108215,0.14831021428108215,
12000,4,0.0004802395999999717,1,384,0.007416110020130873,4.481850055526593e-07,,2,geometry-fixedcompute-1m-eppartial-random-50ksteps,1m,eppartial,random,0.14831368625164032,0.14831368625164032,
12100,4,0.00048419959999997125,1,384,0.007415933534502983,2.1989410470268922e-07,,2,geometry-fixedcompute-1m-eppartial-random-50ksteps,1m,eppartial,random,0.1483144909143448,0.1483144909143448,
12200,4,0.0004881595999999707,1,384,0.00741592887789011,1.2235150848027843e-07,,2,geometry-fixedcompute-1m-eppartial-random-50ksteps,1m,eppartial,random,0.14831624925136566,0.14831624925136566,
12300,4,0.0004921195999999699,1,384,0.007415901869535446,7.312303296203027e-08,,2,geometry-fixedcompute-1m-eppartial-random-50ksteps,1m,eppartial,random,0.1483166515827179,0.1483166515827179,
12400,4,0.0004960795999999694,1,384,0.007415883243083954,3.5164855916036686e-08,,2,geometry-fixedcompute-1m-eppartial-random-50ksteps,1m,eppartial,random,0.14831699430942535,0.14831699430942535,
12500,4,0.0004999999991235791,1,384,0.007415874395519495,1.559081574953325e-08,,2,geometry-fixedcompute-1m-eppartial-random-50ksteps,1m,eppartial,random,0.14831718802452087,0.14831718802452087,
12600,4,0.000499991059684037,1,384,0.007415871135890484,7.158257986361605e-09,,2,geometry-fixedcompute-1m-eppartial-random-50ksteps,1m,eppartial,random,0.14831727743148804,0.14831727743148804,
12700,4,0.0004999645925570581,1,384,0.007415869273245335,4.137998388387132e-09,,2,geometry-fixedcompute-1m-eppartial-random-50ksteps,1m,eppartial,random,0.14831730723381042,0.14831730723381042,
12800,4,0.0004999205996001967,1,384,0.00741586834192276,1.5013998933000039e-09,,2,geometry-fixedcompute-1m-eppartial-random-50ksteps,1m,eppartial,random,0.1483173370361328,0.1483173370361328,
12900,4,0.0004998590839010295,1,384,0.007415867410600185,5.58885826507094e-10,,2,geometry-fixedcompute-1m-eppartial-random-50ksteps,1m,eppartial,random,0.1483173370361328,0.1483173370361328,
13000,4,0.00049978004977694,1,384,0.007415867410600185,3.1120572785425793e-10,,2,geometry-fixedcompute-1m-eppartial-random-50ksteps,1m,eppartial,random,0.1483173370361328,0.1483173370361328,
13100,5,0.0004996835027748158,1,384,0.007415866944938898,1.083528405887435e-10,,2,geometry-fixedcompute-1m-eppartial-random-50ksteps,1m,eppartial,random,0.1483173370361328,0.1483173370361328,
13200,5,0.0004995694496706574,1,384,0.007415866944938898,5.88641982379734e-11,,2,geometry-fixedcompute-1m-eppartial-random-50ksteps,1m,eppartial,random,0.1483173370361328,0.1483173370361328,
13300,5,0.0004994378984691047,1,384,0.007415866944938898,1.2633413412621586e-11,,2,geometry-fixedcompute-1m-eppartial-random-50ksteps,1m,eppartial,random,0.1483173370361328,0.1483173370361328,
13400,5,0.0004992888584028738,1,384,0.007415866944938898,4.86587506398628e-12,,2,geometry-fixedcompute-1m-eppartial-random-50ksteps,1m,eppartial,random,0.1483173370361328,0.1483173370361328,
13500,5,0.0004991223399321102,1,384,0.007415866944938898,1.7536302271414783e-12,,2,geometry-fixedcompute-1m-eppartial-random-50ksteps,1m,eppartial,random,0.1483173370361328,0.1483173370361328,
13600,5,0.0004989383547436532,1,384,0.007415866944938898,4.361204051974571e-13,,2,geometry-fixedcompute-1m-eppartial-random-50ksteps,1m,eppartial,random,0.1483173370361328,0.1483173370361328,
13700,5,0.0004987369157502165,1,384,0.007415866944938898,1.1536548084022102e-13,,2,geometry-fixedcompute-1m-eppartial-random-50ksteps,1m,eppartial,random,0.1483173370361328,0.1483173370361328,
13800,5,0.0004985180370894827,1,384,0.007415866944938898,3.152691188624754e-14,,2,geometry-fixedcompute-1m-eppartial-random-50ksteps,1m,eppartial,random,0.1483173370361328,0.1483173370361328,
13900,5,0.0004982817341231088,1,384,0.007415866944938898,1.1409065390295594e-14,,2,geometry-fixedcompute-1m-eppartial-random-50ksteps,1m,eppartial,random,0.1483173370361328,0.1483173370361328,
14000,5,0.0004980280234356511,1,384,0.007415866944938898,1.752225294249449e-15,,2,geometry-fixedcompute-1m-eppartial-random-50ksteps,1m,eppartial,random,0.1483173370361328,0.1483173370361328,
14100,5,0.0004977569228333998,1,384,0.007415866944938898,2.880286303348189e-16,,2,geometry-fixedcompute-1m-eppartial-random-50ksteps,1m,eppartial,random,0.1483173370361328,0.1483173370361328,
14200,5,0.0004974684513431281,1,384,0.007415866944938898,6.293470679967213e-17,,2,geometry-fixedcompute-1m-eppartial-random-50ksteps,1m,eppartial,random,0.1483173370361328,0.1483173370361328,
14300,5,0.000497162629210758,1,384,0.007415866944938898,9.808977364533494e-18,,2,geometry-fixedcompute-1m-eppartial-random-50ksteps,1m,eppartial,random,0.1483173370361328,0.1483173370361328,
14400,5,0.0004968394778999407,1,384,0.007415866944938898,1.4253453123776333e-18,,2,geometry-fixedcompute-1m-eppartial-random-50ksteps,1m,eppartial,random,0.1483173370361328,0.1483173370361328,
14500,5,0.0004964990200905466,1,384,0.007415866944938898,2.034693700879109e-19,,2,geometry-fixedcompute-1m-eppartial-random-50ksteps,1m,eppartial,random,0.1483173370361328,0.1483173370361328,
14600,5,0.0004961412796770781,1,384,0.007415866944938898,2.2842382589324453e-20,,2,geometry-fixedcompute-1m-eppartial-random-50ksteps,1m,eppartial,random,0.1483173370361328,0.1483173370361328,
14700,5,0.0004957662817669899,1,384,0.007415866944938898,2.5892296058622634e-21,,2,geometry-fixedcompute-1m-eppartial-random-50ksteps,1m,eppartial,random,0.1483173370361328,0.1483173370361328,
14800,5,0.0004953740526789238,1,384,0.007415866944938898,2.7406252159502853e-22,,2,geometry-fixedcompute-1m-eppartial-random-50ksteps,1m,eppartial,random,0.1483173370361328,0.1483173370361328,
14900,5,0.0004949646199408699,1,384,0.007415866944938898,2.3725229960515307e-23,,2,geometry-fixedcompute-1m-eppartial-random-50ksteps,1m,eppartial,random,0.1483173370361328,0.1483173370361328,
15000,5,0.0004945380122882255,1,384,0.007415866944938898,1.237092460428496e-24,,2,geometry-fixedcompute-1m-eppartial-random-50ksteps,1m,eppartial,random,0.1483173370361328,0.1483173370361328,
15100,5,0.0004940942596617859,1,384,0.007415866944938898,9.240390006040364e-26,,2,geometry-fixedcompute-1m-eppartial-random-50ksteps,1m,eppartial,random,0.1483173370361328,0.1483173370361328,
15200,5,0.000493633393205638,1,384,0.007415866944938898,6.053251356061536e-27,,2,geometry-fixedcompute-1m-eppartial-random-50ksteps,1m,eppartial,random,0.1483173370361328,0.1483173370361328,
15300,5,0.000493155445264977,1,384,0.007415866944938898,2.4076907273610088e-28,,2,geometry-fixedcompute-1m-eppartial-random-50ksteps,1m,eppartial,random,0.1483173370361328,0.1483173370361328,
15400,5,0.0004926604493838346,1,384,0.007415866944938898,8.85231430372611e-30,,2,geometry-fixedcompute-1m-eppartial-random-50ksteps,1m,eppartial,random,0.1483173370361328,0.1483173370361328,
15500,5,0.0004921484403027254,1,384,0.007415866944938898,1.8637124389914332e-31,,2,geometry-fixedcompute-1m-eppartial-random-50ksteps,1m,eppartial,random,0.1483173370361328,0.1483173370361328,
15600,5,0.0004916194539562103,1,384,0.007415866944938898,3.585900618481083e-33,,2,geometry-fixedcompute-1m-eppartial-random-50ksteps,1m,eppartial,random,0.1483173370361328,0.1483173370361328,
15700,6,0.0004910735274703725,1,384,0.007415866944938898,7.258155301943227e-35,,2,geometry-fixedcompute-1m-eppartial-random-50ksteps,1m,eppartial,random,0.1483173370361328,0.1483173370361328,
15800,6,0.0004905106991602119,1,384,0.007415866944938898,1.0326707827466403e-36,,2,geometry-fixedcompute-1m-eppartial-random-50ksteps,1m,eppartial,random,0.1483173370361328,0.1483173370361328,
15900,6,0.0004899310085269574,1,384,0.007415866944938898,7.927525164569322e-39,,2,geometry-fixedcompute-1m-eppartial-random-50ksteps,1m,eppartial,random,0.1483173370361328,0.1483173370361328,
16000,6,0.0004893344962552931,1,384,0.007415866944938898,3.827646755303238e-41,,2,geometry-fixedcompute-1m-eppartial-random-50ksteps,1m,eppartial,random,0.1483173370361328,0.1483173370361328,
16100,6,0.0004887212042105043,1,384,0.007415866944938898,1.9337918807682476e-43,,2,geometry-fixedcompute-1m-eppartial-random-50ksteps,1m,eppartial,random,0.1483173370361328,0.1483173370361328,
16200,6,0.0004880911754355366,1,384,0.007415866944938898,0.0,,2,geometry-fixedcompute-1m-eppartial-random-50ksteps,1m,eppartial,random,0.1483173370361328,0.1483173370361328,
16300,6,0.00048744445414798296,1,384,0.007415866944938898,0.0,,2,geometry-fixedcompute-1m-eppartial-random-50ksteps,1m,eppartial,random,0.1483173370361328,0.1483173370361328,
16400,6,0.0004867810857369673,1,384,0.007415866944938898,0.0,,2,geometry-fixedcompute-1m-eppartial-random-50ksteps,1m,eppartial,random,0.1483173370361328,0.1483173370361328,
16500,6,0.0004861011167599691,1,384,0.007415866944938898,0.0,,2,geometry-fixedcompute-1m-eppartial-random-50ksteps,1m,eppartial,random,0.1483173370361328,0.1483173370361328,
16600,6,0.00048540459493955193,1,384,0.007415866944938898,0.0,,2,geometry-fixedcompute-1m-eppartial-random-50ksteps,1m,eppartial,random,0.1483173370361328,0.1483173370361328,
16700,6,0.0004846915691600154,1,384,0.007415866944938898,0.0,,2,geometry-fixedcompute-1m-eppartial-random-50ksteps,1m,eppartial,random,0.1483173370361328,0.1483173370361328,
16800,6,0.0004839620894639634,1,384,0.007415866944938898,0.0,,2,geometry-fixedcompute-1m-eppartial-random-50ksteps,1m,eppartial,random,0.1483173370361328,0.1483173370361328,
16900,6,0.0004832162070487937,1,384,0.007415866944938898,0.0,,2,geometry-fixedcompute-1m-eppartial-random-50ksteps,1m,eppartial,random,0.1483173370361328,0.1483173370361328,
17000,6,0.00048245397426310144,1,384,0.007415866944938898,0.0,,2,geometry-fixedcompute-1m-eppartial-random-50ksteps,1m,eppartial,random,0.1483173370361328,0.1483173370361328,
17100,6,0.00048167544460300815,1,384,0.007415866944938898,0.0,,2,geometry-fixedcompute-1m-eppartial-random-50ksteps,1m,eppartial,random,0.1483173370361328,0.1483173370361328,
17200,6,0.000480880672708406,1,384,0.007415866944938898,0.0,,2,geometry-fixedcompute-1m-eppartial-random-50ksteps,1m,eppartial,random,0.1483173370361328,0.1483173370361328,
17300,6,0.0004800697143591227,1,384,0.007415866944938898,0.0,,2,geometry-fixedcompute-1m-eppartial-random-50ksteps,1m,eppartial,random,0.1483173370361328,0.1483173370361328,
17400,6,0.00047924262647100767,1,384,0.007415866944938898,0.0,,2,geometry-fixedcompute-1m-eppartial-random-50ksteps,1m,eppartial,random,0.1483173370361328,0.1483173370361328,
17500,6,0.00047839946709193616,1,384,0.007415866944938898,0.0,,2,geometry-fixedcompute-1m-eppartial-random-50ksteps,1m,eppartial,random,0.1483173370361328,0.1483173370361328,
17600,6,0.00047754029539773707,1,384,0.007415866944938898,0.0,,2,geometry-fixedcompute-1m-eppartial-random-50ksteps,1m,eppartial,random,0.1483173370361328,0.1483173370361328,
17700,6,0.00047666517168803757,1,384,0.007415866944938898,0.0,,2,geometry-fixedcompute-1m-eppartial-random-50ksteps,1m,eppartial,random,0.1483173370361328,0.1483173370361328,
17800,6,0.0004757741573820327,1,384,0.007415866944938898,0.0,,2,geometry-fixedcompute-1m-eppartial-random-50ksteps,1m,eppartial,random,0.1483173370361328,0.1483173370361328,
17900,6,0.00047486731501417427,1,384,0.007415866944938898,0.0,,2,geometry-fixedcompute-1m-eppartial-random-50ksteps,1m,eppartial,random,0.1483173370361328,0.1483173370361328,
18000,6,0.00047394470822978196,1,384,0.007415866944938898,0.0,,2,geometry-fixedcompute-1m-eppartial-random-50ksteps,1m,eppartial,random,0.1483173370361328,0.1483173370361328,
18100,6,0.00047300640178057646,1,384,0.007415866944938898,0.0,,2,geometry-fixedcompute-1m-eppartial-random-50ksteps,1m,eppartial,random,0.1483173370361328,0.1483173370361328,
18200,6,0.0004720524615201351,1,384,0.007415866944938898,0.0,,2,geometry-fixedcompute-1m-eppartial-random-50ksteps,1m,eppartial,random,0.1483173370361328,0.1483173370361328,
18300,7,0.0004710829543992701,1,384,0.007415866944938898,0.0,,2,geometry-fixedcompute-1m-eppartial-random-50ksteps,1m,eppartial,random,0.1483173370361328,0.1483173370361328,
18400,7,0.0004700979484613289,1,384,0.007415866944938898,0.0,,2,geometry-fixedcompute-1m-eppartial-random-50ksteps,1m,eppartial,random,0.1483173370361328,0.1483173370361328,
18500,7,0.0004690975128374195,1,384,0.007415866944938898,0.0,,2,geometry-fixedcompute-1m-eppartial-random-50ksteps,1m,eppartial,random,0.1483173370361328,0.1483173370361328,
18600,7,0.00046808171774155875,1,384,0.007415866944938898,0.0,,2,geometry-fixedcompute-1m-eppartial-random-50ksteps,1m,eppartial,random,0.1483173370361328,0.1483173370361328,
18700,7,0.0004670506344657437,1,384,0.007415866944938898,0.0,,2,geometry-fixedcompute-1m-eppartial-random-50ksteps,1m,eppartial,random,0.1483173370361328,0.1483173370361328,
18800,7,0.0004660043353749491,1,384,0.007415866944938898,0.0,,2,geometry-fixedcompute-1m-eppartial-random-50ksteps,1m,eppartial,random,0.1483173370361328,0.1483173370361328,
18900,7,0.00046494289390204747,1,384,0.007415866944938898,0.0,,2,geometry-fixedcompute-1m-eppartial-random-50ksteps,1m,eppartial,random,0.1483173370361328,0.1483173370361328,
19000,7,0.0004638663845426557,1,384,0.007415866944938898,0.0,,2,geometry-fixedcompute-1m-eppartial-random-50ksteps,1m,eppartial,random,0.1483173370361328,0.1483173370361328,
19100,7,0.0004627748828499074,1,384,0.007415866944938898,0.0,,2,geometry-fixedcompute-1m-eppartial-random-50ksteps,1m,eppartial,random,0.1483173370361328,0.1483173370361328,
19200,7,0.000461668465429149,1,384,0.007415866944938898,0.0,,2,geometry-fixedcompute-1m-eppartial-random-50ksteps,1m,eppartial,random,0.1483173370361328,0.1483173370361328,
19300,7,0.0004605472099325649,1,384,0.007415866944938898,0.0,,2,geometry-fixedcompute-1m-eppartial-random-50ksteps,1m,eppartial,random,0.1483173370361328,0.1483173370361328,
19400,7,0.00045941119505372654,1,384,0.007415866944938898,0.0,,2,geometry-fixedcompute-1m-eppartial-random-50ksteps,1m,eppartial,random,0.1483173370361328,0.1483173370361328,
19500,7,0.0004582605005220694,1,384,0.007415866944938898,0.0,,2,geometry-fixedcompute-1m-eppartial-random-50ksteps,1m,eppartial,random,0.1483173370361328,0.1483173370361328,
19600,7,0.0004570952070972972,1,384,0.007415866944938898,0.0,,2,geometry-fixedcompute-1m-eppartial-random-50ksteps,1m,eppartial,random,0.1483173370361328,0.1483173370361328,
19700,7,0.0004559153965637145,1,384,0.007415866944938898,0.0,,2,geometry-fixedcompute-1m-eppartial-random-50ksteps,1m,eppartial,random,0.1483173370361328,0.1483173370361328,
19800,7,0.0004547211517244872,1,384,0.007415866944938898,0.0,,2,geometry-fixedcompute-1m-eppartial-random-50ksteps,1m,eppartial,random,0.1483173370361328,0.1483173370361328,
19900,7,0.00045351255639583006,1,384,0.007415866944938898,0.0,,2,geometry-fixedcompute-1m-eppartial-random-50ksteps,1m,eppartial,random,0.1483173370361328,0.1483173370361328,
20000,7,0.0004522896954011244,1,384,0.007415866944938898,0.0,,2,geometry-fixedcompute-1m-eppartial-random-50ksteps,1m,eppartial,random,0.1483173370361328,0.1483173370361328,
20100,7,0.0004510526545649648,1,384,0.007415866944938898,0.0,,2,geometry-fixedcompute-1m-eppartial-random-50ksteps,1m,eppartial,random,0.1483173370361328,0.1483173370361328,
20200,7,0.00044980152070713615,1,384,0.007415866944938898,0.0,,2,geometry-fixedcompute-1m-eppartial-random-50ksteps,1m,eppartial,random,0.1483173370361328,0.1483173370361328,
20300,7,0.0004485363816365206,1,384,0.007415866944938898,0.0,,2,geometry-fixedcompute-1m-eppartial-random-50ksteps,1m,eppartial,random,0.1483173370361328,0.1483173370361328,
20400,7,0.0004472573261449342,1,384,0.007415866944938898,0.0,,2,geometry-fixedcompute-1m-eppartial-random-50ksteps,1m,eppartial,random,0.1483173370361328,0.1483173370361328,
20500,7,0.00044596444400089554,1,384,0.007415866944938898,4.484155085839415e-44,,2,geometry-fixedcompute-1m-eppartial-random-50ksteps,1m,eppartial,random,0.1483173370361328,0.1483173370361328,
20600,7,0.0004446578259433245,1,384,0.007415866944938898,4.941679034441467e-41,,2,geometry-fixedcompute-1m-eppartial-random-50ksteps,1m,eppartial,random,0.1483173370361328,0.1483173370361328,
20700,7,0.0004433375636751747,1,384,0.007415866944938898,5.411636199850027e-37,,2,geometry-fixedcompute-1m-eppartial-random-50ksteps,1m,eppartial,random,0.1483173370361328,0.1483173370361328,
20800,7,0.0004420037498569983,1,384,0.007415866944938898,9.2728827783578e-33,,2,geometry-fixedcompute-1m-eppartial-random-50ksteps,1m,eppartial,random,0.1483173370361328,0.1483173370361328,
20900,8,0.0004406564781004411,1,384,0.007415866944938898,4.218698686592646e-29,,2,geometry-fixedcompute-1m-eppartial-random-50ksteps,1m,eppartial,random,0.1483173370361328,0.1483173370361328,
21000,8,0.000439295842961674,1,384,0.007415866944938898,4.239189409946631e-24,,2,geometry-fixedcompute-1m-eppartial-random-50ksteps,1m,eppartial,random,0.1483173370361328,0.1483173370361328,
21100,8,0.00043792193993475587,1,384,0.007415866944938898,7.776434023054294e-19,,2,geometry-fixedcompute-1m-eppartial-random-50ksteps,1m,eppartial,random,0.1483173370361328,0.1483173370361328,
21200,8,0.0004365348654449318,1,384,0.007415869738906622,2.0215456031694688e-14,,2,geometry-fixedcompute-1m-eppartial-random-50ksteps,1m,eppartial,random,0.1483173966407776,0.1483173966407776,
21300,8,0.0004351347168418642,1,384,0.007415866944938898,1.211562046434661e-14,,2,geometry-fixedcompute-1m-eppartial-random-50ksteps,1m,eppartial,random,0.1483173370361328,0.1483173370361328,
21400,8,0.000433721592392804,1,384,0.007415866944938898,5.412442065374861e-16,,2,geometry-fixedcompute-1m-eppartial-random-50ksteps,1m,eppartial,random,0.1483173370361328,0.1483173370361328,
21500,8,0.00043229559127568956,1,384,0.007415866944938898,3.4106886734492774e-17,,2,geometry-fixedcompute-1m-eppartial-random-50ksteps,1m,eppartial,random,0.1483173370361328,0.1483173370361328,
21600,8,0.0004308568135721894,1,384,0.007415866944938898,5.413066619824563e-18,,2,geometry-fixedcompute-1m-eppartial-random-50ksteps,1m,eppartial,random,0.1483173370361328,0.1483173370361328,
21700,8,0.0004294053602606763,1,384,0.007415866944938898,1.0698472801352592e-18,,2,geometry-fixedcompute-1m-eppartial-random-50ksteps,1m,eppartial,random,0.1483173370361328,0.1483173370361328,
21800,8,0.0004279413332091415,1,384,0.007415866944938898,3.5661550155114497e-19,,2,geometry-fixedcompute-1m-eppartial-random-50ksteps,1m,eppartial,random,0.1483173370361328,0.1483173370361328,
21900,8,0.000426464835168044,1,384,0.007415866944938898,1.4411008799988723e-19,,2,geometry-fixedcompute-1m-eppartial-random-50ksteps,1m,eppartial,random,0.1483173370361328,0.1483173370361328,
22000,8,0.0004249759697630992,1,384,0.007415866944938898,4.6418060791677165e-20,,2,geometry-fixedcompute-1m-eppartial-random-50ksteps,1m,eppartial,random,0.1483173370361328,0.1483173370361328,
22100,8,0.0004234748414880087,1,384,0.007415866944938898,3.289118269694604e-20,,2,geometry-fixedcompute-1m-eppartial-random-50ksteps,1m,eppartial,random,0.1483173370361328,0.1483173370361328,
22200,8,0.0004219615556971227,1,384,0.007415866944938898,3.1292184411744217e-20,,2,geometry-fixedcompute-1m-eppartial-random-50ksteps,1m,eppartial,random,0.1483173370361328,0.1483173370361328,
22300,8,0.0004204362185980483,1,384,0.007415866944938898,3.857461143882718e-20,,2,geometry-fixedcompute-1m-eppartial-random-50ksteps,1m,eppartial,random,0.1483173370361328,0.1483173370361328,
22400,8,0.00041889893724419514,1,384,0.007415866944938898,5.03593599218164e-20,,2,geometry-fixedcompute-1m-eppartial-random-50ksteps,1m,eppartial,random,0.1483173370361328,0.1483173370361328,
22500,8,0.00041734981952726145,1,384,0.007415866944938898,4.796927324063271e-20,,2,geometry-fixedcompute-1m-eppartial-random-50ksteps,1m,eppartial,random,0.1483173370361328,0.1483173370361328,
22600,8,0.0004157889741696617,1,384,0.007415866944938898,1.5588961813643397e-19,,2,geometry-fixedcompute-1m-eppartial-random-50ksteps,1m,eppartial,random,0.1483173370361328,0.1483173370361328,
22700,8,0.00041421651071689767,1,384,0.007415866944938898,1.927908819701576e-18,,2,geometry-fixedcompute-1m-eppartial-random-50ksteps,1m,eppartial,random,0.1483173370361328,0.1483173370361328,
22800,8,0.00041263253952986877,1,384,0.007415866944938898,5.0857686222301935e-18,,2,geometry-fixedcompute-1m-eppartial-random-50ksteps,1m,eppartial,random,0.1483173370361328,0.1483173370361328,
22900,8,0.00041103717177712627,1,384,0.007415866944938898,2.907585116447011e-16,,2,geometry-fixedcompute-1m-eppartial-random-50ksteps,1m,eppartial,random,0.1483173370361328,0.1483173370361328,
23000,8,0.00040943051942707206,1,384,0.007415866944938898,5.2987738437433596e-15,,2,geometry-fixedcompute-1m-eppartial-random-50ksteps,1m,eppartial,random,0.1483173370361328,0.1483173370361328,
23100,8,0.0004078126952400997,1,384,0.007415866944938898,1.0990336346886325e-14,,2,geometry-fixedcompute-1m-eppartial-random-50ksteps,1m,eppartial,random,0.1483173370361328,0.1483173370361328,
23200,8,0.0004061838127606807,1,384,0.007415866944938898,7.871909165637313e-15,,2,geometry-fixedcompute-1m-eppartial-random-50ksteps,1m,eppartial,random,0.1483173370361328,0.1483173370361328,
23300,8,0.0004045439863093963,1,384,0.007415866944938898,1.6649025501346351e-15,,2,geometry-fixedcompute-1m-eppartial-random-50ksteps,1m,eppartial,random,0.1483173370361328,0.1483173370361328,
23400,8,0.0004028933309749125,1,384,0.007415866944938898,4.0578960928833456e-16,,2,geometry-fixedcompute-1m-eppartial-random-50ksteps,1m,eppartial,random,0.1483173370361328,0.1483173370361328,
23500,9,0.0004012319626059038,1,384,0.007415866944938898,9.416584388634265e-17,,2,geometry-fixedcompute-1m-eppartial-random-50ksteps,1m,eppartial,random,0.1483173370361328,0.1483173370361328,
23600,9,0.00039955999780292277,1,384,0.007415866944938898,3.913036121197221e-17,,2,geometry-fixedcompute-1m-eppartial-random-50ksteps,1m,eppartial,random,0.1483173370361328,0.1483173370361328,
23700,9,0.0003978775539102158,1,384,0.007415866944938898,1.6922783572048736e-17,,2,geometry-fixedcompute-1m-eppartial-random-50ksteps,1m,eppartial,random,0.1483173370361328,0.1483173370361328,
23800,9,0.00039618474900748776,1,384,0.007415866944938898,1.4328621093990558e-17,,2,geometry-fixedcompute-1m-eppartial-random-50ksteps,1m,eppartial,random,0.1483173370361328,0.1483173370361328,
23900,9,0.0003944817019016155,1,384,0.007415866944938898,1.0790294812429653e-17,,2,geometry-fixedcompute-1m-eppartial-random-50ksteps,1m,eppartial,random,0.1483173370361328,0.1483173370361328,
24000,9,0.0003927685321183087,1,384,0.007415866944938898,1.224324831172701e-17,,2,geometry-fixedcompute-1m-eppartial-random-50ksteps,1m,eppartial,random,0.1483173370361328,0.1483173370361328,
24100,9,0.0003910453598937212,1,384,0.007415866944938898,2.168170087421534e-17,,2,geometry-fixedcompute-1m-eppartial-random-50ksteps,1m,eppartial,random,0.1483173370361328,0.1483173370361328,
24200,9,0.00038931230616601225,1,384,0.007415866944938898,8.741524937707699e-17,,2,geometry-fixedcompute-1m-eppartial-random-50ksteps,1m,eppartial,random,0.1483173370361328,0.1483173370361328,
24300,9,0.0003875694925668595,1,384,0.007415866944938898,2.3894529450291875e-16,,2,geometry-fixedcompute-1m-eppartial-random-50ksteps,1m,eppartial,random,0.1483173370361328,0.1483173370361328,
24400,9,0.00038581704141292186,1,384,0.007415866944938898,1.0538466292382784e-15,,2,geometry-fixedcompute-1m-eppartial-random-50ksteps,1m,eppartial,random,0.1483173370361328,0.1483173370361328,
24500,9,0.00038405507569725566,1,384,0.007415866944938898,6.483305374765241e-15,,2,geometry-fixedcompute-1m-eppartial-random-50ksteps,1m,eppartial,random,0.1483173370361328,0.1483173370361328,
24600,9,0.0003822837190806807,1,384,0.007415866944938898,9.465582174138492e-15,,2,geometry-fixedcompute-1m-eppartial-random-50ksteps,1m,eppartial,random,0.1483173370361328,0.1483173370361328,
24700,9,0.00038050309588310373,1,384,0.007415866944938898,2.5961038908081744e-15,,2,geometry-fixedcompute-1m-eppartial-random-50ksteps,1m,eppartial,random,0.1483173370361328,0.1483173370361328,
24800,9,0.0003787133310747911,1,384,0.007415866944938898,1.5714658163274212e-15,,2,geometry-fixedcompute-1m-eppartial-random-50ksteps,1m,eppartial,random,0.1483173370361328,0.1483173370361328,
24900,9,0.00037691455026759966,1,384,0.007415866944938898,4.494286937913169e-16,,2,geometry-fixedcompute-1m-eppartial-random-50ksteps,1m,eppartial,random,0.1483173370361328,0.1483173370361328,
25000,9,0.0003751068797061594,1,384,0.007415866944938898,2.878318539932599e-16,,2,geometry-fixedcompute-1m-eppartial-random-50ksteps,1m,eppartial,random,0.1483173370361328,0.1483173370361328,
25100,9,0.0003732904462590138,1,384,0.007415866944938898,2.0219272021001187e-16,,2,geometry-fixedcompute-1m-eppartial-random-50ksteps,1m,eppartial,random,0.1483173370361328,0.1483173370361328,
25200,9,0.0003714653774097174,1,384,0.007415866944938898,1.3837791970836293e-16,,2,geometry-fixedcompute-1m-eppartial-random-50ksteps,1m,eppartial,random,0.1483173370361328,0.1483173370361328,
25300,9,0.0003696318012478849,1,384,0.007415866944938898,2.7059266887382596e-16,,2,geometry-fixedcompute-1m-eppartial-random-50ksteps,1m,eppartial,random,0.1483173370361328,0.1483173370361328,
25400,9,0.00036778984646020454,1,384,0.007415866944938898,3.8200862989857805e-16,,2,geometry-fixedcompute-1m-eppartial-random-50ksteps,1m,eppartial,random,0.1483173370361328,0.1483173370361328,
25500,9,0.00036593964232140567,1,384,0.007415866944938898,1.9251621052662283e-15,,2,geometry-fixedcompute-1m-eppartial-random-50ksteps,1m,eppartial,random,0.1483173370361328,0.1483173370361328,
25600,9,0.0003640813186851842,1,384,0.007415866944938898,6.222973186558421e-15,,2,geometry-fixedcompute-1m-eppartial-random-50ksteps,1m,eppartial,random,0.1483173370361328,0.1483173370361328,
25700,9,0.0003622150059750918,1,384,0.007415866944938898,1.1573605775464478e-14,,2,geometry-fixedcompute-1m-eppartial-random-50ksteps,1m,eppartial,random,0.1483173370361328,0.1483173370361328,
25800,9,0.0003603408351753808,1,384,0.007415866944938898,1.2107089148501865e-14,,2,geometry-fixedcompute-1m-eppartial-random-50ksteps,1m,eppartial,random,0.1483173370361328,0.1483173370361328,
25900,9,0.00035845893782181037,1,384,0.007415866944938898,8.564272202657083e-15,,2,geometry-fixedcompute-1m-eppartial-random-50ksteps,1m,eppartial,random,0.1483173370361328,0.1483173370361328,
26000,9,0.0003565694459924158,1,384,0.007415866944938898,4.4118151514872805e-15,,2,geometry-fixedcompute-1m-eppartial-random-50ksteps,1m,eppartial,random,0.1483173370361328,0.1483173370361328,
26100,10,0.00035467249229823944,1,384,0.007415866944938898,4.023641974617263e-15,,2,geometry-fixedcompute-1m-eppartial-random-50ksteps,1m,eppartial,random,0.1483173370361328,0.1483173370361328,
26200,10,0.00035276820987402294,1,384,0.007415866944938898,2.495835730402236e-15,,2,geometry-fixedcompute-1m-eppartial-random-50ksteps,1m,eppartial,random,0.1483173370361328,0.1483173370361328,
26300,10,0.00035085673236886345,1,384,0.007415866944938898,3.3652174302116044e-15,,2,geometry-fixedcompute-1m-eppartial-random-50ksteps,1m,eppartial,random,0.1483173370361328,0.1483173370361328,
26400,10,0.00034893819393683314,1,384,0.007415866944938898,3.753661657624743e-15,,2,geometry-fixedcompute-1m-eppartial-random-50ksteps,1m,eppartial,random,0.1483173370361328,0.1483173370361328,
26500,10,0.0003470127292275656,1,384,0.007415866944938898,3.647251026043553e-15,,2,geometry-fixedcompute-1m-eppartial-random-50ksteps,1m,eppartial,random,0.1483173370361328,0.1483173370361328,
26600,10,0.00034508047337680276,1,384,0.007415866944938898,1.801494066769327e-14,,2,geometry-fixedcompute-1m-eppartial-random-50ksteps,1m,eppartial,random,0.1483173370361328,0.1483173370361328,
26700,10,0.00034314156199691313,1,384,0.007415866944938898,8.770763249791452e-14,,2,geometry-fixedcompute-1m-eppartial-random-50ksteps,1m,eppartial,random,0.1483173370361328,0.1483173370361328,
26800,10,0.00034119613116737334,1,384,0.007415866944938898,8.310656850196718e-13,,2,geometry-fixedcompute-1m-eppartial-random-50ksteps,1m,eppartial,random,0.1483173370361328,0.1483173370361328,
26900,10,0.0003392443174252175,1,384,0.007415866944938898,3.316742713810328e-11,,2,geometry-fixedcompute-1m-eppartial-random-50ksteps,1m,eppartial,random,0.1483173370361328,0.1483173370361328,
27000,10,0.00033728625775545344,1,384,0.007415867410600185,4.039431011904071e-10,,2,geometry-fixedcompute-1m-eppartial-random-50ksteps,1m,eppartial,random,0.1483173370361328,0.1483173370361328,
27100,10,0.0003353220895814506,1,384,0.00741586834192276,3.0268532125177217e-09,,2,geometry-fixedcompute-1m-eppartial-random-50ksteps,1m,eppartial,random,0.14831730723381042,0.14831730723381042,
27200,10,0.00033335195075529466,1,384,0.007415869738906622,3.012839533411693e-09,,2,geometry-fixedcompute-1m-eppartial-random-50ksteps,1m,eppartial,random,0.1483173370361328,0.1483173370361328,
27300,10,0.0003313759795481116,1,384,0.007415867410600185,4.5561085459944195e-10,,2,geometry-fixedcompute-1m-eppartial-random-50ksteps,1m,eppartial,random,0.1483173370361328,0.1483173370361328,
27400,10,0.00032939431464036395,1,384,0.007415866944938898,7.611729996304106e-11,,2,geometry-fixedcompute-1m-eppartial-random-50ksteps,1m,eppartial,random,0.1483173370361328,0.1483173370361328,
27500,10,0.00032740709511211826,1,384,0.007415866944938898,2.2954683293052724e-11,,2,geometry-fixedcompute-1m-eppartial-random-50ksteps,1m,eppartial,random,0.1483173370361328,0.1483173370361328,
27600,10,0.00032541446043328243,1,384,0.007415866944938898,1.299042470814804e-11,,2,geometry-fixedcompute-1m-eppartial-random-50ksteps,1m,eppartial,random,0.1483173370361328,0.1483173370361328,
27700,10,0.0003234165504538194,1,384,0.007415866944938898,7.0331232157605506e-12,,2,geometry-fixedcompute-1m-eppartial-random-50ksteps,1m,eppartial,random,0.1483173370361328,0.1483173370361328,
27800,10,0.0003214135053939299,1,384,0.007415866944938898,9.047998461575446e-12,,2,geometry-fixedcompute-1m-eppartial-random-50ksteps,1m,eppartial,random,0.1483173370361328,0.1483173370361328,
27900,10,0.0003194054658342132,1,384,0.007415866944938898,8.041305468720061e-12,,2,geometry-fixedcompute-1m-eppartial-random-50ksteps,1m,eppartial,random,0.1483173370361328,0.1483173370361328,
28000,10,0.0003173925727057994,1,384,0.007415866944938898,1.3432876339036781e-11,,2,geometry-fixedcompute-1m-eppartial-random-50ksteps,1m,eppartial,random,0.1483173370361328,0.1483173370361328,
28100,10,0.00031537496728045874,1,384,0.007415866944938898,1.581735784017546e-11,,2,geometry-fixedcompute-1m-eppartial-random-50ksteps,1m,eppartial,random,0.1483173370361328,0.1483173370361328,
28200,10,0.00031335279116068664,1,384,0.007415866944938898,5.263437949376559e-11,,2,geometry-fixedcompute-1m-eppartial-random-50ksteps,1m,eppartial,random,0.1483173370361328,0.1483173370361328,
28300,10,0.0003113261862697656,1,384,0.007415867410600185,3.4607880450288064e-10,,2,geometry-fixedcompute-1m-eppartial-random-50ksteps,1m,eppartial,random,0.1483173370361328,0.1483173370361328,
28400,10,0.00030929529484180425,1,384,0.007415869738906622,4.5151233862839035e-09,,2,geometry-fixedcompute-1m-eppartial-random-50ksteps,1m,eppartial,random,0.14831730723381042,0.14831730723381042,
28500,10,0.00030726025941175587,1,384,0.007415867876261473,1.0083003321170736e-09,,2,geometry-fixedcompute-1m-eppartial-random-50ksteps,1m,eppartial,random,0.1483173370361328,0.1483173370361328,
28600,10,0.0003052212228054132,1,384,0.007415866944938898,1.042657557515092e-10,,2,geometry-fixedcompute-1m-eppartial-random-50ksteps,1m,eppartial,random,0.1483173370361328,0.1483173370361328,
28700,11,0.00030317832812938594,1,384,0.007415866944938898,3.3578274709344935e-12,,2,geometry-fixedcompute-1m-eppartial-random-50ksteps,1m,eppartial,random,0.1483173370361328,0.1483173370361328,
28800,11,0.00030113171876105653,1,384,0.007415866944938898,6.9267898708536e-13,,2,geometry-fixedcompute-1m-eppartial-random-50ksteps,1m,eppartial,random,0.1483173370361328,0.1483173370361328,
28900,11,0.0002990815383385165,1,384,0.007415866944938898,7.636859894466497e-14,,2,geometry-fixedcompute-1m-eppartial-random-50ksteps,1m,eppartial,random,0.1483173370361328,0.1483173370361328,
29000,11,0.0002970279307504874,1,384,0.007415866944938898,6.312603841344619e-14,,2,geometry-fixedcompute-1m-eppartial-random-50ksteps,1m,eppartial,random,0.1483173370361328,0.1483173370361328,
29100,11,0.0002949710401262197,1,384,0.007415866944938898,5.975441360250508e-14,,2,geometry-fixedcompute-1m-eppartial-random-50ksteps,1m,eppartial,random,0.1483173370361328,0.1483173370361328,
29200,11,0.0002929110108253798,1,384,0.007415866944938898,2.1145940358978377e-14,,2,geometry-fixedcompute-1m-eppartial-random-50ksteps,1m,eppartial,random,0.1483173370361328,0.1483173370361328,
29300,11,0.0002908479874279166,1,384,0.007415866944938898,3.512868571335301e-14,,2,geometry-fixedcompute-1m-eppartial-random-50ksteps,1m,eppartial,random,0.1483173370361328,0.1483173370361328,
29400,11,0.0002887821147239155,1,384,0.007415866944938898,5.3508514622196274e-14,,2,geometry-fixedcompute-1m-eppartial-random-50ksteps,1m,eppartial,random,0.1483173370361328,0.1483173370361328,
29500,11,0.0002867135377034353,1,384,0.007415866944938898,2.674755219828767e-13,,2,geometry-fixedcompute-1m-eppartial-random-50ksteps,1m,eppartial,random,0.1483173370361328,0.1483173370361328,
29600,11,0.0002846424015463339,1,384,0.007415866944938898,2.847689098417483e-12,,2,geometry-fixedcompute-1m-eppartial-random-50ksteps,1m,eppartial,random,0.1483173370361328,0.1483173370361328,
29700,11,0.00028256885161207727,1,384,0.007415866944938898,1.167986367345275e-11,,2,geometry-fixedcompute-1m-eppartial-random-50ksteps,1m,eppartial,random,0.1483173370361328,0.1483173370361328,
29800,11,0.00028049303342953994,1,384,0.007415866944938898,1.4743221921076355e-10,,2,geometry-fixedcompute-1m-eppartial-random-50ksteps,1m,eppartial,random,0.1483173370361328,0.1483173370361328,
29900,11,0.0002784150926867882,1,384,0.007415867410600185,6.918605133243716e-10,,2,geometry-fixedcompute-1m-eppartial-random-50ksteps,1m,eppartial,random,0.1483173370361328,0.1483173370361328,
30000,11,0.00027633517522085795,1,384,0.007415868807584047,1.971883989426715e-09,,2,geometry-fixedcompute-1m-eppartial-random-50ksteps,1m,eppartial,random,0.1483173370361328,0.1483173370361328,
30100,11,0.00027425342700751877,1,384,0.007415869273245335,2.3480617450388763e-09,,2,geometry-fixedcompute-1m-eppartial-random-50ksteps,1m,eppartial,random,0.1483173370361328,0.1483173370361328,
30200,11,0.0002721699941510273,1,384,0.007415867410600185,5.13935449752978e-10,,2,geometry-fixedcompute-1m-eppartial-random-50ksteps,1m,eppartial,random,0.1483173370361328,0.1483173370361328,
30300,11,0.00027008502287387476,1,384,0.007415866944938898,3.492834146912038e-11,,2,geometry-fixedcompute-1m-eppartial-random-50ksteps,1m,eppartial,random,0.1483173370361328,0.1483173370361328,
30400,11,0.00026799865950652446,1,384,0.007415866944938898,6.139959200790468e-12,,2,geometry-fixedcompute-1m-eppartial-random-50ksteps,1m,eppartial,random,0.1483173370361328,0.1483173370361328,
30500,11,0.00026591105047714045,1,384,0.007415866944938898,2.331086712548114e-12,,2,geometry-fixedcompute-1m-eppartial-random-50ksteps,1m,eppartial,random,0.1483173370361328,0.1483173370361328,
30600,11,0.0002638223423013126,1,384,0.007415866944938898,5.195346648549648e-13,,2,geometry-fixedcompute-1m-eppartial-random-50ksteps,1m,eppartial,random,0.1483173370361328,0.1483173370361328,
30700,11,0.0002617326815717717,1,384,0.007415866944938898,5.288813549435278e-13,,2,geometry-fixedcompute-1m-eppartial-random-50ksteps,1m,eppartial,random,0.1483173370361328,0.1483173370361328,
30800,11,0.00025964221494810275,1,384,0.007415866944938898,2.6487259651222783e-13,,2,geometry-fixedcompute-1m-eppartial-random-50ksteps,1m,eppartial,random,0.1483173370361328,0.1483173370361328,
30900,11,0.0002575510891464514,1,384,0.007415866944938898,5.413089681355343e-13,,2,geometry-fixedcompute-1m-eppartial-random-50ksteps,1m,eppartial,random,0.1483173370361328,0.1483173370361328,
31000,11,0.0002554594509292255,1,384,0.007415866944938898,2.6733441307012773e-13,,2,geometry-fixedcompute-1m-eppartial-random-50ksteps,1m,eppartial,random,0.1483173370361328,0.1483173370361328,
31100,11,0.0002533674470947974,1,384,0.007415866944938898,1.6341812885539708e-12,,2,geometry-fixedcompute-1m-eppartial-random-50ksteps,1m,eppartial,random,0.1483173370361328,0.1483173370361328,
31200,11,0.0002512752244671984,1,384,0.007415866944938898,5.433820060574135e-12,,2,geometry-fixedcompute-1m-eppartial-random-50ksteps,1m,eppartial,random,0.1483173370361328,0.1483173370361328,
31300,12,0.00024918292988581643,1,384,0.007415866944938898,2.670970909723902e-11,,2,geometry-fixedcompute-1m-eppartial-random-50ksteps,1m,eppartial,random,0.1483173370361328,0.1483173370361328,
31400,12,0.0002470907101950889,1,384,0.007415866944938898,2.339266558237796e-10,,2,geometry-fixedcompute-1m-eppartial-random-50ksteps,1m,eppartial,random,0.1483173370361328,0.1483173370361328,
31500,12,0.00024499871223419774,1,384,0.007415867410600185,4.530722463869097e-10,,2,geometry-fixedcompute-1m-eppartial-random-50ksteps,1m,eppartial,random,0.1483173370361328,0.1483173370361328,
31600,12,0.00024290708282676213,1,384,0.007415867410600185,6.78637757101086e-10,,2,geometry-fixedcompute-1m-eppartial-random-50ksteps,1m,eppartial,random,0.1483173370361328,0.1483173370361328,
31700,12,0.00024081596877053573,1,384,0.007415868807584047,1.9067314394050072e-09,,2,geometry-fixedcompute-1m-eppartial-random-50ksteps,1m,eppartial,random,0.1483173370361328,0.1483173370361328,
31800,12,0.00023872551682710305,1,384,0.007415866944938898,1.2876129329431052e-10,,2,geometry-fixedcompute-1m-eppartial-random-50ksteps,1m,eppartial,random,0.1483173370361328,0.1483173370361328,
31900,12,0.00023663587371157852,1,384,0.007415866944938898,3.619776006713593e-11,,2,geometry-fixedcompute-1m-eppartial-random-50ksteps,1m,eppartial,random,0.1483173370361328,0.1483173370361328,
32000,12,0.00023454718608231087,1,384,0.007415866944938898,4.336326003134827e-12,,2,geometry-fixedcompute-1m-eppartial-random-50ksteps,1m,eppartial,random,0.1483173370361328,0.1483173370361328,
32100,12,0.0002324596005305893,1,384,0.007415866944938898,9.393445223049302e-13,,2,geometry-fixedcompute-1m-eppartial-random-50ksteps,1m,eppartial,random,0.1483173370361328,0.1483173370361328,
32200,12,0.00023037326357035543,1,384,0.007415866944938898,3.506139335026498e-13,,2,geometry-fixedcompute-1m-eppartial-random-50ksteps,1m,eppartial,random,0.1483173370361328,0.1483173370361328,
32300,12,0.00022828832162792063,1,384,0.007415866944938898,2.863598301625775e-13,,2,geometry-fixedcompute-1m-eppartial-random-50ksteps,1m,eppartial,random,0.1483173370361328,0.1483173370361328,
32400,12,0.0002262049210316887,1,384,0.007415866944938898,3.285031480778494e-13,,2,geometry-fixedcompute-1m-eppartial-random-50ksteps,1m,eppartial,random,0.1483173370361328,0.1483173370361328,
32500,12,0.00022412320800188715,1,384,0.007415866944938898,3.0714694026004463e-13,,2,geometry-fixedcompute-1m-eppartial-random-50ksteps,1m,eppartial,random,0.1483173370361328,0.1483173370361328,
32600,12,0.00022204332864030358,1,384,0.007415866944938898,1.2379797707795515e-12,,2,geometry-fixedcompute-1m-eppartial-random-50ksteps,1m,eppartial,random,0.1483173370361328,0.1483173370361328,
32700,12,0.0002199654289200327,1,384,0.007415866944938898,5.349917991254172e-12,,2,geometry-fixedcompute-1m-eppartial-random-50ksteps,1m,eppartial,random,0.1483173370361328,0.1483173370361328,
32800,12,0.0002178896546752311,1,384,0.007415866944938898,1.788430167848354e-11,,2,geometry-fixedcompute-1m-eppartial-random-50ksteps,1m,eppartial,random,0.1483173370361328,0.1483173370361328,
32900,12,0.00021581615159088242,1,384,0.007415866944938898,4.681777882042937e-11,,2,geometry-fixedcompute-1m-eppartial-random-50ksteps,1m,eppartial,random,0.1483173370361328,0.1483173370361328,
33000,12,0.00021374506519257182,1,384,0.007415866944938898,6.677368380447746e-11,,2,geometry-fixedcompute-1m-eppartial-random-50ksteps,1m,eppartial,random,0.1483173370361328,0.1483173370361328,
33100,12,0.00021167654083627428,1,384,0.007415867410600185,3.9986533528768575e-10,,2,geometry-fixedcompute-1m-eppartial-random-50ksteps,1m,eppartial,random,0.1483173370361328,0.1483173370361328,
33200,12,0.00020961072369815053,1,384,0.00741586834192276,1.2308981611752756e-09,,2,geometry-fixedcompute-1m-eppartial-random-50ksteps,1m,eppartial,random,0.1483173370361328,0.1483173370361328,
33300,12,0.0002075477587643603,1,384,0.007415867410600185,3.9182579403274076e-10,,2,geometry-fixedcompute-1m-eppartial-random-50ksteps,1m,eppartial,random,0.1483173370361328,0.1483173370361328,
33400,12,0.0002054877908208857,1,384,0.007415867410600185,3.6459374408437384e-10,,2,geometry-fixedcompute-1m-eppartial-random-50ksteps,1m,eppartial,random,0.1483173370361328,0.1483173370361328,
33500,12,0.000203430964443369,1,384,0.007415866944938898,4.9837644428007977e-11,,2,geometry-fixedcompute-1m-eppartial-random-50ksteps,1m,eppartial,random,0.1483173370361328,0.1483173370361328,
33600,12,0.00020137742398696734,1,384,0.007415866944938898,4.7050436463580425e-12,,2,geometry-fixedcompute-1m-eppartial-random-50ksteps,1m,eppartial,random,0.1483173370361328,0.1483173370361328,
33700,12,0.00019932731357622064,1,384,0.007415866944938898,9.51060627821243e-13,,2,geometry-fixedcompute-1m-eppartial-random-50ksteps,1m,eppartial,random,0.1483173370361328,0.1483173370361328,
33800,12,0.00019728077709493596,1,384,0.007415866944938898,1.7452735220566118e-12,,2,geometry-fixedcompute-1m-eppartial-random-50ksteps,1m,eppartial,random,0.1483173370361328,0.1483173370361328,
33900,13,0.0001952379581760898,1,384,0.007415866944938898,3.261994081966979e-13,,2,geometry-fixedcompute-1m-eppartial-random-50ksteps,1m,eppartial,random,0.1483173370361328,0.1483173370361328,
34000,13,0.00019319900019174743,1,384,0.007415866944938898,1.4228829431969098e-13,,2,geometry-fixedcompute-1m-eppartial-random-50ksteps,1m,eppartial,random,0.1483173370361328,0.1483173370361328,
34100,13,0.00019116404624300033,1,384,0.007415866944938898,4.2743660986967885e-14,,2,geometry-fixedcompute-1m-eppartial-random-50ksteps,1m,eppartial,random,0.1483173370361328,0.1483173370361328,
34200,13,0.0001891332391499233,1,384,0.007415866944938898,8.272665186345382e-14,,2,geometry-fixedcompute-1m-eppartial-random-50ksteps,1m,eppartial,random,0.1483173370361328,0.1483173370361328,
34300,13,0.00018710672144155014,1,384,0.007415866944938898,1.2280397510520957e-13,,2,geometry-fixedcompute-1m-eppartial-random-50ksteps,1m,eppartial,random,0.1483173370361328,0.1483173370361328,
34400,13,0.0001850846353458707,1,384,0.007415866944938898,2.2031642731967088e-13,,2,geometry-fixedcompute-1m-eppartial-random-50ksteps,1m,eppartial,random,0.1483173370361328,0.1483173370361328,
34500,13,0.00018306712277984952,1,384,0.007415866944938898,6.229543790536862e-13,,2,geometry-fixedcompute-1m-eppartial-random-50ksteps,1m,eppartial,random,0.1483173370361328,0.1483173370361328,
34600,13,0.00018105432533946497,1,384,0.007415866944938898,1.9141574176401166e-12,,2,geometry-fixedcompute-1m-eppartial-random-50ksteps,1m,eppartial,random,0.1483173370361328,0.1483173370361328,
34700,13,0.00017904638428977156,1,384,0.007415866944938898,3.0122473525934224e-12,,2,geometry-fixedcompute-1m-eppartial-random-50ksteps,1m,eppartial,random,0.1483173370361328,0.1483173370361328,
34800,13,0.00017704344055498542,1,384,0.007415866944938898,2.728627566950248e-11,,2,geometry-fixedcompute-1m-eppartial-random-50ksteps,1m,eppartial,random,0.1483173370361328,0.1483173370361328,
34900,13,0.0001750456347085943,1,384,0.007415866944938898,1.4805873194134733e-10,,2,geometry-fixedcompute-1m-eppartial-random-50ksteps,1m,eppartial,random,0.1483173370361328,0.1483173370361328,
35000,13,0.00017305310696349096,1,384,0.007415867410600185,2.6675484043892084e-10,,2,geometry-fixedcompute-1m-eppartial-random-50ksteps,1m,eppartial,random,0.1483173370361328,0.1483173370361328,
35100,13,0.00017106599716213282,1,384,0.007415867876261473,7.828603321158312e-10,,2,geometry-fixedcompute-1m-eppartial-random-50ksteps,1m,eppartial,random,0.1483173370361328,0.1483173370361328,
35200,13,0.0001690844447667272,1,384,0.007415866944938898,2.2551219225341868e-10,,2,geometry-fixedcompute-1m-eppartial-random-50ksteps,1m,eppartial,random,0.1483173370361328,0.1483173370361328,
35300,13,0.00016710858884944415,1,384,0.007415866944938898,2.464506029808966e-11,,2,geometry-fixedcompute-1m-eppartial-random-50ksteps,1m,eppartial,random,0.1483173370361328,0.1483173370361328,
35400,13,0.0001651385680826546,1,384,0.007415866944938898,1.5977427714197745e-11,,2,geometry-fixedcompute-1m-eppartial-random-50ksteps,1m,eppartial,random,0.1483173370361328,0.1483173370361328,
35500,13,0.00016317452072919913,1,384,0.007415866944938898,3.1816142602447695e-12,,2,geometry-fixedcompute-1m-eppartial-random-50ksteps,1m,eppartial,random,0.1483173370361328,0.1483173370361328,
35600,13,0.00016121658463268292,1,384,0.007415866944938898,1.0976870454260101e-12,,2,geometry-fixedcompute-1m-eppartial-random-50ksteps,1m,eppartial,random,0.1483173370361328,0.1483173370361328,
35700,13,0.0001592648972078028,1,384,0.007415866944938898,2.3980936594142355e-13,,2,geometry-fixedcompute-1m-eppartial-random-50ksteps,1m,eppartial,random,0.1483173370361328,0.1483173370361328,
35800,13,0.00015731959543070187,1,384,0.007415866944938898,9.071516866680784e-14,,2,geometry-fixedcompute-1m-eppartial-random-50ksteps,1m,eppartial,random,0.1483173370361328,0.1483173370361328,
35900,13,0.00015538081582935656,1,384,0.007415866944938898,1.6468922579837564e-13,,2,geometry-fixedcompute-1m-eppartial-random-50ksteps,1m,eppartial,random,0.1483173370361328,0.1483173370361328,
36000,13,0.000153448694473995,1,384,0.007415866944938898,7.392047721545628e-14,,2,geometry-fixedcompute-1m-eppartial-random-50ksteps,1m,eppartial,random,0.1483173370361328,0.1483173370361328,
36100,13,0.0001515233669675453,1,384,0.007415866944938898,6.562102478156057e-14,,2,geometry-fixedcompute-1m-eppartial-random-50ksteps,1m,eppartial,random,0.1483173370361328,0.1483173370361328,
36200,13,0.00014960496843612167,1,384,0.007415866944938898,2.2517859294855433e-14,,2,geometry-fixedcompute-1m-eppartial-random-50ksteps,1m,eppartial,random,0.1483173370361328,0.1483173370361328,
36300,13,0.00014769363351953805,1,384,0.007415866944938898,1.7899932228180974e-14,,2,geometry-fixedcompute-1m-eppartial-random-50ksteps,1m,eppartial,random,0.1483173370361328,0.1483173370361328,
36400,13,0.00014578949636185942,1,384,0.007415866944938898,1.233959969252317e-14,,2,geometry-fixedcompute-1m-eppartial-random-50ksteps,1m,eppartial,random,0.1483173370361328,0.1483173370361328,
36500,14,0.00014389269060198772,1,384,0.007415866944938898,1.0785505992548343e-14,,2,geometry-fixedcompute-1m-eppartial-random-50ksteps,1m,eppartial,random,0.1483173370361328,0.1483173370361328,
36600,14,0.00014200334936428197,1,384,0.007415866944938898,1.5696535258092996e-14,,2,geometry-fixedcompute-1m-eppartial-random-50ksteps,1m,eppartial,random,0.1483173370361328,0.1483173370361328,
36700,14,0.0001401216052492153,1,384,0.007415866944938898,1.1417135411997265e-13,,2,geometry-fixedcompute-1m-eppartial-random-50ksteps,1m,eppartial,random,0.1483173370361328,0.1483173370361328,
36800,14,0.00013824759032406842,1,384,0.007415866944938898,7.795363204769756e-13,,2,geometry-fixedcompute-1m-eppartial-random-50ksteps,1m,eppartial,random,0.1483173370361328,0.1483173370361328,
36900,14,0.0001363814361136612,1,384,0.007415866944938898,3.0790626125154485e-12,,2,geometry-fixedcompute-1m-eppartial-random-50ksteps,1m,eppartial,random,0.1483173370361328,0.1483173370361328,
37000,14,0.0001345232735911211,1,384,0.007415866944938898,6.010746761431207e-11,,2,geometry-fixedcompute-1m-eppartial-random-50ksteps,1m,eppartial,random,0.1483173370361328,0.1483173370361328,
37100,14,0.0001326732331686923,1,384,0.007415866944938898,2.3053012276896823e-10,,2,geometry-fixedcompute-1m-eppartial-random-50ksteps,1m,eppartial,random,0.1483173370361328,0.1483173370361328,
37200,14,0.0001308314446885811,1,384,0.007415866944938898,1.723954035082187e-10,,2,geometry-fixedcompute-1m-eppartial-random-50ksteps,1m,eppartial,random,0.1483173370361328,0.1483173370361328,
37300,14,0.00012899803741384444,1,384,0.007415866944938898,6.347584957655528e-11,,2,geometry-fixedcompute-1m-eppartial-random-50ksteps,1m,eppartial,random,0.1483173370361328,0.1483173370361328,
37400,14,0.0001271731400193172,1,384,0.007415866944938898,9.186991445364612e-12,,2,geometry-fixedcompute-1m-eppartial-random-50ksteps,1m,eppartial,random,0.1483173370361328,0.1483173370361328,
37500,14,0.00012535688058258176,1,384,0.007415866944938898,3.5211284842712187e-12,,2,geometry-fixedcompute-1m-eppartial-random-50ksteps,1m,eppartial,random,0.1483173370361328,0.1483173370361328,
37600,14,0.00012354938657497893,1,384,0.007415866944938898,3.7442564240069975e-13,,2,geometry-fixedcompute-1m-eppartial-random-50ksteps,1m,eppartial,random,0.1483173370361328,0.1483173370361328,
37700,14,0.00012175078485266159,1,384,0.007415866944938898,5.926909760504626e-14,,2,geometry-fixedcompute-1m-eppartial-random-50ksteps,1m,eppartial,random,0.1483173370361328,0.1483173370361328,
37800,14,0.00011996120164769079,1,384,0.007415866944938898,2.1417714268236708e-14,,2,geometry-fixedcompute-1m-eppartial-random-50ksteps,1m,eppartial,random,0.1483173370361328,0.1483173370361328,
37900,14,0.0001181807625591779,1,384,0.007415866944938898,9.63778736044708e-15,,2,geometry-fixedcompute-1m-eppartial-random-50ksteps,1m,eppartial,random,0.1483173370361328,0.1483173370361328,
38000,14,0.000116409592544468,1,384,0.007415866944938898,2.572129046752615e-15,,2,geometry-fixedcompute-1m-eppartial-random-50ksteps,1m,eppartial,random,0.1483173370361328,0.1483173370361328,
38100,14,0.00011464781591037102,1,384,0.007415866944938898,1.3515477934955902e-15,,2,geometry-fixedcompute-1m-eppartial-random-50ksteps,1m,eppartial,random,0.1483173370361328,0.1483173370361328,
38200,14,0.00011289555630443703,1,384,0.007415866944938898,1.0131330377164348e-15,,2,geometry-fixedcompute-1m-eppartial-random-50ksteps,1m,eppartial,random,0.1483173370361328,0.1483173370361328,
38300,14,0.00011115293670627819,1,384,0.007415866944938898,4.630815943516354e-16,,2,geometry-fixedcompute-1m-eppartial-random-50ksteps,1m,eppartial,random,0.1483173370361328,0.1483173370361328,
38400,14,0.00010942007941893789,1,384,0.007415866944938898,3.9199051613527595e-16,,2,geometry-fixedcompute-1m-eppartial-random-50ksteps,1m,eppartial,random,0.1483173370361328,0.1483173370361328,
38500,14,0.00010769710606030696,1,384,0.007415866944938898,1.0275291832181893e-16,,2,geometry-fixedcompute-1m-eppartial-random-50ksteps,1m,eppartial,random,0.1483173370361328,0.1483173370361328,
38600,14,0.0001059841375545878,1,384,0.007415866944938898,3.7570536804713617e-17,,2,geometry-fixedcompute-1m-eppartial-random-50ksteps,1m,eppartial,random,0.1483173370361328,0.1483173370361328,
38700,14,0.000104281294123808,1,384,0.007415866944938898,3.8211611705609564e-17,,2,geometry-fixedcompute-1m-eppartial-random-50ksteps,1m,eppartial,random,0.1483173370361328,0.1483173370361328,
38800,14,0.0001025886952793824,1,384,0.007415866944938898,1.0445255610493369e-16,,2,geometry-fixedcompute-1m-eppartial-random-50ksteps,1m,eppartial,random,0.1483173370361328,0.1483173370361328,
38900,14,0.0001009064598137258,1,384,0.007415866944938898,1.8516461834801166e-16,,2,geometry-fixedcompute-1m-eppartial-random-50ksteps,1m,eppartial,random,0.1483173370361328,0.1483173370361328,
39000,14,9.923470579191513e-05,1,384,0.007415866944938898,1.0864341043015195e-16,,2,geometry-fixedcompute-1m-eppartial-random-50ksteps,1m,eppartial,random,0.1483173370361328,0.1483173370361328,
39100,15,9.757355054340345e-05,1,384,0.007415866944938898,1.9904642956232557e-16,,2,geometry-fixedcompute-1m-eppartial-random-50ksteps,1m,eppartial,random,0.1483173370361328,0.1483173370361328,
39200,15,9.592311065378547e-05,1,384,0.007415866944938898,1.0229827338738019e-16,,2,geometry-fixedcompute-1m-eppartial-random-50ksteps,1m,eppartial,random,0.1483173370361328,0.1483173370361328,
39300,15,9.428350195661534e-05,1,384,0.007415866944938898,9.388887734748029e-17,,2,geometry-fixedcompute-1m-eppartial-random-50ksteps,1m,eppartial,random,0.1483173370361328,0.1483173370361328,
39400,15,9.26548395252766e-05,1,384,0.007415866944938898,5.79681714650939e-16,,2,geometry-fixedcompute-1m-eppartial-random-50ksteps,1m,eppartial,random,0.1483173370361328,0.1483173370361328,
39500,15,9.103723766490616e-05,1,384,0.007415866944938898,1.697753002458219e-16,,2,geometry-fixedcompute-1m-eppartial-random-50ksteps,1m,eppartial,random,0.1483173370361328,0.1483173370361328,
39600,15,8.943080990437218e-05,1,384,0.007415866944938898,2.901561124005257e-16,,2,geometry-fixedcompute-1m-eppartial-random-50ksteps,1m,eppartial,random,0.1483173370361328,0.1483173370361328,
39700,15,8.783566898830578e-05,1,384,0.007415866944938898,3.1337413251771333e-16,,2,geometry-fixedcompute-1m-eppartial-random-50ksteps,1m,eppartial,random,0.1483173370361328,0.1483173370361328,
39800,15,8.625192686918863e-05,1,384,0.007415866944938898,2.2555640352434764e-16,,2,geometry-fixedcompute-1m-eppartial-random-50ksteps,1m,eppartial,random,0.1483173370361328,0.1483173370361328,
39900,15,8.467969469949542e-05,1,384,0.007415866944938898,2.7605259031226797e-16,,2,geometry-fixedcompute-1m-eppartial-random-50ksteps,1m,eppartial,random,0.1483173370361328,0.1483173370361328,
40000,15,8.311908282389323e-05,1,384,0.007415866944938898,3.2143772735689666e-16,,2,geometry-fixedcompute-1m-eppartial-random-50ksteps,1m,eppartial,random,0.1483173370361328,0.1483173370361328,
40100,15,8.157020077149652e-05,1,384,0.007415866944938898,5.75208798354285e-16,,2,geometry-fixedcompute-1m-eppartial-random-50ksteps,1m,eppartial,random,0.1483173370361328,0.1483173370361328,
40200,15,8.00331572481809e-05,1,384,0.007415866944938898,5.445126949227036e-16,,2,geometry-fixedcompute-1m-eppartial-random-50ksteps,1m,eppartial,random,0.1483173370361328,0.1483173370361328,
40300,15,7.850806012895276e-05,1,384,0.007415866944938898,9.827646830958816e-16,,2,geometry-fixedcompute-1m-eppartial-random-50ksteps,1m,eppartial,random,0.1483173370361328,0.1483173370361328,
40400,15,7.699501645037899e-05,1,384,0.007415866944938898,1.8638417903244636e-15,,2,geometry-fixedcompute-1m-eppartial-random-50ksteps,1m,eppartial,random,0.1483173370361328,0.1483173370361328,
40500,15,7.54941324030742e-05,1,384,0.007415866944938898,3.3040485224091615e-15,,2,geometry-fixedcompute-1m-eppartial-random-50ksteps,1m,eppartial,random,0.1483173370361328,0.1483173370361328,
40600,15,7.400551332424869e-05,1,384,0.007415866944938898,7.075867178291248e-15,,2,geometry-fixedcompute-1m-eppartial-random-50ksteps,1m,eppartial,random,0.1483173370361328,0.1483173370361328,
40700,15,7.252926369031471e-05,1,384,0.007415866944938898,5.9914612943819286e-15,,2,geometry-fixedcompute-1m-eppartial-random-50ksteps,1m,eppartial,random,0.1483173370361328,0.1483173370361328,
40800,15,7.106548710955427e-05,1,384,0.007415866944938898,1.136305794873253e-14,,2,geometry-fixedcompute-1m-eppartial-random-50ksteps,1m,eppartial,random,0.1483173370361328,0.1483173370361328,
40900,15,6.961428631484758e-05,1,384,0.007415866944938898,1.1274181322675977e-14,,2,geometry-fixedcompute-1m-eppartial-random-50ksteps,1m,eppartial,random,0.1483173370361328,0.1483173370361328,
41000,15,6.817576315646321e-05,1,384,0.007415866944938898,6.5672963147820305e-15,,2,geometry-fixedcompute-1m-eppartial-random-50ksteps,1m,eppartial,random,0.1483173370361328,0.1483173370361328,
41100,15,6.675001859490918e-05,1,384,0.007415866944938898,5.047383782360703e-15,,2,geometry-fixedcompute-1m-eppartial-random-50ksteps,1m,eppartial,random,0.1483173370361328,0.1483173370361328,
41200,15,6.533715269384758e-05,1,384,0.007415866944938898,5.115067220560479e-15,,2,geometry-fixedcompute-1m-eppartial-random-50ksteps,1m,eppartial,random,0.1483173370361328,0.1483173370361328,
41300,15,6.393726461307193e-05,1,384,0.007415866944938898,3.0893421874226678e-15,,2,geometry-fixedcompute-1m-eppartial-random-50ksteps,1m,eppartial,random,0.1483173370361328,0.1483173370361328,
41400,15,6.255045260154781e-05,1,384,0.007415866944938898,2.202627440655398e-15,,2,geometry-fixedcompute-1m-eppartial-random-50ksteps,1m,eppartial,random,0.1483173370361328,0.1483173370361328,
41500,15,6.117681399051704e-05,1,384,0.007415866944938898,9.817414672955984e-16,,2,geometry-fixedcompute-1m-eppartial-random-50ksteps,1m,eppartial,random,0.1483173370361328,0.1483173370361328,
41600,15,5.98164451866666e-05,1,384,0.007415866944938898,7.433474324226646e-16,,2,geometry-fixedcompute-1m-eppartial-random-50ksteps,1m,eppartial,random,0.1483173370361328,0.1483173370361328,
41700,16,5.84694416653631e-05,1,384,0.007415866944938898,1.9293953377085888e-16,,2,geometry-fixedcompute-1m-eppartial-random-50ksteps,1m,eppartial,random,0.1483173370361328,0.1483173370361328,
41800,16,5.713589796395131e-05,1,384,0.007415866944938898,5.77975446188034e-17,,2,geometry-fixedcompute-1m-eppartial-random-50ksteps,1m,eppartial,random,0.1483173370361328,0.1483173370361328,
41900,16,5.581590767511983e-05,1,384,0.007415866944938898,1.7454927058077575e-17,,2,geometry-fixedcompute-1m-eppartial-random-50ksteps,1m,eppartial,random,0.1483173370361328,0.1483173370361328,
42000,16,5.450956344033184e-05,1,384,0.007415866944938898,2.5185854670310453e-18,,2,geometry-fixedcompute-1m-eppartial-random-50ksteps,1m,eppartial,random,0.1483173370361328,0.1483173370361328,
42100,16,5.3216956943323445e-05,1,384,0.007415866944938898,7.351716586575293e-19,,2,geometry-fixedcompute-1m-eppartial-random-50ksteps,1m,eppartial,random,0.1483173370361328,0.1483173370361328,
42200,16,5.19381789036691e-05,1,384,0.007415866944938898,2.5182888193838684e-19,,2,geometry-fixedcompute-1m-eppartial-random-50ksteps,1m,eppartial,random,0.1483173370361328,0.1483173370361328,
42300,16,5.0673319070414635e-05,1,384,0.007415866944938898,3.815578339906259e-20,,2,geometry-fixedcompute-1m-eppartial-random-50ksteps,1m,eppartial,random,0.1483173370361328,0.1483173370361328,
42400,16,4.942246621577805e-05,1,384,0.007415866944938898,1.1637089473506402e-20,,2,geometry-fixedcompute-1m-eppartial-random-50ksteps,1m,eppartial,random,0.1483173370361328,0.1483173370361328,
42500,16,4.8185708128919435e-05,1,384,0.007415866944938898,1.9755064238908824e-21,,2,geometry-fixedcompute-1m-eppartial-random-50ksteps,1m,eppartial,random,0.1483173370361328,0.1483173370361328,
42600,16,4.6963131609779435e-05,1,384,0.007415866944938898,1.151097754962831e-22,,2,geometry-fixedcompute-1m-eppartial-random-50ksteps,1m,eppartial,random,0.1483173370361328,0.1483173370361328,
42700,16,4.575482246298764e-05,1,384,0.007415866944938898,1.241827598012085e-23,,2,geometry-fixedcompute-1m-eppartial-random-50ksteps,1m,eppartial,random,0.1483173370361328,0.1483173370361328,
42800,16,4.456086549184025e-05,1,384,0.007415866944938898,8.704322782644853e-25,,2,geometry-fixedcompute-1m-eppartial-random-50ksteps,1m,eppartial,random,0.1483173370361328,0.1483173370361328,
42900,16,4.3381344492348286e-05,1,384,0.007415866944938898,5.734637909050954e-26,,2,geometry-fixedcompute-1m-eppartial-random-50ksteps,1m,eppartial,random,0.1483173370361328,0.1483173370361328,
43000,16,4.2216342247356707e-05,1,384,0.007415866944938898,7.663047218611396e-27,,2,geometry-fixedcompute-1m-eppartial-random-50ksteps,1m,eppartial,random,0.1483173370361328,0.1483173370361328,
43100,16,4.1065940520733994e-05,1,384,0.007415866944938898,7.745174215895663e-29,,2,geometry-fixedcompute-1m-eppartial-random-50ksteps,1m,eppartial,random,0.1483173370361328,0.1483173370361328,
43200,16,3.9930220051634445e-05,1,384,0.007415866944938898,3.4373869753638016e-30,,2,geometry-fixedcompute-1m-eppartial-random-50ksteps,1m,eppartial,random,0.1483173370361328,0.1483173370361328,
43300,16,3.8809260548830795e-05,1,384,0.007415866944938898,9.26347382770023e-32,,2,geometry-fixedcompute-1m-eppartial-random-50ksteps,1m,eppartial,random,0.1483173370361328,0.1483173370361328,
43400,16,3.7703140685120476e-05,1,384,0.007415866944938898,2.6255097952447734e-33,,2,geometry-fixedcompute-1m-eppartial-random-50ksteps,1m,eppartial,random,0.1483173370361328,0.1483173370361328,
43500,16,3.661193809180397e-05,1,384,0.007415866944938898,3.697674748798676e-35,,2,geometry-fixedcompute-1m-eppartial-random-50ksteps,1m,eppartial,random,0.1483173370361328,0.1483173370361328,
43600,16,3.5535729353236204e-05,1,384,0.007415866944938898,7.4910608821720985e-37,,2,geometry-fixedcompute-1m-eppartial-random-50ksteps,1m,eppartial,random,0.1483173370361328,0.1483173370361328,
43700,16,3.4474590001452095e-05,1,384,0.007415866944938898,1.1330204338492166e-38,,2,geometry-fixedcompute-1m-eppartial-random-50ksteps,1m,eppartial,random,0.1483173370361328,0.1483173370361328,
43800,16,3.3428594510864724e-05,1,384,0.007415866944938898,1.3735807807004722e-40,,2,geometry-fixedcompute-1m-eppartial-random-50ksteps,1m,eppartial,random,0.1483173370361328,0.1483173370361328,
43900,16,3.239781629303911e-05,1,384,0.007415866944938898,1.9562126561974446e-42,,2,geometry-fixedcompute-1m-eppartial-random-50ksteps,1m,eppartial,random,0.1483173370361328,0.1483173370361328,
44000,16,3.138232769153948e-05,1,384,0.007415866944938898,3.783505853677006e-44,,2,geometry-fixedcompute-1m-eppartial-random-50ksteps,1m,eppartial,random,0.1483173370361328,0.1483173370361328,
44100,16,3.038219997685242e-05,1,384,0.007415866944938898,0.0,,2,geometry-fixedcompute-1m-eppartial-random-50ksteps,1m,eppartial,random,0.1483173370361328,0.1483173370361328,
44200,16,2.9397503341384265e-05,1,384,0.007415866944938898,0.0,,2,geometry-fixedcompute-1m-eppartial-random-50ksteps,1m,eppartial,random,0.1483173370361328,0.1483173370361328,
44300,17,2.8428306894535338e-05,1,384,0.007415866944938898,0.0,,2,geometry-fixedcompute-1m-eppartial-random-50ksteps,1m,eppartial,random,0.1483173370361328,0.1483173370361328,
44400,17,2.7474678657849148e-05,1,384,0.007415866944938898,0.0,,2,geometry-fixedcompute-1m-eppartial-random-50ksteps,1m,eppartial,random,0.1483173370361328,0.1483173370361328,
44500,17,2.6536685560238913e-05,1,384,0.007415866944938898,0.0,,2,geometry-fixedcompute-1m-eppartial-random-50ksteps,1m,eppartial,random,0.1483173370361328,0.1483173370361328,
44600,17,2.5614393433289605e-05,1,384,0.007415866944938898,0.0,,2,geometry-fixedcompute-1m-eppartial-random-50ksteps,1m,eppartial,random,0.1483173370361328,0.1483173370361328,
44700,17,2.4707867006638262e-05,1,384,0.007415866944938898,0.0,,2,geometry-fixedcompute-1m-eppartial-random-50ksteps,1m,eppartial,random,0.1483173370361328,0.1483173370361328,
44800,17,2.3817169903430686e-05,1,384,0.007415866944938898,0.0,,2,geometry-fixedcompute-1m-eppartial-random-50ksteps,1m,eppartial,random,0.1483173370361328,0.1483173370361328,
44900,17,2.2942364635856203e-05,1,384,0.007415866944938898,0.0,,2,geometry-fixedcompute-1m-eppartial-random-50ksteps,1m,eppartial,random,0.1483173370361328,0.1483173370361328,
45000,17,2.2083512600760726e-05,1,384,0.007415866944938898,0.0,,2,geometry-fixedcompute-1m-eppartial-random-50ksteps,1m,eppartial,random,0.1483173370361328,0.1483173370361328,
45100,17,2.124067407533687e-05,1,384,0.007415866944938898,0.0,,2,geometry-fixedcompute-1m-eppartial-random-50ksteps,1m,eppartial,random,0.1483173370361328,0.1483173370361328,
45200,17,2.0413908212894406e-05,1,384,0.007415866944938898,0.0,,2,geometry-fixedcompute-1m-eppartial-random-50ksteps,1m,eppartial,random,0.1483173370361328,0.1483173370361328,
45300,17,1.960327303870808e-05,1,384,0.007415866944938898,0.0,,2,geometry-fixedcompute-1m-eppartial-random-50ksteps,1m,eppartial,random,0.1483173370361328,0.1483173370361328,
45400,17,1.8808825445945534e-05,1,384,0.007415866944938898,0.0,,2,geometry-fixedcompute-1m-eppartial-random-50ksteps,1m,eppartial,random,0.1483173370361328,0.1483173370361328,
45500,17,1.8030621191674124e-05,1,384,0.007415866944938898,0.0,,2,geometry-fixedcompute-1m-eppartial-random-50ksteps,1m,eppartial,random,0.1483173370361328,0.1483173370361328,
45600,17,1.7268714892947803e-05,1,384,0.007415866944938898,0.0,,2,geometry-fixedcompute-1m-eppartial-random-50ksteps,1m,eppartial,random,0.1483173370361328,0.1483173370361328,
45700,17,1.6523160022973805e-05,1,384,0.007415866944938898,0.0,,2,geometry-fixedcompute-1m-eppartial-random-50ksteps,1m,eppartial,random,0.1483173370361328,0.1483173370361328,
45800,17,1.5794008907360016e-05,1,384,0.007415866944938898,0.0,,2,geometry-fixedcompute-1m-eppartial-random-50ksteps,1m,eppartial,random,0.1483173370361328,0.1483173370361328,
45900,17,1.5081312720442118e-05,1,384,0.007415866944938898,0.0,,2,geometry-fixedcompute-1m-eppartial-random-50ksteps,1m,eppartial,random,0.1483173370361328,0.1483173370361328,
46000,17,1.438512148169243e-05,1,384,0.007415866944938898,0.0,,2,geometry-fixedcompute-1m-eppartial-random-50ksteps,1m,eppartial,random,0.1483173370361328,0.1483173370361328,
46100,17,1.3705484052209072e-05,1,384,0.007415866944938898,0.0,,2,geometry-fixedcompute-1m-eppartial-random-50ksteps,1m,eppartial,random,0.1483173370361328,0.1483173370361328,
46200,17,1.3042448131286824e-05,1,384,0.007415866944938898,0.0,,2,geometry-fixedcompute-1m-eppartial-random-50ksteps,1m,eppartial,random,0.1483173370361328,0.1483173370361328,
46300,17,1.239606025306954e-05,1,384,0.007415866944938898,0.0,,2,geometry-fixedcompute-1m-eppartial-random-50ksteps,1m,eppartial,random,0.1483173370361328,0.1483173370361328,
46400,17,1.1766365783284007e-05,1,384,0.007415866944938898,0.0,,2,geometry-fixedcompute-1m-eppartial-random-50ksteps,1m,eppartial,random,0.1483173370361328,0.1483173370361328,
46500,17,1.1153408916056172e-05,1,384,0.007415866944938898,0.0,,2,geometry-fixedcompute-1m-eppartial-random-50ksteps,1m,eppartial,random,0.1483173370361328,0.1483173370361328,
46600,17,1.0557232670809407e-05,1,384,0.007415866944938898,0.0,,2,geometry-fixedcompute-1m-eppartial-random-50ksteps,1m,eppartial,random,0.1483173370361328,0.1483173370361328,
46700,17,9.97787888924533e-06,1,384,0.007415866944938898,0.0,,2,geometry-fixedcompute-1m-eppartial-random-50ksteps,1m,eppartial,random,0.1483173370361328,0.1483173370361328,
46800,17,9.415388232407037e-06,1,384,0.007415866944938898,0.0,,2,geometry-fixedcompute-1m-eppartial-random-50ksteps,1m,eppartial,random,0.1483173370361328,0.1483173370361328,
46900,18,8.869800177825473e-06,1,384,0.007415866944938898,0.0,,2,geometry-fixedcompute-1m-eppartial-random-50ksteps,1m,eppartial,random,0.1483173370361328,0.1483173370361328,
47000,18,8.341153016748756e-06,1,384,0.007415866944938898,0.0,,2,geometry-fixedcompute-1m-eppartial-random-50ksteps,1m,eppartial,random,0.1483173370361328,0.1483173370361328,
47100,18,7.829483851454853e-06,1,384,0.007415866944938898,0.0,,2,geometry-fixedcompute-1m-eppartial-random-50ksteps,1m,eppartial,random,0.1483173370361328,0.1483173370361328,
47200,18,7.334828592647484e-06,1,384,0.007415866944938898,0.0,,2,geometry-fixedcompute-1m-eppartial-random-50ksteps,1m,eppartial,random,0.1483173370361328,0.1483173370361328,
47300,18,6.857221956935838e-06,1,384,0.007415866944938898,0.0,,2,geometry-fixedcompute-1m-eppartial-random-50ksteps,1m,eppartial,random,0.1483173370361328,0.1483173370361328,
47400,18,6.396697464398013e-06,1,384,0.007415866944938898,0.0,,2,geometry-fixedcompute-1m-eppartial-random-50ksteps,1m,eppartial,random,0.1483173370361328,0.1483173370361328,
47500,18,5.953287436228477e-06,1,384,0.007415866944938898,0.0,,2,geometry-fixedcompute-1m-eppartial-random-50ksteps,1m,eppartial,random,0.1483173370361328,0.1483173370361328,
47600,18,5.527022992469717e-06,1,384,0.007415866944938898,0.0,,2,geometry-fixedcompute-1m-eppartial-random-50ksteps,1m,eppartial,random,0.1483173370361328,0.1483173370361328,
47700,18,5.117934049828051e-06,1,384,0.007415866944938898,0.0,,2,geometry-fixedcompute-1m-eppartial-random-50ksteps,1m,eppartial,random,0.1483173370361328,0.1483173370361328,
47800,18,4.726049319573937e-06,1,384,0.007415866944938898,0.0,,2,geometry-fixedcompute-1m-eppartial-random-50ksteps,1m,eppartial,random,0.1483173370361328,0.1483173370361328,
47900,18,4.351396305527036e-06,1,384,0.007415866944938898,0.0,,2,geometry-fixedcompute-1m-eppartial-random-50ksteps,1m,eppartial,random,0.1483173370361328,0.1483173370361328,
48000,18,3.9940013021258395e-06,1,384,0.007415866944938898,0.0,,2,geometry-fixedcompute-1m-eppartial-random-50ksteps,1m,eppartial,random,0.1483173370361328,0.1483173370361328,
48100,18,3.6538893925822097e-06,1,384,0.007415866944938898,0.0,,2,geometry-fixedcompute-1m-eppartial-random-50ksteps,1m,eppartial,random,0.1483173370361328,0.1483173370361328,
48200,18,3.3310844471209523e-06,1,384,0.007415866944938898,0.0,,2,geometry-fixedcompute-1m-eppartial-random-50ksteps,1m,eppartial,random,0.1483173370361328,0.1483173370361328,
48300,18,3.0256091213045416e-06,1,384,0.007415866944938898,0.0,,2,geometry-fixedcompute-1m-eppartial-random-50ksteps,1m,eppartial,random,0.1483173370361328,0.1483173370361328,
48400,18,2.737484854443172e-06,1,384,0.007415866944938898,0.0,,2,geometry-fixedcompute-1m-eppartial-random-50ksteps,1m,eppartial,random,0.1483173370361328,0.1483173370361328,
48500,18,2.4667318680899045e-06,1,384,0.007415866944938898,0.0,,2,geometry-fixedcompute-1m-eppartial-random-50ksteps,1m,eppartial,random,0.1483173370361328,0.1483173370361328,
48600,18,2.2133691646215212e-06,1,384,0.007415866944938898,0.0,,2,geometry-fixedcompute-1m-eppartial-random-50ksteps,1m,eppartial,random,0.1483173370361328,0.1483173370361328,
48700,18,1.9774145259048734e-06,1,384,0.007415866944938898,0.0,,2,geometry-fixedcompute-1m-eppartial-random-50ksteps,1m,eppartial,random,0.1483173370361328,0.1483173370361328,
48800,18,1.758884512048903e-06,1,384,0.007415866944938898,0.0,,2,geometry-fixedcompute-1m-eppartial-random-50ksteps,1m,eppartial,random,0.1483173370361328,0.1483173370361328,
48900,18,1.5577944602424216e-06,1,384,0.007415866944938898,0.0,,2,geometry-fixedcompute-1m-eppartial-random-50ksteps,1m,eppartial,random,0.1483173370361328,0.1483173370361328,
49000,18,1.3741584836776117e-06,1,384,0.007415866944938898,0.0,,2,geometry-fixedcompute-1m-eppartial-random-50ksteps,1m,eppartial,random,0.1483173370361328,0.1483173370361328,
49100,18,1.2079894705595786e-06,1,384,0.007415866944938898,0.0,,2,geometry-fixedcompute-1m-eppartial-random-50ksteps,1m,eppartial,random,0.1483173370361328,0.1483173370361328,
49200,18,1.0592990832017577e-06,1,384,0.007415866944938898,0.0,,2,geometry-fixedcompute-1m-eppartial-random-50ksteps,1m,eppartial,random,0.1483173370361328,0.1483173370361328,
49300,18,9.280977572075126e-07,1,384,0.007415866944938898,0.0,,2,geometry-fixedcompute-1m-eppartial-random-50ksteps,1m,eppartial,random,0.1483173370361328,0.1483173370361328,
49400,18,8.143947007376327e-07,1,384,0.007415866944938898,0.0,,2,geometry-fixedcompute-1m-eppartial-random-50ksteps,1m,eppartial,random,0.1483173370361328,0.1483173370361328,
49500,19,7.181978938641054e-07,1,384,0.007415866944938898,0.0,,2,geometry-fixedcompute-1m-eppartial-random-50ksteps,1m,eppartial,random,0.1483173370361328,0.1483173370361328,
49600,19,6.395140880100399e-07,1,384,0.007415866944938898,0.0,,2,geometry-fixedcompute-1m-eppartial-random-50ksteps,1m,eppartial,random,0.1483173370361328,0.1483173370361328,
49700,19,5.783488054758322e-07,1,384,0.007415866944938898,0.0,,2,geometry-fixedcompute-1m-eppartial-random-50ksteps,1m,eppartial,random,0.1483173370361328,0.1483173370361328,
49800,19,5.347063390516083e-07,1,384,0.007415866944938898,0.0,,2,geometry-fixedcompute-1m-eppartial-random-50ksteps,1m,eppartial,random,0.1483173370361328,0.1483173370361328,
49900,19,5.085897517159643e-07,1,384,0.007415866944938898,0.0,,2,geometry-fixedcompute-1m-eppartial-random-50ksteps,1m,eppartial,random,0.1483173370361328,0.1483173370361328,
0,0,5.0396e-06,1,384,0.44107747077941895,0.46421462297439575,,2,geometry-fixedcompute-1m-eppartial-imagenet-50ksteps,1m,eppartial,imagenet,0.0014715325087308884,0.0014715325087308884,
100,0,8.999599999999996e-06,1,384,0.1902611255645752,0.196878120303154,,2,geometry-fixedcompute-1m-eppartial-imagenet-50ksteps,1m,eppartial,imagenet,0.06453846395015717,0.06453846395015717,
200,0,1.295959999999996e-05,1,384,0.07679159939289093,0.07516514509916306,,2,geometry-fixedcompute-1m-eppartial-imagenet-50ksteps,1m,eppartial,imagenet,0.10769428312778473,0.10769428312778473,
300,0,1.691959999999993e-05,1,384,0.0908806100487709,0.09018023312091827,,2,geometry-fixedcompute-1m-eppartial-imagenet-50ksteps,1m,eppartial,imagenet,0.10418771207332611,0.10418771207332611,
400,0,2.0879599999999897e-05,1,384,0.039290327578783035,0.03519187122583389,,2,geometry-fixedcompute-1m-eppartial-imagenet-50ksteps,1m,eppartial,imagenet,0.11716096848249435,0.11716096848249435,
500,0,2.483959999999992e-05,1,384,0.050877153873443604,0.04730549454689026,,2,geometry-fixedcompute-1m-eppartial-imagenet-50ksteps,1m,eppartial,imagenet,0.11873868107795715,0.11873868107795715,
600,0,2.879959999999994e-05,1,384,0.1192292720079422,0.11939734220504761,,2,geometry-fixedcompute-1m-eppartial-imagenet-50ksteps,1m,eppartial,imagenet,0.11603599041700363,0.11603599041700363,
700,0,3.275959999999989e-05,1,384,0.1537582278251648,0.15584154427051544,,2,geometry-fixedcompute-1m-eppartial-imagenet-50ksteps,1m,eppartial,imagenet,0.11417526006698608,0.11417526006698608,
800,0,3.671959999999993e-05,1,384,0.04534626379609108,0.04145083948969841,,2,geometry-fixedcompute-1m-eppartial-imagenet-50ksteps,1m,eppartial,imagenet,0.11935936659574509,0.11935936659574509,
900,0,4.0679599999999955e-05,1,384,0.05657077580690384,0.05319030210375786,,2,geometry-fixedcompute-1m-eppartial-imagenet-50ksteps,1m,eppartial,imagenet,0.12079973518848419,0.12079973518848419,
1000,0,4.463959999999999e-05,1,384,0.075767382979393,0.07332464307546616,,2,geometry-fixedcompute-1m-eppartial-imagenet-50ksteps,1m,eppartial,imagenet,0.12217937409877777,0.12217937409877777,
1100,0,4.859960000000004e-05,1,384,0.05860619246959686,0.055447064340114594,,2,geometry-fixedcompute-1m-eppartial-imagenet-50ksteps,1m,eppartial,imagenet,0.11862960457801819,0.11862960457801819,
1200,0,5.25596000000001e-05,1,384,0.05170677229762077,0.048553913831710815,,2,geometry-fixedcompute-1m-eppartial-imagenet-50ksteps,1m,eppartial,imagenet,0.11161112785339355,0.11161112785339355,
1300,0,5.651960000000012e-05,1,384,0.060375601053237915,0.0574006550014019,,2,geometry-fixedcompute-1m-eppartial-imagenet-50ksteps,1m,eppartial,imagenet,0.11689957976341248,0.11689957976341248,
1400,0,6.047960000000012e-05,1,384,0.06561683118343353,0.06307239830493927,,2,geometry-fixedcompute-1m-eppartial-imagenet-50ksteps,1m,eppartial,imagenet,0.11396106332540512,0.11396106332540512,
1500,0,6.443960000000015e-05,1,384,0.027018753811717033,0.022324860095977783,,2,geometry-fixedcompute-1m-eppartial-imagenet-50ksteps,1m,eppartial,imagenet,0.11620274186134338,0.11620274186134338,
1600,0,6.839960000000024e-05,1,384,0.022766025736927986,0.017901219427585602,,2,geometry-fixedcompute-1m-eppartial-imagenet-50ksteps,1m,eppartial,imagenet,0.1151973307132721,0.1151973307132721,
1700,0,7.23596000000003e-05,1,384,0.023337645456194878,0.018492059782147408,,2,geometry-fixedcompute-1m-eppartial-imagenet-50ksteps,1m,eppartial,imagenet,0.11540380120277405,0.11540380120277405,
1800,0,7.63196000000003e-05,1,384,0.03312813863158226,0.028587277978658676,,2,geometry-fixedcompute-1m-eppartial-imagenet-50ksteps,1m,eppartial,imagenet,0.11940448731184006,0.11940448731184006,
1900,0,8.02796000000004e-05,1,384,0.17705504596233368,0.1805509626865387,,2,geometry-fixedcompute-1m-eppartial-imagenet-50ksteps,1m,eppartial,imagenet,0.11063264310359955,0.11063264310359955,
2000,0,8.423960000000036e-05,1,384,0.031567007303237915,0.027281111106276512,,2,geometry-fixedcompute-1m-eppartial-imagenet-50ksteps,1m,eppartial,imagenet,0.11299903690814972,0.11299903690814972,
2100,0,8.819960000000019e-05,1,384,0.051862508058547974,0.048939965665340424,,2,geometry-fixedcompute-1m-eppartial-imagenet-50ksteps,1m,eppartial,imagenet,0.10739078372716904,0.10739078372716904,
2200,0,9.215960000000019e-05,1,384,0.04136078432202339,0.037457406520843506,,2,geometry-fixedcompute-1m-eppartial-imagenet-50ksteps,1m,eppartial,imagenet,0.11552499234676361,0.11552499234676361,
2300,0,9.611960000000014e-05,1,384,0.021784886717796326,0.01696518436074257,,2,geometry-fixedcompute-1m-eppartial-imagenet-50ksteps,1m,eppartial,imagenet,0.11335925757884979,0.11335925757884979,
2400,0,0.00010007960000000004,1,384,0.019928403198719025,0.015534266829490662,,2,geometry-fixedcompute-1m-eppartial-imagenet-50ksteps,1m,eppartial,imagenet,0.10341700911521912,0.10341700911521912,
2500,0,0.0001040396,1,384,0.03278419375419617,0.029472842812538147,,2,geometry-fixedcompute-1m-eppartial-imagenet-50ksteps,1m,eppartial,imagenet,0.09569989144802094,0.09569989144802094,
2600,0,0.0001079995999999999,1,384,0.02549082785844803,0.02190031111240387,,2,geometry-fixedcompute-1m-eppartial-imagenet-50ksteps,1m,eppartial,imagenet,0.09371066093444824,0.09371066093444824,
2700,1,0.0001119595999999997,1,384,0.012446856126189232,0.007917143404483795,,2,geometry-fixedcompute-1m-eppartial-imagenet-50ksteps,1m,eppartial,imagenet,0.09851139783859253,0.09851139783859253,
2800,1,0.00011591959999999953,1,384,0.0465158112347126,0.04409877210855484,,2,geometry-fixedcompute-1m-eppartial-imagenet-50ksteps,1m,eppartial,imagenet,0.09243955463171005,0.09243955463171005,
2900,1,0.00011987959999999937,1,384,0.02443404495716095,0.020637236535549164,,2,geometry-fixedcompute-1m-eppartial-imagenet-50ksteps,1m,eppartial,imagenet,0.09657341241836548,0.09657341241836548,
3000,1,0.00012383959999999963,1,384,0.027844347059726715,0.02445082925260067,,2,geometry-fixedcompute-1m-eppartial-imagenet-50ksteps,1m,eppartial,imagenet,0.09232120215892792,0.09232120215892792,
3100,1,0.00012779959999999966,1,384,0.024827491492033005,0.02135300263762474,,2,geometry-fixedcompute-1m-eppartial-imagenet-50ksteps,1m,eppartial,imagenet,0.09084278345108032,0.09084278345108032,
3200,1,0.0001317595999999997,1,384,0.014937389642000198,0.010437990538775921,,2,geometry-fixedcompute-1m-eppartial-imagenet-50ksteps,1m,eppartial,imagenet,0.10042597353458405,0.10042597353458405,
3300,1,0.00013571959999999936,1,384,0.018009422346949577,0.0138901611790061,,2,geometry-fixedcompute-1m-eppartial-imagenet-50ksteps,1m,eppartial,imagenet,0.09627540409564972,0.09627540409564972,
3400,1,0.00013967959999999918,1,384,0.02460182085633278,0.021051589399576187,,2,geometry-fixedcompute-1m-eppartial-imagenet-50ksteps,1m,eppartial,imagenet,0.09205620735883713,0.09205620735883713,
3500,1,0.0001436395999999989,1,384,0.017790058627724648,0.014114372432231903,,2,geometry-fixedcompute-1m-eppartial-imagenet-50ksteps,1m,eppartial,imagenet,0.08762809634208679,0.08762809634208679,
3600,1,0.00014759959999999874,1,384,0.023932654410600662,0.02026708796620369,,2,geometry-fixedcompute-1m-eppartial-imagenet-50ksteps,1m,eppartial,imagenet,0.09357844293117523,0.09357844293117523,
3700,1,0.0001515595999999985,1,384,0.02612205408513546,0.022669313475489616,,2,geometry-fixedcompute-1m-eppartial-imagenet-50ksteps,1m,eppartial,imagenet,0.09172412008047104,0.09172412008047104,
3800,1,0.00015551959999999835,1,384,0.016468454152345657,0.012459887191653252,,2,geometry-fixedcompute-1m-eppartial-imagenet-50ksteps,1m,eppartial,imagenet,0.09263122826814651,0.09263122826814651,
3900,1,0.00015947959999999822,1,384,0.014758247882127762,0.01097015105187893,,2,geometry-fixedcompute-1m-eppartial-imagenet-50ksteps,1m,eppartial,imagenet,0.08673210442066193,0.08673210442066193,
4000,1,0.00016343959999999774,1,384,0.015055511146783829,0.011029418557882309,,2,geometry-fixedcompute-1m-eppartial-imagenet-50ksteps,1m,eppartial,imagenet,0.0915512889623642,0.0915512889623642,
4100,1,0.00016739959999999743,1,384,0.015277535654604435,0.01129407249391079,,2,geometry-fixedcompute-1m-eppartial-imagenet-50ksteps,1m,eppartial,imagenet,0.09096333384513855,0.09096333384513855,
4200,1,0.00017135959999999722,1,384,0.011741824448108673,0.007675697561353445,,2,geometry-fixedcompute-1m-eppartial-imagenet-50ksteps,1m,eppartial,imagenet,0.08899824321269989,0.08899824321269989,
4300,1,0.00017531959999999682,1,384,0.016786785796284676,0.01298489049077034,,2,geometry-fixedcompute-1m-eppartial-imagenet-50ksteps,1m,eppartial,imagenet,0.08902280777692795,0.08902280777692795,
4400,1,0.00017927959999999667,1,384,0.01430886797606945,0.01022176444530487,,2,geometry-fixedcompute-1m-eppartial-imagenet-50ksteps,1m,eppartial,imagenet,0.09196384251117706,0.09196384251117706,
4500,1,0.00018323959999999654,1,384,0.018784809857606888,0.014703001827001572,,2,geometry-fixedcompute-1m-eppartial-imagenet-50ksteps,1m,eppartial,imagenet,0.09633918106555939,0.09633918106555939,
4600,1,0.00018719959999999628,1,384,0.015632670372724533,0.01178377028554678,,2,geometry-fixedcompute-1m-eppartial-imagenet-50ksteps,1m,eppartial,imagenet,0.08876176923513412,0.08876176923513412,
4700,1,0.0001911595999999961,1,384,0.02061251923441887,0.016968760639429092,,2,geometry-fixedcompute-1m-eppartial-imagenet-50ksteps,1m,eppartial,imagenet,0.08984394371509552,0.08984394371509552,
4800,1,0.00019511959999999579,1,384,0.012703610584139824,0.00835089199244976,,2,geometry-fixedcompute-1m-eppartial-imagenet-50ksteps,1m,eppartial,imagenet,0.09540526568889618,0.09540526568889618,
4900,1,0.0001990795999999954,1,384,0.010313776321709156,0.006498517468571663,,2,geometry-fixedcompute-1m-eppartial-imagenet-50ksteps,1m,eppartial,imagenet,0.08280369639396667,0.08280369639396667,
5000,1,0.00020303959999999526,1,384,0.014404384419322014,0.010624682530760765,,2,geometry-fixedcompute-1m-eppartial-imagenet-50ksteps,1m,eppartial,imagenet,0.08621871471405029,0.08621871471405029,
5100,1,0.00020699959999999503,1,384,0.010208426043391228,0.006443734746426344,,2,geometry-fixedcompute-1m-eppartial-imagenet-50ksteps,1m,eppartial,imagenet,0.08173756301403046,0.08173756301403046,
5200,1,0.00021095959999999455,1,384,0.0142841637134552,0.00996669102460146,,2,geometry-fixedcompute-1m-eppartial-imagenet-50ksteps,1m,eppartial,imagenet,0.0963161438703537,0.0963161438703537,
5300,2,0.00021491959999999426,1,384,0.013780361041426659,0.00979890488088131,,2,geometry-fixedcompute-1m-eppartial-imagenet-50ksteps,1m,eppartial,imagenet,0.08942802250385284,0.08942802250385284,
5400,2,0.00021887959999999408,1,384,0.01021258533000946,0.006117969751358032,,2,geometry-fixedcompute-1m-eppartial-imagenet-50ksteps,1m,eppartial,imagenet,0.0880102664232254,0.0880102664232254,
5500,2,0.0002228395999999941,1,384,0.0156710147857666,0.01156856119632721,,2,geometry-fixedcompute-1m-eppartial-imagenet-50ksteps,1m,eppartial,imagenet,0.09361764788627625,0.09361764788627625,
5600,2,0.0002267995999999939,1,384,0.007030881009995937,0.002442162251099944,,2,geometry-fixedcompute-1m-eppartial-imagenet-50ksteps,1m,eppartial,imagenet,0.09421654045581818,0.09421654045581818,
5700,2,0.00023075959999999354,1,384,0.009486076422035694,0.004773752763867378,,2,geometry-fixedcompute-1m-eppartial-imagenet-50ksteps,1m,eppartial,imagenet,0.09902022778987885,0.09902022778987885,
5800,2,0.00023471959999999328,1,384,0.012421106919646263,0.0084924828261137,,2,geometry-fixedcompute-1m-eppartial-imagenet-50ksteps,1m,eppartial,imagenet,0.0870649665594101,0.0870649665594101,
5900,2,0.00023867959999999288,1,384,0.012493094429373741,0.008456902578473091,,2,geometry-fixedcompute-1m-eppartial-imagenet-50ksteps,1m,eppartial,imagenet,0.08918076008558273,0.08918076008558273,
6000,2,0.00024263959999999268,1,384,0.00856241025030613,0.00411273492500186,,2,geometry-fixedcompute-1m-eppartial-imagenet-50ksteps,1m,eppartial,imagenet,0.0931062400341034,0.0931062400341034,
6100,2,0.0002465995999999924,1,384,0.010048500262200832,0.005578695796430111,,2,geometry-fixedcompute-1m-eppartial-imagenet-50ksteps,1m,eppartial,imagenet,0.09497478604316711,0.09497478604316711,
6200,2,0.00025055959999999237,1,384,0.010028602555394173,0.0056650154292583466,,2,geometry-fixedcompute-1m-eppartial-imagenet-50ksteps,1m,eppartial,imagenet,0.09293675422668457,0.09293675422668457,
6300,2,0.00025451959999999216,1,384,0.00713526364415884,0.0025636237114667892,,2,geometry-fixedcompute-1m-eppartial-imagenet-50ksteps,1m,eppartial,imagenet,0.09399642050266266,0.09399642050266266,
6400,2,0.0002584795999999917,1,384,0.0070771947503089905,0.0028260524850338697,,2,geometry-fixedcompute-1m-eppartial-imagenet-50ksteps,1m,eppartial,imagenet,0.08784888684749603,0.08784888684749603,
6500,2,0.00026243959999999164,1,384,0.009680494666099548,0.0052541159093379974,,2,geometry-fixedcompute-1m-eppartial-imagenet-50ksteps,1m,eppartial,imagenet,0.09378169476985931,0.09378169476985931,
6600,2,0.0002663995999999912,1,384,0.009332962334156036,0.004960515536367893,,2,geometry-fixedcompute-1m-eppartial-imagenet-50ksteps,1m,eppartial,imagenet,0.09240943938493729,0.09240943938493729,
6700,2,0.00027035959999999106,1,384,0.0082387151196599,0.003632504492998123,,2,geometry-fixedcompute-1m-eppartial-imagenet-50ksteps,1m,eppartial,imagenet,0.09575670957565308,0.09575670957565308,
6800,2,0.0002743195999999908,1,384,0.008375520817935467,0.0037077083252370358,,2,geometry-fixedcompute-1m-eppartial-imagenet-50ksteps,1m,eppartial,imagenet,0.09706395119428635,0.09706395119428635,
6900,2,0.0002782795999999907,1,384,0.009164158254861832,0.004593673162162304,,2,geometry-fixedcompute-1m-eppartial-imagenet-50ksteps,1m,eppartial,imagenet,0.09600336849689484,0.09600336849689484,
7000,2,0.00028223959999999033,1,384,0.009109890088438988,0.004204779863357544,,2,geometry-fixedcompute-1m-eppartial-imagenet-50ksteps,1m,eppartial,imagenet,0.10230698436498642,0.10230698436498642,
7100,2,0.0002861995999999898,1,384,0.006841327995061874,0.002102576196193695,,2,geometry-fixedcompute-1m-eppartial-imagenet-50ksteps,1m,eppartial,imagenet,0.09687761217355728,0.09687761217355728,
7200,2,0.00029015959999998954,1,384,0.007025543134659529,0.0019859769381582737,,2,geometry-fixedcompute-1m-eppartial-imagenet-50ksteps,1m,eppartial,imagenet,0.10277730226516724,0.10277730226516724,
7300,2,0.0002941195999999894,1,384,0.006606657989323139,0.001623989548534155,,2,geometry-fixedcompute-1m-eppartial-imagenet-50ksteps,1m,eppartial,imagenet,0.10127735137939453,0.10127735137939453,
7400,2,0.00029807959999998874,1,384,0.007370077073574066,0.002423507859930396,,2,geometry-fixedcompute-1m-eppartial-imagenet-50ksteps,1m,eppartial,imagenet,0.10135488212108612,0.10135488212108612,
7500,2,0.00030203959999998816,1,384,0.007067926228046417,0.0021951559465378523,,2,geometry-fixedcompute-1m-eppartial-imagenet-50ksteps,1m,eppartial,imagenet,0.0996505618095398,0.0996505618095398,
7600,2,0.00030599959999998757,1,384,0.006789264734834433,0.0016971847508102655,,2,geometry-fixedcompute-1m-eppartial-imagenet-50ksteps,1m,eppartial,imagenet,0.10353878140449524,0.10353878140449524,
7700,2,0.0003099595999999868,1,384,0.006731255911290646,0.0015539139276370406,,2,geometry-fixedcompute-1m-eppartial-imagenet-50ksteps,1m,eppartial,imagenet,0.10510075837373734,0.10510075837373734,
7800,2,0.0003139195999999862,1,384,0.007838930934667587,0.0028181900270283222,,2,geometry-fixedcompute-1m-eppartial-imagenet-50ksteps,1m,eppartial,imagenet,0.10323299467563629,0.10323299467563629,
7900,3,0.0003178795999999855,1,384,0.006706153973937035,0.0013920048950240016,,2,geometry-fixedcompute-1m-eppartial-imagenet-50ksteps,1m,eppartial,imagenet,0.1076749861240387,0.1076749861240387,
8000,3,0.000321839599999985,1,384,0.007130797952413559,0.0017894937191158533,,2,geometry-fixedcompute-1m-eppartial-imagenet-50ksteps,1m,eppartial,imagenet,0.10861557722091675,0.10861557722091675,
8100,3,0.0003257995999999847,1,384,0.007859237492084503,0.0023505748249590397,,2,geometry-fixedcompute-1m-eppartial-imagenet-50ksteps,1m,eppartial,imagenet,0.11252383887767792,0.11252383887767792,
8200,3,0.00032975959999998416,1,384,0.006813741289079189,0.0014175771502777934,,2,geometry-fixedcompute-1m-eppartial-imagenet-50ksteps,1m,eppartial,imagenet,0.1093408539891243,0.1093408539891243,
8300,3,0.0003337195999999837,1,384,0.007103650830686092,0.0016576885245740414,,2,geometry-fixedcompute-1m-eppartial-imagenet-50ksteps,1m,eppartial,imagenet,0.11057693511247635,0.11057693511247635,
8400,3,0.0003376795999999835,1,384,0.0061167096719145775,0.0006565863732248545,,2,geometry-fixedcompute-1m-eppartial-imagenet-50ksteps,1m,eppartial,imagenet,0.10985904932022095,0.10985904932022095,
8500,3,0.0003416395999999833,1,384,0.006674410775303841,0.0011965008452534676,,2,geometry-fixedcompute-1m-eppartial-imagenet-50ksteps,1m,eppartial,imagenet,0.11075469851493835,0.11075469851493835,
8600,3,0.00034559959999998306,1,384,0.006707942578941584,0.0012872384395450354,,2,geometry-fixedcompute-1m-eppartial-imagenet-50ksteps,1m,eppartial,imagenet,0.10970132052898407,0.10970132052898407,
8700,3,0.00034955959999998263,1,384,0.0071726408787071705,0.0017319050384685397,,2,geometry-fixedcompute-1m-eppartial-imagenet-50ksteps,1m,eppartial,imagenet,0.11054661870002747,0.11054661870002747,
8800,3,0.0003535195999999821,1,384,0.007308643311262131,0.001608657999895513,,2,geometry-fixedcompute-1m-eppartial-imagenet-50ksteps,1m,eppartial,imagenet,0.11560836434364319,0.11560836434364319,
8900,3,0.00035747959999998184,1,384,0.0063857026398181915,0.0007810361566953361,,2,geometry-fixedcompute-1m-eppartial-imagenet-50ksteps,1m,eppartial,imagenet,0.11287436634302139,0.11287436634302139,
9000,3,0.00036143959999998163,1,384,0.00659008976072073,0.001101773465052247,,2,geometry-fixedcompute-1m-eppartial-imagenet-50ksteps,1m,eppartial,imagenet,0.11086809635162354,0.11086809635162354,
9100,3,0.0003653995999999812,1,384,0.006178718991577625,0.0006671172450296581,,2,geometry-fixedcompute-1m-eppartial-imagenet-50ksteps,1m,eppartial,imagenet,0.11089915037155151,0.11089915037155151,
9200,3,0.0003693595999999805,1,384,0.00637928256765008,0.0009213858284056187,,2,geometry-fixedcompute-1m-eppartial-imagenet-50ksteps,1m,eppartial,imagenet,0.1100793182849884,0.1100793182849884,
9300,3,0.00037331959999997933,1,384,0.006771586835384369,0.0010417707962915301,,2,geometry-fixedcompute-1m-eppartial-imagenet-50ksteps,1m,eppartial,imagenet,0.11563809216022491,0.11563809216022491,
9400,3,0.0003772795999999783,1,384,0.006647647358477116,0.0011096986709162593,,2,geometry-fixedcompute-1m-eppartial-imagenet-50ksteps,1m,eppartial,imagenet,0.11186866462230682,0.11186866462230682,
9500,3,0.0003812395999999781,1,384,0.006861330009996891,0.0011693488340824842,,2,geometry-fixedcompute-1m-eppartial-imagenet-50ksteps,1m,eppartial,imagenet,0.11500896513462067,0.11500896513462067,
9600,3,0.00038519959999997806,1,384,0.0068252128548920155,0.00106055848300457,,2,geometry-fixedcompute-1m-eppartial-imagenet-50ksteps,1m,eppartial,imagenet,0.11635364592075348,0.11635364592075348,
9700,3,0.00038915959999997747,1,384,0.006846625357866287,0.0012183370999991894,,2,geometry-fixedcompute-1m-eppartial-imagenet-50ksteps,1m,eppartial,imagenet,0.11378410458564758,0.11378410458564758,
9800,3,0.0003931195999999769,1,384,0.0064508914947509766,0.0005938989343121648,,2,geometry-fixedcompute-1m-eppartial-imagenet-50ksteps,1m,eppartial,imagenet,0.11773374676704407,0.11773374676704407,
9900,3,0.000397079599999977,1,384,0.006830066442489624,0.0010656325612217188,,2,geometry-fixedcompute-1m-eppartial-imagenet-50ksteps,1m,eppartial,imagenet,0.1163543090224266,0.1163543090224266,
10000,3,0.00040103959999997647,1,384,0.007147236727178097,0.0012612929567694664,,2,geometry-fixedcompute-1m-eppartial-imagenet-50ksteps,1m,eppartial,imagenet,0.11898016184568405,0.11898016184568405,
10100,3,0.00040499959999997626,1,384,0.006910878699272871,0.0009069933439604938,,2,geometry-fixedcompute-1m-eppartial-imagenet-50ksteps,1m,eppartial,imagenet,0.12098469585180283,0.12098469585180283,
10200,3,0.00040895959999997584,1,384,0.006535125430673361,0.0007121269009076059,,2,geometry-fixedcompute-1m-eppartial-imagenet-50ksteps,1m,eppartial,imagenet,0.11717209219932556,0.11717209219932556,
10300,3,0.0004129195999999751,1,384,0.006210129242390394,0.00037160058855079114,,2,geometry-fixedcompute-1m-eppartial-imagenet-50ksteps,1m,eppartial,imagenet,0.11714217066764832,0.11714217066764832,
10400,3,0.0004168795999999747,1,384,0.006633035838603973,0.0006764201680198312,,2,geometry-fixedcompute-1m-eppartial-imagenet-50ksteps,1m,eppartial,imagenet,0.11980873346328735,0.11980873346328735,
10500,4,0.00042083959999997456,1,384,0.007017273921519518,0.0012089856900274754,,2,geometry-fixedcompute-1m-eppartial-imagenet-50ksteps,1m,eppartial,imagenet,0.11737474799156189,0.11737474799156189,
10600,4,0.000424799599999974,1,384,0.006616986356675625,0.0006396823446266353,,2,geometry-fixedcompute-1m-eppartial-imagenet-50ksteps,1m,eppartial,imagenet,0.12018576264381409,0.12018576264381409,
10700,4,0.00042875959999997404,1,384,0.00651051988825202,0.0005814541946165264,,2,geometry-fixedcompute-1m-eppartial-imagenet-50ksteps,1m,eppartial,imagenet,0.11916276812553406,0.11916276812553406,
10800,4,0.0004327195999999736,1,384,0.00683826906606555,0.0009832056239247322,,2,geometry-fixedcompute-1m-eppartial-imagenet-50ksteps,1m,eppartial,imagenet,0.11808447539806366,0.11808447539806366,
10900,4,0.00043667959999997254,1,384,0.0062135667540133,0.0005002647521905601,,2,geometry-fixedcompute-1m-eppartial-imagenet-50ksteps,1m,eppartial,imagenet,0.11476629972457886,0.11476629972457886,
11000,4,0.0004406395999999721,1,384,0.006482534110546112,0.0006215855246409774,,2,geometry-fixedcompute-1m-eppartial-imagenet-50ksteps,1m,eppartial,imagenet,0.11784055829048157,0.11784055829048157,
11100,4,0.00044459959999997186,1,384,0.0069050914607942104,0.0009514228440821171,,2,geometry-fixedcompute-1m-eppartial-imagenet-50ksteps,1m,eppartial,imagenet,0.12002479285001755,0.12002479285001755,
11200,4,0.00044855959999997176,1,384,0.00671621086075902,0.000879590748809278,,2,geometry-fixedcompute-1m-eppartial-imagenet-50ksteps,1m,eppartial,imagenet,0.11761199682950974,0.11761199682950974,
11300,4,0.000452519599999972,1,384,0.006603351328521967,0.000727836973965168,,2,geometry-fixedcompute-1m-eppartial-imagenet-50ksteps,1m,eppartial,imagenet,0.11823812127113342,0.11823812127113342,
11400,4,0.0004564795999999721,1,384,0.006824593059718609,0.00077680719550699,,2,geometry-fixedcompute-1m-eppartial-imagenet-50ksteps,1m,eppartial,imagenet,0.12173251807689667,0.12173251807689667,
11500,4,0.000460439599999972,1,384,0.007648764178156853,0.0016472216229885817,,2,geometry-fixedcompute-1m-eppartial-imagenet-50ksteps,1m,eppartial,imagenet,0.12167806178331375,0.12167806178331375,
11600,4,0.00046439959999997174,1,384,0.007900398224592209,0.001887370366603136,,2,geometry-fixedcompute-1m-eppartial-imagenet-50ksteps,1m,eppartial,imagenet,0.12214791774749756,0.12214791774749756,
11700,4,0.00046835959999997126,1,384,0.006960319355130196,0.0006160269258543849,,2,geometry-fixedcompute-1m-eppartial-imagenet-50ksteps,1m,eppartial,imagenet,0.12750187516212463,0.12750187516212463,
11800,4,0.0004723195999999719,1,384,0.007138201035559177,0.0011228492949157953,,2,geometry-fixedcompute-1m-eppartial-imagenet-50ksteps,1m,eppartial,imagenet,0.12142989039421082,0.12142989039421082,
11900,4,0.0004762795999999715,1,384,0.007235306315124035,0.00118840835057199,,2,geometry-fixedcompute-1m-eppartial-imagenet-50ksteps,1m,eppartial,imagenet,0.12212636321783066,0.12212636321783066,
12000,4,0.0004802395999999717,1,384,0.0068625593557953835,0.0007714343955740333,,2,geometry-fixedcompute-1m-eppartial-imagenet-50ksteps,1m,eppartial,imagenet,0.12259392440319061,0.12259392440319061,
12100,4,0.00048419959999997125,1,384,0.007361904717981815,0.0012329620076343417,,2,geometry-fixedcompute-1m-eppartial-imagenet-50ksteps,1m,eppartial,imagenet,0.12381181120872498,0.12381181120872498,
12200,4,0.0004881595999999707,1,384,0.007195612881332636,0.0010755355469882488,,2,geometry-fixedcompute-1m-eppartial-imagenet-50ksteps,1m,eppartial,imagenet,0.12347708642482758,0.12347708642482758,
12300,4,0.0004921195999999699,1,384,0.006586805917322636,0.0004932258161716163,,2,geometry-fixedcompute-1m-eppartial-imagenet-50ksteps,1m,eppartial,imagenet,0.1223648190498352,0.1223648190498352,
12400,4,0.0004960795999999694,1,384,0.006821319926530123,0.0007160824607126415,,2,geometry-fixedcompute-1m-eppartial-imagenet-50ksteps,1m,eppartial,imagenet,0.12282082438468933,0.12282082438468933,
12500,4,0.0004999999991235791,1,384,0.007453687023371458,0.0013835649006068707,,2,geometry-fixedcompute-1m-eppartial-imagenet-50ksteps,1m,eppartial,imagenet,0.12278600037097931,0.12278600037097931,
12600,4,0.000499991059684037,1,384,0.007267269771546125,0.0010099115315824747,,2,geometry-fixedcompute-1m-eppartial-imagenet-50ksteps,1m,eppartial,imagenet,0.12615707516670227,0.12615707516670227,
12700,4,0.0004999645925570581,1,384,0.006596921011805534,0.0006310927565209568,,2,geometry-fixedcompute-1m-eppartial-imagenet-50ksteps,1m,eppartial,imagenet,0.1199476569890976,0.1199476569890976,
12800,4,0.0004999205996001967,1,384,0.006842975504696369,0.0007676264503970742,,2,geometry-fixedcompute-1m-eppartial-imagenet-50ksteps,1m,eppartial,imagenet,0.12227460741996765,0.12227460741996765,
12900,4,0.0004998590839010295,1,384,0.007091792766004801,0.0011007854482159019,,2,geometry-fixedcompute-1m-eppartial-imagenet-50ksteps,1m,eppartial,imagenet,0.12092092633247375,0.12092092633247375,
13000,4,0.00049978004977694,1,384,0.006991226226091385,0.001048729638569057,,2,geometry-fixedcompute-1m-eppartial-imagenet-50ksteps,1m,eppartial,imagenet,0.11989866197109222,0.11989866197109222,
13100,5,0.0004996835027748158,1,384,0.006578351370990276,0.000538728607352823,,2,geometry-fixedcompute-1m-eppartial-imagenet-50ksteps,1m,eppartial,imagenet,0.12133118510246277,0.12133118510246277,
13200,5,0.0004995694496706574,1,384,0.006987958215177059,0.0008886613650247455,,2,geometry-fixedcompute-1m-eppartial-imagenet-50ksteps,1m,eppartial,imagenet,0.12287460267543793,0.12287460267543793,
13300,5,0.0004994378984691047,1,384,0.006922768894582987,0.0006728720618411899,,2,geometry-fixedcompute-1m-eppartial-imagenet-50ksteps,1m,eppartial,imagenet,0.12567080557346344,0.12567080557346344,
13400,5,0.0004992888584028738,1,384,0.0070237391628324986,0.0008254155400209129,,2,geometry-fixedcompute-1m-eppartial-imagenet-50ksteps,1m,eppartial,imagenet,0.12479188293218613,0.12479188293218613,
13500,5,0.0004991223399321102,1,384,0.0066365464590489864,0.00047117547364905477,,2,geometry-fixedcompute-1m-eppartial-imagenet-50ksteps,1m,eppartial,imagenet,0.12377858906984329,0.12377858906984329,
13600,5,0.0004989383547436532,1,384,0.0069548082537949085,0.0006950902752578259,,2,geometry-fixedcompute-1m-eppartial-imagenet-50ksteps,1m,eppartial,imagenet,0.12588945031166077,0.12588945031166077,
13700,5,0.0004987369157502165,1,384,0.006662672385573387,0.0005123915616422892,,2,geometry-fixedcompute-1m-eppartial-imagenet-50ksteps,1m,eppartial,imagenet,0.12351800501346588,0.12351800501346588,
13800,5,0.0004985180370894827,1,384,0.007502485532313585,0.00129674281924963,,2,geometry-fixedcompute-1m-eppartial-imagenet-50ksteps,1m,eppartial,imagenet,0.12541159987449646,0.12541159987449646,
13900,5,0.0004982817341231088,1,384,0.008038545958697796,0.0019255327060818672,,2,geometry-fixedcompute-1m-eppartial-imagenet-50ksteps,1m,eppartial,imagenet,0.12418580055236816,0.12418580055236816,
14000,5,0.0004980280234356511,1,384,0.007235369645059109,0.001123111112974584,,2,geometry-fixedcompute-1m-eppartial-imagenet-50ksteps,1m,eppartial,imagenet,0.1233682855963707,0.1233682855963707,
14100,5,0.0004977569228333998,1,384,0.006804687902331352,0.0007015865994617343,,2,geometry-fixedcompute-1m-eppartial-imagenet-50ksteps,1m,eppartial,imagenet,0.12276361882686615,0.12276361882686615,
14200,5,0.0004974684513431281,1,384,0.006932578515261412,0.0008336822502315044,,2,geometry-fixedcompute-1m-eppartial-imagenet-50ksteps,1m,eppartial,imagenet,0.12281160801649094,0.12281160801649094,
14300,5,0.000497162629210758,1,384,0.0071505289524793625,0.0010421429760754108,,2,geometry-fixedcompute-1m-eppartial-imagenet-50ksteps,1m,eppartial,imagenet,0.12320985645055771,0.12320985645055771,
14400,5,0.0004968394778999407,1,384,0.0069139860570430756,0.0009058166178874671,,2,geometry-fixedcompute-1m-eppartial-imagenet-50ksteps,1m,eppartial,imagenet,0.12106920778751373,0.12106920778751373,
14500,5,0.0004964990200905466,1,384,0.006671334151178598,0.0007205544970929623,,2,geometry-fixedcompute-1m-eppartial-imagenet-50ksteps,1m,eppartial,imagenet,0.11973614245653152,0.11973614245653152,
14600,5,0.0004961412796770781,1,384,0.006894969381392002,0.0007714128005318344,,2,geometry-fixedcompute-1m-eppartial-imagenet-50ksteps,1m,eppartial,imagenet,0.12324254959821701,0.12324254959821701,
14700,5,0.0004957662817669899,1,384,0.006846049800515175,0.0008949990151450038,,2,geometry-fixedcompute-1m-eppartial-imagenet-50ksteps,1m,eppartial,imagenet,0.11991601437330246,0.11991601437330246,
14800,5,0.0004953740526789238,1,384,0.006586065515875816,0.0004375457065179944,,2,geometry-fixedcompute-1m-eppartial-imagenet-50ksteps,1m,eppartial,imagenet,0.12340794503688812,0.12340794503688812,
14900,5,0.0004949646199408699,1,384,0.006608876399695873,0.0005665675271302462,,2,geometry-fixedcompute-1m-eppartial-imagenet-50ksteps,1m,eppartial,imagenet,0.1214127391576767,0.1214127391576767,
15000,5,0.0004945380122882255,1,384,0.006457008421421051,0.0004641218692995608,,2,geometry-fixedcompute-1m-eppartial-imagenet-50ksteps,1m,eppartial,imagenet,0.1203218549489975,0.1203218549489975,
15100,5,0.0004940942596617859,1,384,0.006590987555682659,0.00045355362817645073,,2,geometry-fixedcompute-1m-eppartial-imagenet-50ksteps,1m,eppartial,imagenet,0.12320223450660706,0.12320223450660706,
15200,5,0.000493633393205638,1,384,0.0066338288597762585,0.0005044601275585592,,2,geometry-fixedcompute-1m-eppartial-imagenet-50ksteps,1m,eppartial,imagenet,0.12309183180332184,0.12309183180332184,
15300,5,0.000493155445264977,1,384,0.006588601507246494,0.000691278139129281,,2,geometry-fixedcompute-1m-eppartial-imagenet-50ksteps,1m,eppartial,imagenet,0.11863774806261063,0.11863774806261063,
15400,5,0.0004926604493838346,1,384,0.006626727059483528,0.000640080135781318,,2,geometry-fixedcompute-1m-eppartial-imagenet-50ksteps,1m,eppartial,imagenet,0.12037301063537598,0.12037301063537598,
15500,5,0.0004921484403027254,1,384,0.006689253728836775,0.000672809430398047,,2,geometry-fixedcompute-1m-eppartial-imagenet-50ksteps,1m,eppartial,imagenet,0.12100169062614441,0.12100169062614441,
15600,5,0.0004916194539562103,1,384,0.006721144076436758,0.0006326263537630439,,2,geometry-fixedcompute-1m-eppartial-imagenet-50ksteps,1m,eppartial,imagenet,0.12240298092365265,0.12240298092365265,
15700,6,0.0004910735274703725,1,384,0.0064881183207035065,0.00039458187529817224,,2,geometry-fixedcompute-1m-eppartial-imagenet-50ksteps,1m,eppartial,imagenet,0.12226530909538269,0.12226530909538269,
15800,6,0.0004905106991602119,1,384,0.0071136560291051865,0.00095316709484905,,2,geometry-fixedcompute-1m-eppartial-imagenet-50ksteps,1m,eppartial,imagenet,0.1241629496216774,0.1241629496216774,
15900,6,0.0004899310085269574,1,384,0.006640929728746414,0.000558519153855741,,2,geometry-fixedcompute-1m-eppartial-imagenet-50ksteps,1m,eppartial,imagenet,0.12220673263072968,0.12220673263072968,
16000,6,0.0004893344962552931,1,384,0.006558661814779043,0.0006854065577499568,,2,geometry-fixedcompute-1m-eppartial-imagenet-50ksteps,1m,eppartial,imagenet,0.11815051734447479,0.11815051734447479,
16100,6,0.0004887212042105043,1,384,0.00692208344116807,0.0008390189032070339,,2,geometry-fixedcompute-1m-eppartial-imagenet-50ksteps,1m,eppartial,imagenet,0.12250030785799026,0.12250030785799026,
16200,6,0.0004880911754355366,1,384,0.00678553432226181,0.0007587514701299369,,2,geometry-fixedcompute-1m-eppartial-imagenet-50ksteps,1m,eppartial,imagenet,0.12129440903663635,0.12129440903663635,
16300,6,0.00048744445414798296,1,384,0.007159823086112738,0.0009641302167437971,,2,geometry-fixedcompute-1m-eppartial-imagenet-50ksteps,1m,eppartial,imagenet,0.12487798929214478,0.12487798929214478,
16400,6,0.0004867810857369673,1,384,0.007260438986122608,0.0012462991289794445,,2,geometry-fixedcompute-1m-eppartial-imagenet-50ksteps,1m,eppartial,imagenet,0.12152908742427826,0.12152908742427826,
16500,6,0.0004861011167599691,1,384,0.006230078171938658,0.00031827425118535757,,2,geometry-fixedcompute-1m-eppartial-imagenet-50ksteps,1m,eppartial,imagenet,0.11855435371398926,0.11855435371398926,
16600,6,0.00048540459493955193,1,384,0.006857654079794884,0.0009717136854305863,,2,geometry-fixedcompute-1m-eppartial-imagenet-50ksteps,1m,eppartial,imagenet,0.11869052052497864,0.11869052052497864,
16700,6,0.0004846915691600154,1,384,0.00721729127690196,0.0011866819113492966,,2,geometry-fixedcompute-1m-eppartial-imagenet-50ksteps,1m,eppartial,imagenet,0.12179886549711227,0.12179886549711227,
16800,6,0.0004839620894639634,1,384,0.007017587311565876,0.0011378445196896791,,2,geometry-fixedcompute-1m-eppartial-imagenet-50ksteps,1m,eppartial,imagenet,0.11873270571231842,0.11873270571231842,
16900,6,0.0004832162070487937,1,384,0.0067569054663181305,0.0007238155230879784,,2,geometry-fixedcompute-1m-eppartial-imagenet-50ksteps,1m,eppartial,imagenet,0.1213856115937233,0.1213856115937233,
17000,6,0.00048245397426310144,1,384,0.007146249059587717,0.000987448962405324,,2,geometry-fixedcompute-1m-eppartial-imagenet-50ksteps,1m,eppartial,imagenet,0.12416344881057739,0.12416344881057739,
17100,6,0.00048167544460300815,1,384,0.006984716281294823,0.0009462080779485404,,2,geometry-fixedcompute-1m-eppartial-imagenet-50ksteps,1m,eppartial,imagenet,0.12171637266874313,0.12171637266874313,
17200,6,0.000480880672708406,1,384,0.007655112072825432,0.0016694895457476377,,2,geometry-fixedcompute-1m-eppartial-imagenet-50ksteps,1m,eppartial,imagenet,0.12138194590806961,0.12138194590806961,
17300,6,0.0004800697143591227,1,384,0.0075843133963644505,0.0015933094546198845,,2,geometry-fixedcompute-1m-eppartial-imagenet-50ksteps,1m,eppartial,imagenet,0.12141338735818863,0.12141338735818863,
17400,6,0.00047924262647100767,1,384,0.0068611521273851395,0.0009290403686463833,,2,geometry-fixedcompute-1m-eppartial-imagenet-50ksteps,1m,eppartial,imagenet,0.1195712760090828,0.1195712760090828,
17500,6,0.00047839946709193616,1,384,0.0064029935747385025,0.0005230169044807553,,2,geometry-fixedcompute-1m-eppartial-imagenet-50ksteps,1m,eppartial,imagenet,0.11812254786491394,0.11812254786491394,
17600,6,0.00047754029539773707,1,384,0.006647998467087746,0.0006374332006089389,,2,geometry-fixedcompute-1m-eppartial-imagenet-50ksteps,1m,eppartial,imagenet,0.12084874510765076,0.12084874510765076,
17700,6,0.00047666517168803757,1,384,0.006475443951785564,0.0005927031161263585,,2,geometry-fixedcompute-1m-eppartial-imagenet-50ksteps,1m,eppartial,imagenet,0.11824751645326614,0.11824751645326614,
17800,6,0.0004757741573820327,1,384,0.007005244493484497,0.0009995115688070655,,2,geometry-fixedcompute-1m-eppartial-imagenet-50ksteps,1m,eppartial,imagenet,0.12111417204141617,0.12111417204141617,
17900,6,0.00047486731501417427,1,384,0.006871914491057396,0.0010588436853140593,,2,geometry-fixedcompute-1m-eppartial-imagenet-50ksteps,1m,eppartial,imagenet,0.11732025444507599,0.11732025444507599,
18000,6,0.00047394470822978196,1,384,0.00714205764234066,0.001249918481335044,,2,geometry-fixedcompute-1m-eppartial-imagenet-50ksteps,1m,eppartial,imagenet,0.11909270286560059,0.11909270286560059,
18100,6,0.00047300640178057646,1,384,0.006568522192537785,0.0006261909729801118,,2,geometry-fixedcompute-1m-eppartial-imagenet-50ksteps,1m,eppartial,imagenet,0.11947281658649445,0.11947281658649445,
18200,6,0.0004720524615201351,1,384,0.00720240268856287,0.0012495496775954962,,2,geometry-fixedcompute-1m-eppartial-imagenet-50ksteps,1m,eppartial,imagenet,0.12030661106109619,0.12030661106109619,
18300,7,0.0004710829543992701,1,384,0.006520628929138184,0.0005845647538080812,,2,geometry-fixedcompute-1m-eppartial-imagenet-50ksteps,1m,eppartial,imagenet,0.11930584907531738,0.11930584907531738,
18400,7,0.0004700979484613289,1,384,0.006963121704757214,0.0010030379053205252,,2,geometry-fixedcompute-1m-eppartial-imagenet-50ksteps,1m,eppartial,imagenet,0.12020471692085266,0.12020471692085266,
18500,7,0.0004690975128374195,1,384,0.00684347003698349,0.0009639580966904759,,2,geometry-fixedcompute-1m-eppartial-imagenet-50ksteps,1m,eppartial,imagenet,0.11855419725179672,0.11855419725179672,
18600,7,0.00046808171774155875,1,384,0.006872906349599361,0.0010599893284961581,,2,geometry-fixedcompute-1m-eppartial-imagenet-50ksteps,1m,eppartial,imagenet,0.11731833219528198,0.11731833219528198,
18700,7,0.0004670506344657437,1,384,0.006550622172653675,0.0005453611956909299,,2,geometry-fixedcompute-1m-eppartial-imagenet-50ksteps,1m,eppartial,imagenet,0.12065057456493378,0.12065057456493378,
18800,7,0.0004660043353749491,1,384,0.007201998960226774,0.001225828193128109,,2,geometry-fixedcompute-1m-eppartial-imagenet-50ksteps,1m,eppartial,imagenet,0.12074923515319824,0.12074923515319824,
18900,7,0.00046494289390204747,1,384,0.006580627989023924,0.0007585934363305569,,2,geometry-fixedcompute-1m-eppartial-imagenet-50ksteps,1m,eppartial,imagenet,0.11719927936792374,0.11719927936792374,
19000,7,0.0004638663845426557,1,384,0.006547263823449612,0.0005376774352043867,,2,geometry-fixedcompute-1m-eppartial-imagenet-50ksteps,1m,eppartial,imagenet,0.12072940170764923,0.12072940170764923,
19100,7,0.0004627748828499074,1,384,0.0067751444876194,0.0007848800159990788,,2,geometry-fixedcompute-1m-eppartial-imagenet-50ksteps,1m,eppartial,imagenet,0.12059016525745392,0.12059016525745392,
19200,7,0.000461668465429149,1,384,0.0066421376541256905,0.000652932096272707,,2,geometry-fixedcompute-1m-eppartial-imagenet-50ksteps,1m,eppartial,imagenet,0.12043704092502594,0.12043704092502594,
19300,7,0.0004605472099325649,1,384,0.007205118890851736,0.0012692171148955822,,2,geometry-fixedcompute-1m-eppartial-imagenet-50ksteps,1m,eppartial,imagenet,0.11998724937438965,0.11998724937438965,
19400,7,0.00045941119505372654,1,384,0.007329406216740608,0.0013233707286417484,,2,geometry-fixedcompute-1m-eppartial-imagenet-50ksteps,1m,eppartial,imagenet,0.12144407629966736,0.12144407629966736,
19500,7,0.0004582605005220694,1,384,0.006874649319797754,0.0007737125270068645,,2,geometry-fixedcompute-1m-eppartial-imagenet-50ksteps,1m,eppartial,imagenet,0.12279245257377625,0.12279245257377625,
19600,7,0.0004570952070972972,1,384,0.006311674136668444,0.0005959800910204649,,2,geometry-fixedcompute-1m-eppartial-imagenet-50ksteps,1m,eppartial,imagenet,0.11490985751152039,0.11490985751152039,
19700,7,0.0004559153965637145,1,384,0.006317416671663523,0.00047713282401673496,,2,geometry-fixedcompute-1m-eppartial-imagenet-50ksteps,1m,eppartial,imagenet,0.11728280782699585,0.11728280782699585,
19800,7,0.0004547211517244872,1,384,0.006642202381044626,0.0007374064298346639,,2,geometry-fixedcompute-1m-eppartial-imagenet-50ksteps,1m,eppartial,imagenet,0.11883331835269928,0.11883331835269928,
19900,7,0.00045351255639583006,1,384,0.006429777946323156,0.0006430695066228509,,2,geometry-fixedcompute-1m-eppartial-imagenet-50ksteps,1m,eppartial,imagenet,0.11637723445892334,0.11637723445892334,
20000,7,0.0004522896954011244,1,384,0.006153981201350689,0.0004249298945069313,,2,geometry-fixedcompute-1m-eppartial-imagenet-50ksteps,1m,eppartial,imagenet,0.11500594764947891,0.11500594764947891,
20100,7,0.0004510526545649648,1,384,0.006596832536160946,0.000916895573027432,,2,geometry-fixedcompute-1m-eppartial-imagenet-50ksteps,1m,eppartial,imagenet,0.11451563239097595,0.11451563239097595,
20200,7,0.00044980152070713615,1,384,0.0063802027143538,0.0006303347181528807,,2,geometry-fixedcompute-1m-eppartial-imagenet-50ksteps,1m,eppartial,imagenet,0.11562769114971161,0.11562769114971161,
20300,7,0.0004485363816365206,1,384,0.008169010281562805,0.002342717722058296,,2,geometry-fixedcompute-1m-eppartial-imagenet-50ksteps,1m,eppartial,imagenet,0.11886857450008392,0.11886857450008392,
20400,7,0.0004472573261449342,1,384,0.006547866389155388,0.0008258875459432602,,2,geometry-fixedcompute-1m-eppartial-imagenet-50ksteps,1m,eppartial,imagenet,0.11526545882225037,0.11526545882225037,
20500,7,0.00044596444400089554,1,384,0.006820882670581341,0.0011928454041481018,,2,geometry-fixedcompute-1m-eppartial-imagenet-50ksteps,1m,eppartial,imagenet,0.11375358700752258,0.11375358700752258,
20600,7,0.0004446578259433245,1,384,0.006252629216760397,0.00048229965614154935,,2,geometry-fixedcompute-1m-eppartial-imagenet-50ksteps,1m,eppartial,imagenet,0.11588889360427856,0.11588889360427856,
20700,7,0.0004433375636751747,1,384,0.0067555042915046215,0.0009229725110344589,,2,geometry-fixedcompute-1m-eppartial-imagenet-50ksteps,1m,eppartial,imagenet,0.11757360398769379,0.11757360398769379,
20800,7,0.0004420037498569983,1,384,0.006753143854439259,0.0009750923491083086,,2,geometry-fixedcompute-1m-eppartial-imagenet-50ksteps,1m,eppartial,imagenet,0.11653612554073334,0.11653612554073334,
20900,8,0.0004406564781004411,1,384,0.007156563922762871,0.0013639837270602584,,2,geometry-fixedcompute-1m-eppartial-imagenet-50ksteps,1m,eppartial,imagenet,0.1172155886888504,0.1172155886888504,
21000,8,0.000439295842961674,1,384,0.006819206289947033,0.0010792476823553443,,2,geometry-fixedcompute-1m-eppartial-imagenet-50ksteps,1m,eppartial,imagenet,0.11587841808795929,0.11587841808795929,
21100,8,0.00043792193993475587,1,384,0.006921581923961639,0.0012264176039025187,,2,geometry-fixedcompute-1m-eppartial-imagenet-50ksteps,1m,eppartial,imagenet,0.11512970179319382,0.11512970179319382,
21200,8,0.0004365348654449318,1,384,0.0069022467359900475,0.0011634689290076494,,2,geometry-fixedcompute-1m-eppartial-imagenet-50ksteps,1m,eppartial,imagenet,0.11593902111053467,0.11593902111053467,
21300,8,0.0004351347168418642,1,384,0.006699944846332073,0.0011143750743940473,,2,geometry-fixedcompute-1m-eppartial-imagenet-50ksteps,1m,eppartial,imagenet,0.11282576620578766,0.11282576620578766,
21400,8,0.000433721592392804,1,384,0.006536891683936119,0.0010687806643545628,,2,geometry-fixedcompute-1m-eppartial-imagenet-50ksteps,1m,eppartial,imagenet,0.1104310005903244,0.1104310005903244,
21500,8,0.00043229559127568956,1,384,0.00628552446141839,0.0007101914379745722,,2,geometry-fixedcompute-1m-eppartial-imagenet-50ksteps,1m,eppartial,imagenet,0.11221685260534286,0.11221685260534286,
21600,8,0.0004308568135721894,1,384,0.006321743130683899,0.0007071852451190352,,2,geometry-fixedcompute-1m-eppartial-imagenet-50ksteps,1m,eppartial,imagenet,0.1129983440041542,0.1129983440041542,
21700,8,0.0004294053602606763,1,384,0.007050391752272844,0.001499817706644535,,2,geometry-fixedcompute-1m-eppartial-imagenet-50ksteps,1m,eppartial,imagenet,0.1125112995505333,0.1125112995505333,
21800,8,0.0004279413332091415,1,384,0.006293655838817358,0.0005066566518507898,,2,geometry-fixedcompute-1m-eppartial-imagenet-50ksteps,1m,eppartial,imagenet,0.11624664068222046,0.11624664068222046,
21900,8,0.000426464835168044,1,384,0.006726901046931744,0.0009419800480827689,,2,geometry-fixedcompute-1m-eppartial-imagenet-50ksteps,1m,eppartial,imagenet,0.11664040386676788,0.11664040386676788,
22000,8,0.0004249759697630992,1,384,0.006575589068233967,0.0008309662225656211,,2,geometry-fixedcompute-1m-eppartial-imagenet-50ksteps,1m,eppartial,imagenet,0.11572342365980148,0.11572342365980148,
22100,8,0.0004234748414880087,1,384,0.005899157375097275,0.0002791064034681767,,2,geometry-fixedcompute-1m-eppartial-imagenet-50ksteps,1m,eppartial,imagenet,0.11268012225627899,0.11268012225627899,
22200,8,0.0004219615556971227,1,384,0.006210951134562492,0.0005616622511297464,,2,geometry-fixedcompute-1m-eppartial-imagenet-50ksteps,1m,eppartial,imagenet,0.1135474294424057,0.1135474294424057,
22300,8,0.0004204362185980483,1,384,0.007061497308313847,0.0012753568589687347,,2,geometry-fixedcompute-1m-eppartial-imagenet-50ksteps,1m,eppartial,imagenet,0.11699816584587097,0.11699816584587097,
22400,8,0.00041889893724419514,1,384,0.007169030606746674,0.0014850636944174767,,2,geometry-fixedcompute-1m-eppartial-imagenet-50ksteps,1m,eppartial,imagenet,0.1151643916964531,0.1151643916964531,
22500,8,0.00041734981952726145,1,384,0.006265534553676844,0.00046792798093520105,,2,geometry-fixedcompute-1m-eppartial-imagenet-50ksteps,1m,eppartial,imagenet,0.11642006039619446,0.11642006039619446,
22600,8,0.0004157889741696617,1,384,0.00629371777176857,0.0006933164549991488,,2,geometry-fixedcompute-1m-eppartial-imagenet-50ksteps,1m,eppartial,imagenet,0.11270134896039963,0.11270134896039963,
22700,8,0.00041421651071689767,1,384,0.006732586305588484,0.0009364765137434006,,2,geometry-fixedcompute-1m-eppartial-imagenet-50ksteps,1m,eppartial,imagenet,0.11685866862535477,0.11685866862535477,
22800,8,0.00041263253952986877,1,384,0.006047617178410292,0.0005771679570898414,,2,geometry-fixedcompute-1m-eppartial-imagenet-50ksteps,1m,eppartial,imagenet,0.10998614877462387,0.10998614877462387,
22900,8,0.00041103717177712627,1,384,0.0064702220261096954,0.0008086292073130608,,2,geometry-fixedcompute-1m-eppartial-imagenet-50ksteps,1m,eppartial,imagenet,0.11404048651456833,0.11404048651456833,
23000,8,0.00040943051942707206,1,384,0.006399468053132296,0.000608060450758785,,2,geometry-fixedcompute-1m-eppartial-imagenet-50ksteps,1m,eppartial,imagenet,0.11643620580434799,0.11643620580434799,
23100,8,0.0004078126952400997,1,384,0.006525150500237942,0.0009155750158242881,,2,geometry-fixedcompute-1m-eppartial-imagenet-50ksteps,1m,eppartial,imagenet,0.11310708522796631,0.11310708522796631,
23200,8,0.0004061838127606807,1,384,0.006407736334949732,0.0007343519246205688,,2,geometry-fixedcompute-1m-eppartial-imagenet-50ksteps,1m,eppartial,imagenet,0.11420204490423203,0.11420204490423203,
23300,8,0.0004045439863093963,1,384,0.006941580213606358,0.00121246837079525,,2,geometry-fixedcompute-1m-eppartial-imagenet-50ksteps,1m,eppartial,imagenet,0.11579470336437225,0.11579470336437225,
23400,8,0.0004028933309749125,1,384,0.00672186678275466,0.0008460736717097461,,2,geometry-fixedcompute-1m-eppartial-imagenet-50ksteps,1m,eppartial,imagenet,0.1183619350194931,0.1183619350194931,
23500,9,0.0004012319626059038,1,384,0.007390275597572327,0.0018063669558614492,,2,geometry-fixedcompute-1m-eppartial-imagenet-50ksteps,1m,eppartial,imagenet,0.11348453909158707,0.11348453909158707,
23600,9,0.00039955999780292277,1,384,0.006460107862949371,0.0008051492040976882,,2,geometry-fixedcompute-1m-eppartial-imagenet-50ksteps,1m,eppartial,imagenet,0.11390431225299835,0.11390431225299835,
23700,9,0.0003978775539102158,1,384,0.0062796552665531635,0.0007938574999570847,,2,geometry-fixedcompute-1m-eppartial-imagenet-50ksteps,1m,eppartial,imagenet,0.11050981283187866,0.11050981283187866,
23800,9,0.00039618474900748776,1,384,0.006685541942715645,0.0011441962560638785,,2,geometry-fixedcompute-1m-eppartial-imagenet-50ksteps,1m,eppartial,imagenet,0.11197111010551453,0.11197111010551453,
23900,9,0.0003944817019016155,1,384,0.0069054667837917805,0.0012838953407481313,,2,geometry-fixedcompute-1m-eppartial-imagenet-50ksteps,1m,eppartial,imagenet,0.11371532082557678,0.11371532082557678,
24000,9,0.0003927685321183087,1,384,0.0064668720588088036,0.0007209453033283353,,2,geometry-fixedcompute-1m-eppartial-imagenet-50ksteps,1m,eppartial,imagenet,0.11563947796821594,0.11563947796821594,
24100,9,0.0003910453598937212,1,384,0.0061536505818367004,0.00031596081680618227,,2,geometry-fixedcompute-1m-eppartial-imagenet-50ksteps,1m,eppartial,imagenet,0.11706975102424622,0.11706975102424622,
24200,9,0.00038931230616601225,1,384,0.006593300960958004,0.0010390442330390215,,2,geometry-fixedcompute-1m-eppartial-imagenet-50ksteps,1m,eppartial,imagenet,0.11212417483329773,0.11212417483329773,
24300,9,0.0003875694925668595,1,384,0.006892373785376549,0.00118554150685668,,2,geometry-fixedcompute-1m-eppartial-imagenet-50ksteps,1m,eppartial,imagenet,0.11532218009233475,0.11532218009233475,
24400,9,0.00038581704141292186,1,384,0.006937628146260977,0.0014135490637272596,,2,geometry-fixedcompute-1m-eppartial-imagenet-50ksteps,1m,eppartial,imagenet,0.1118951290845871,0.1118951290845871,
24500,9,0.00038405507569725566,1,384,0.005998837761580944,0.00020282073819544166,,2,geometry-fixedcompute-1m-eppartial-imagenet-50ksteps,1m,eppartial,imagenet,0.11612316220998764,0.11612316220998764,
24600,9,0.0003822837190806807,1,384,0.0060887932777404785,0.0005602771416306496,,2,geometry-fixedcompute-1m-eppartial-imagenet-50ksteps,1m,eppartial,imagenet,0.11113059520721436,0.11113059520721436,
24700,9,0.00038050309588310373,1,384,0.006186850368976593,0.0006282469257712364,,2,geometry-fixedcompute-1m-eppartial-imagenet-50ksteps,1m,eppartial,imagenet,0.11180031299591064,0.11180031299591064,
24800,9,0.0003787133310747911,1,384,0.006333609111607075,0.0007379066082648933,,2,geometry-fixedcompute-1m-eppartial-imagenet-50ksteps,1m,eppartial,imagenet,0.11265195906162262,0.11265195906162262,
24900,9,0.00037691455026759966,1,384,0.006942907813936472,0.0014162540901452303,,2,geometry-fixedcompute-1m-eppartial-imagenet-50ksteps,1m,eppartial,imagenet,0.11194933205842972,0.11194933205842972,
25000,9,0.0003751068797061594,1,384,0.005886964034289122,0.0004725246108137071,,2,geometry-fixedcompute-1m-eppartial-imagenet-50ksteps,1m,eppartial,imagenet,0.10876131057739258,0.10876131057739258,
25100,9,0.0003732904462590138,1,384,0.0074193826876580715,0.0017468975856900215,,2,geometry-fixedcompute-1m-eppartial-imagenet-50ksteps,1m,eppartial,imagenet,0.1151966005563736,0.1151966005563736,
25200,9,0.0003714653774097174,1,384,0.006044675130397081,0.0003846917534247041,,2,geometry-fixedcompute-1m-eppartial-imagenet-50ksteps,1m,eppartial,imagenet,0.11358436197042465,0.11358436197042465,
25300,9,0.0003696318012478849,1,384,0.0063483393751084805,0.0006527876248583198,,2,geometry-fixedcompute-1m-eppartial-imagenet-50ksteps,1m,eppartial,imagenet,0.11456382274627686,0.11456382274627686,
25400,9,0.00036778984646020454,1,384,0.00638183206319809,0.0008044493151828647,,2,geometry-fixedcompute-1m-eppartial-imagenet-50ksteps,1m,eppartial,imagenet,0.11235210299491882,0.11235210299491882,
25500,9,0.00036593964232140567,1,384,0.00605938583612442,0.000512327766045928,,2,geometry-fixedcompute-1m-eppartial-imagenet-50ksteps,1m,eppartial,imagenet,0.11145348846912384,0.11145348846912384,
25600,9,0.0003640813186851842,1,384,0.0058313701301813126,0.0003338289097882807,,2,geometry-fixedcompute-1m-eppartial-imagenet-50ksteps,1m,eppartial,imagenet,0.11028465628623962,0.11028465628623962,
25700,9,0.0003622150059750918,1,384,0.006069363094866276,0.0004935036413371563,,2,geometry-fixedcompute-1m-eppartial-imagenet-50ksteps,1m,eppartial,imagenet,0.11201069504022598,0.11201069504022598,
25800,9,0.0003603408351753808,1,384,0.006486211437731981,0.0008531492203474045,,2,geometry-fixedcompute-1m-eppartial-imagenet-50ksteps,1m,eppartial,imagenet,0.11351439356803894,0.11351439356803894,
25900,9,0.00035845893782181037,1,384,0.006684407591819763,0.0009445301257073879,,2,geometry-fixedcompute-1m-eppartial-imagenet-50ksteps,1m,eppartial,imagenet,0.11574207991361618,0.11574207991361618,
26000,9,0.0003565694459924158,1,384,0.00627522449940443,0.0006653864402323961,,2,geometry-fixedcompute-1m-eppartial-imagenet-50ksteps,1m,eppartial,imagenet,0.11286214739084244,0.11286214739084244,
26100,10,0.00035467249229823944,1,384,0.0063034361228346825,0.0007936037145555019,,2,geometry-fixedcompute-1m-eppartial-imagenet-50ksteps,1m,eppartial,imagenet,0.1109902560710907,0.1109902560710907,
26200,10,0.00035276820987402294,1,384,0.005648897960782051,0.00024487776681780815,,2,geometry-fixedcompute-1m-eppartial-imagenet-50ksteps,1m,eppartial,imagenet,0.1083252876996994,0.1083252876996994,
26300,10,0.00035085673236886345,1,384,0.0070494175888597965,0.0014922072878107429,,2,geometry-fixedcompute-1m-eppartial-imagenet-50ksteps,1m,eppartial,imagenet,0.11263641715049744,0.11263641715049744,
26400,10,0.00034893819393683314,1,384,0.006102039944380522,0.0006886218907311559,,2,geometry-fixedcompute-1m-eppartial-imagenet-50ksteps,1m,eppartial,imagenet,0.10895697772502899,0.10895697772502899,
26500,10,0.0003470127292275656,1,384,0.006515453569591045,0.0010370342060923576,,2,geometry-fixedcompute-1m-eppartial-imagenet-50ksteps,1m,eppartial,imagenet,0.11060541868209839,0.11060541868209839,
26600,10,0.00034508047337680276,1,384,0.006484762765467167,0.0010415257420390844,,2,geometry-fixedcompute-1m-eppartial-imagenet-50ksteps,1m,eppartial,imagenet,0.10990625619888306,0.10990625619888306,
26700,10,0.00034314156199691313,1,384,0.006421636790037155,0.0009126988588832319,,2,geometry-fixedcompute-1m-eppartial-imagenet-50ksteps,1m,eppartial,imagenet,0.11109146475791931,0.11109146475791931,
26800,10,0.00034119613116737334,1,384,0.007104136049747467,0.001666495343670249,,2,geometry-fixedcompute-1m-eppartial-imagenet-50ksteps,1m,eppartial,imagenet,0.11041931062936783,0.11041931062936783,
26900,10,0.0003392443174252175,1,384,0.006606307812035084,0.0009489688090980053,,2,geometry-fixedcompute-1m-eppartial-imagenet-50ksteps,1m,eppartial,imagenet,0.11409574747085571,0.11409574747085571,
27000,10,0.00033728625775545344,1,384,0.005983680486679077,0.00036023580469191074,,2,geometry-fixedcompute-1m-eppartial-imagenet-50ksteps,1m,eppartial,imagenet,0.11282913386821747,0.11282913386821747,
27100,10,0.0003353220895814506,1,384,0.006093546282500029,0.0006783122080378234,,2,geometry-fixedcompute-1m-eppartial-imagenet-50ksteps,1m,eppartial,imagenet,0.10898299515247345,0.10898299515247345,
27200,10,0.00033335195075529466,1,384,0.006310905329883099,0.000626552093308419,,2,geometry-fixedcompute-1m-eppartial-imagenet-50ksteps,1m,eppartial,imagenet,0.11431361734867096,0.11431361734867096,
27300,10,0.0003313759795481116,1,384,0.007317083887755871,0.001819628058001399,,2,geometry-fixedcompute-1m-eppartial-imagenet-50ksteps,1m,eppartial,imagenet,0.11176873743534088,0.11176873743534088,
27400,10,0.00032939431464036395,1,384,0.0064336201176047325,0.0010401580948382616,,2,geometry-fixedcompute-1m-eppartial-imagenet-50ksteps,1m,eppartial,imagenet,0.10890939831733704,0.10890939831733704,
27500,10,0.00032740709511211826,1,384,0.006900596432387829,0.0012871010694652796,,2,geometry-fixedcompute-1m-eppartial-imagenet-50ksteps,1m,eppartial,imagenet,0.11355701088905334,0.11355701088905334,
27600,10,0.00032541446043328243,1,384,0.006201182957738638,0.0006789634935557842,,2,geometry-fixedcompute-1m-eppartial-imagenet-50ksteps,1m,eppartial,imagenet,0.11112334579229355,0.11112334579229355,
27700,10,0.0003234165504538194,1,384,0.005769289098680019,0.0002603953762445599,,2,geometry-fixedcompute-1m-eppartial-imagenet-50ksteps,1m,eppartial,imagenet,0.1104382649064064,0.1104382649064064,
27800,10,0.0003214135053939299,1,384,0.00567906629294157,0.00025625649141147733,,2,geometry-fixedcompute-1m-eppartial-imagenet-50ksteps,1m,eppartial,imagenet,0.10871245712041855,0.10871245712041855,
27900,10,0.0003194054658342132,1,384,0.005663861054927111,0.00033418225939385593,,2,geometry-fixedcompute-1m-eppartial-imagenet-50ksteps,1m,eppartial,imagenet,0.10692775994539261,0.10692775994539261,
28000,10,0.0003173925727057994,1,384,0.006742146797478199,0.0013960199430584908,,2,geometry-fixedcompute-1m-eppartial-imagenet-50ksteps,1m,eppartial,imagenet,0.10831855237483978,0.10831855237483978,
28100,10,0.00031537496728045874,1,384,0.006207825616002083,0.00048438235535286367,,2,geometry-fixedcompute-1m-eppartial-imagenet-50ksteps,1m,eppartial,imagenet,0.11495324224233627,0.11495324224233627,
28200,10,0.00031335279116068664,1,384,0.006516516674309969,0.0012601162306964397,,2,geometry-fixedcompute-1m-eppartial-imagenet-50ksteps,1m,eppartial,imagenet,0.10638812184333801,0.10638812184333801,
28300,10,0.0003113261862697656,1,384,0.0070696561597287655,0.001341288909316063,,2,geometry-fixedcompute-1m-eppartial-imagenet-50ksteps,1m,eppartial,imagenet,0.11590863764286041,0.11590863764286041,
28400,10,0.00030929529484180425,1,384,0.005853124428540468,0.000606837566010654,,2,geometry-fixedcompute-1m-eppartial-imagenet-50ksteps,1m,eppartial,imagenet,0.10553257167339325,0.10553257167339325,
28500,10,0.00030726025941175587,1,384,0.006195633206516504,0.0008000872912816703,,2,geometry-fixedcompute-1m-eppartial-imagenet-50ksteps,1m,eppartial,imagenet,0.10871100425720215,0.10871100425720215,
28600,10,0.0003052212228054132,1,384,0.006019047927111387,0.0006049058283679187,,2,geometry-fixedcompute-1m-eppartial-imagenet-50ksteps,1m,eppartial,imagenet,0.10888774693012238,0.10888774693012238,
28700,11,0.00030317832812938594,1,384,0.006184504367411137,0.0006808342295698822,,2,geometry-fixedcompute-1m-eppartial-imagenet-50ksteps,1m,eppartial,imagenet,0.11075423657894135,0.11075423657894135,
28800,11,0.00030113171876105653,1,384,0.00582546554505825,0.00030284380773082376,,2,geometry-fixedcompute-1m-eppartial-imagenet-50ksteps,1m,eppartial,imagenet,0.11075527966022491,0.11075527966022491,
28900,11,0.0002990815383385165,1,384,0.0063072615303099155,0.0007322073797695339,,2,geometry-fixedcompute-1m-eppartial-imagenet-50ksteps,1m,eppartial,imagenet,0.11223328858613968,0.11223328858613968,
29000,11,0.0002970279307504874,1,384,0.006564533803611994,0.0012723394902423024,,2,geometry-fixedcompute-1m-eppartial-imagenet-50ksteps,1m,eppartial,imagenet,0.1071162223815918,0.1071162223815918,
29100,11,0.0002949710401262197,1,384,0.006240497343242168,0.0008416972123086452,,2,geometry-fixedcompute-1m-eppartial-imagenet-50ksteps,1m,eppartial,imagenet,0.1088177040219307,0.1088177040219307,
29200,11,0.0002929110108253798,1,384,0.005615456961095333,0.0003617486800067127,,2,geometry-fixedcompute-1m-eppartial-imagenet-50ksteps,1m,eppartial,imagenet,0.10543590784072876,0.10543590784072876,
29300,11,0.0002908479874279166,1,384,0.006120992358773947,0.0007528625428676605,,2,geometry-fixedcompute-1m-eppartial-imagenet-50ksteps,1m,eppartial,imagenet,0.10811545699834824,0.10811545699834824,
29400,11,0.0002887821147239155,1,384,0.005914622452110052,0.00043507362715899944,,2,geometry-fixedcompute-1m-eppartial-imagenet-50ksteps,1m,eppartial,imagenet,0.1100260466337204,0.1100260466337204,
29500,11,0.0002867135377034353,1,384,0.0061486028134822845,0.0005255716387182474,,2,geometry-fixedcompute-1m-eppartial-imagenet-50ksteps,1m,eppartial,imagenet,0.11298619210720062,0.11298619210720062,
29600,11,0.0002846424015463339,1,384,0.006184238474816084,0.0008298888569697738,,2,geometry-fixedcompute-1m-eppartial-imagenet-50ksteps,1m,eppartial,imagenet,0.10791688412427902,0.10791688412427902,
29700,11,0.00028256885161207727,1,384,0.006181617267429829,0.000473115302156657,,2,geometry-fixedcompute-1m-eppartial-imagenet-50ksteps,1m,eppartial,imagenet,0.1146431490778923,0.1146431490778923,
29800,11,0.00028049303342953994,1,384,0.0067843059077858925,0.0013541424414142966,,2,geometry-fixedcompute-1m-eppartial-imagenet-50ksteps,1m,eppartial,imagenet,0.10995740443468094,0.10995740443468094,
29900,11,0.0002784150926867882,1,384,0.0058851949870586395,0.000667586806230247,,2,geometry-fixedcompute-1m-eppartial-imagenet-50ksteps,1m,eppartial,imagenet,0.10501974821090698,0.10501974821090698,
30000,11,0.00027633517522085795,1,384,0.005978683941066265,0.0006351107731461525,,2,geometry-fixedcompute-1m-eppartial-imagenet-50ksteps,1m,eppartial,imagenet,0.10750656574964523,0.10750656574964523,
30100,11,0.00027425342700751877,1,384,0.005881079472601414,0.0005302546778693795,,2,geometry-fixedcompute-1m-eppartial-imagenet-50ksteps,1m,eppartial,imagenet,0.10754674673080444,0.10754674673080444,
30200,11,0.0002721699941510273,1,384,0.005834890063852072,0.0004257808905094862,,2,geometry-fixedcompute-1m-eppartial-imagenet-50ksteps,1m,eppartial,imagenet,0.1086079552769661,0.1086079552769661,
30300,11,0.00027008502287387476,1,384,0.006398684810847044,0.0007440272020176053,,2,geometry-fixedcompute-1m-eppartial-imagenet-50ksteps,1m,eppartial,imagenet,0.11383717507123947,0.11383717507123947,
30400,11,0.00026799865950652446,1,384,0.00582927605137229,0.0006633219309151173,,2,geometry-fixedcompute-1m-eppartial-imagenet-50ksteps,1m,eppartial,imagenet,0.10398240387439728,0.10398240387439728,
30500,11,0.00026591105047714045,1,384,0.005969911348074675,0.0005514443037100136,,2,geometry-fixedcompute-1m-eppartial-imagenet-50ksteps,1m,eppartial,imagenet,0.10892078280448914,0.10892078280448914,
30600,11,0.0002638223423013126,1,384,0.006333140190690756,0.001110906945541501,,2,geometry-fixedcompute-1m-eppartial-imagenet-50ksteps,1m,eppartial,imagenet,0.10555556416511536,0.10555556416511536,
30700,11,0.0002617326815717717,1,384,0.006332834251224995,0.00077309540938586,,2,geometry-fixedcompute-1m-eppartial-imagenet-50ksteps,1m,eppartial,imagenet,0.11196786910295486,0.11196786910295486,
30800,11,0.00025964221494810275,1,384,0.00612235302105546,0.0007580430246889591,,2,geometry-fixedcompute-1m-eppartial-imagenet-50ksteps,1m,eppartial,imagenet,0.10804423689842224,0.10804423689842224,
30900,11,0.0002575510891464514,1,384,0.0066386982798576355,0.0011895899660885334,,2,geometry-fixedcompute-1m-eppartial-imagenet-50ksteps,1m,eppartial,imagenet,0.11017175018787384,0.11017175018787384,
31000,11,0.0002554594509292255,1,384,0.006370706018060446,0.0010383130284026265,,2,geometry-fixedcompute-1m-eppartial-imagenet-50ksteps,1m,eppartial,imagenet,0.10768617689609528,0.10768617689609528,
31100,11,0.0002533674470947974,1,384,0.007890097796916962,0.00241690780967474,,2,geometry-fixedcompute-1m-eppartial-imagenet-50ksteps,1m,eppartial,imagenet,0.11188071221113205,0.11188071221113205,
31200,11,0.0002512752244671984,1,384,0.00655924528837204,0.0011986326426267624,,2,geometry-fixedcompute-1m-eppartial-imagenet-50ksteps,1m,eppartial,imagenet,0.10841087996959686,0.10841087996959686,
31300,12,0.00024918292988581643,1,384,0.005444512702524662,0.00026463947142474353,,2,geometry-fixedcompute-1m-eppartial-imagenet-50ksteps,1m,eppartial,imagenet,0.10386209934949875,0.10386209934949875,
31400,12,0.0002470907101950889,1,384,0.005991773214191198,0.0004130959277972579,,2,geometry-fixedcompute-1m-eppartial-imagenet-50ksteps,1m,eppartial,imagenet,0.11198663711547852,0.11198663711547852,
31500,12,0.00024499871223419774,1,384,0.005764605477452278,0.0005122986040078104,,2,geometry-fixedcompute-1m-eppartial-imagenet-50ksteps,1m,eppartial,imagenet,0.10555844008922577,0.10555844008922577,
31600,12,0.00024290708282676213,1,384,0.006051942240446806,0.0002550415229052305,,2,geometry-fixedcompute-1m-eppartial-imagenet-50ksteps,1m,eppartial,imagenet,0.11619304865598679,0.11619304865598679,
31700,12,0.00024081596877053573,1,384,0.006015721708536148,0.0005475188954733312,,2,geometry-fixedcompute-1m-eppartial-imagenet-50ksteps,1m,eppartial,imagenet,0.10991157591342926,0.10991157591342926,
31800,12,0.00023872551682710305,1,384,0.005765113979578018,0.0007769223302602768,,2,geometry-fixedcompute-1m-eppartial-imagenet-50ksteps,1m,eppartial,imagenet,0.10054074972867966,0.10054074972867966,
31900,12,0.00023663587371157852,1,384,0.0065421294420957565,0.0011279142927378416,,2,geometry-fixedcompute-1m-eppartial-imagenet-50ksteps,1m,eppartial,imagenet,0.10941220819950104,0.10941220819950104,
32000,12,0.00023454718608231087,1,384,0.005946386139839888,0.0007971278391778469,,2,geometry-fixedcompute-1m-eppartial-imagenet-50ksteps,1m,eppartial,imagenet,0.1037822961807251,0.1037822961807251,
32100,12,0.0002324596005305893,1,384,0.007910415530204773,0.002592361532151699,,2,geometry-fixedcompute-1m-eppartial-imagenet-50ksteps,1m,eppartial,imagenet,0.10895345360040665,0.10895345360040665,
32200,12,0.00023037326357035543,1,384,0.006167196668684483,0.0005946538294665515,,2,geometry-fixedcompute-1m-eppartial-imagenet-50ksteps,1m,eppartial,imagenet,0.11204551160335541,0.11204551160335541,
32300,12,0.00022828832162792063,1,384,0.006245397962629795,0.0006899390718899667,,2,geometry-fixedcompute-1m-eppartial-imagenet-50ksteps,1m,eppartial,imagenet,0.11179912090301514,0.11179912090301514,
32400,12,0.0002262049210316887,1,384,0.006782518699765205,0.0014080418040975928,,2,geometry-fixedcompute-1m-eppartial-imagenet-50ksteps,1m,eppartial,imagenet,0.10889757424592972,0.10889757424592972,
32500,12,0.00022412320800188715,1,384,0.005654432345181704,0.000754082459025085,,2,geometry-fixedcompute-1m-eppartial-imagenet-50ksteps,1m,eppartial,imagenet,0.09876107424497604,0.09876107424497604,
32600,12,0.00022204332864030358,1,384,0.005779928993433714,0.0006769699975848198,,2,geometry-fixedcompute-1m-eppartial-imagenet-50ksteps,1m,eppartial,imagenet,0.10273614525794983,0.10273614525794983,
32700,12,0.0002199654289200327,1,384,0.005936062429100275,0.0005629200022667646,,2,geometry-fixedcompute-1m-eppartial-imagenet-50ksteps,1m,eppartial,imagenet,0.10802576690912247,0.10802576690912247,
32800,12,0.0002178896546752311,1,384,0.005847850814461708,0.0006056531565263867,,2,geometry-fixedcompute-1m-eppartial-imagenet-50ksteps,1m,eppartial,imagenet,0.1054496020078659,0.1054496020078659,
32900,12,0.00021581615159088242,1,384,0.006354620214551687,0.0010195246431976557,,2,geometry-fixedcompute-1m-eppartial-imagenet-50ksteps,1m,eppartial,imagenet,0.10772143304347992,0.10772143304347992,
33000,12,0.00021374506519257182,1,384,0.005949533544480801,0.000690909568220377,,2,geometry-fixedcompute-1m-eppartial-imagenet-50ksteps,1m,eppartial,imagenet,0.10586339235305786,0.10586339235305786,
33100,12,0.00021167654083627428,1,384,0.006738343276083469,0.0013671438209712505,,2,geometry-fixedcompute-1m-eppartial-imagenet-50ksteps,1m,eppartial,imagenet,0.10879112780094147,0.10879112780094147,
33200,12,0.00020961072369815053,1,384,0.005676941946148872,0.00022609432926401496,,2,geometry-fixedcompute-1m-eppartial-imagenet-50ksteps,1m,eppartial,imagenet,0.10924305021762848,0.10924305021762848,
33300,12,0.0002075477587643603,1,384,0.005884348880499601,0.0004467553226277232,,2,geometry-fixedcompute-1m-eppartial-imagenet-50ksteps,1m,eppartial,imagenet,0.10919862240552902,0.10919862240552902,
33400,12,0.0002054877908208857,1,384,0.0057853469625115395,0.0005648458027280867,,2,geometry-fixedcompute-1m-eppartial-imagenet-50ksteps,1m,eppartial,imagenet,0.10497487336397171,0.10497487336397171,
33500,12,0.000203430964443369,1,384,0.006580129731446505,0.0012350976467132568,,2,geometry-fixedcompute-1m-eppartial-imagenet-50ksteps,1m,eppartial,imagenet,0.10813573747873306,0.10813573747873306,
33600,12,0.00020137742398696734,1,384,0.005915022920817137,0.0003691898309625685,,2,geometry-fixedcompute-1m-eppartial-imagenet-50ksteps,1m,eppartial,imagenet,0.11128585040569305,0.11128585040569305,
33700,12,0.00019932731357622064,1,384,0.006388571113348007,0.0011835502227768302,,2,geometry-fixedcompute-1m-eppartial-imagenet-50ksteps,1m,eppartial,imagenet,0.10528396815061569,0.10528396815061569,
33800,12,0.00019728077709493596,1,384,0.005640640389174223,0.00033139559673145413,,2,geometry-fixedcompute-1m-eppartial-imagenet-50ksteps,1m,eppartial,imagenet,0.1065162941813469,0.1065162941813469,
33900,13,0.0001952379581760898,1,384,0.00603047339245677,0.0007172548212110996,,2,geometry-fixedcompute-1m-eppartial-imagenet-50ksteps,1m,eppartial,imagenet,0.10698162764310837,0.10698162764310837,
34000,13,0.00019319900019174743,1,384,0.0059640659019351006,0.0006147672538645566,,2,geometry-fixedcompute-1m-eppartial-imagenet-50ksteps,1m,eppartial,imagenet,0.10760074108839035,0.10760074108839035,
34100,13,0.00019116404624300033,1,384,0.005703219678252935,0.000429710082244128,,2,geometry-fixedcompute-1m-eppartial-imagenet-50ksteps,1m,eppartial,imagenet,0.10589990019798279,0.10589990019798279,
34200,13,0.0001891332391499233,1,384,0.005940347909927368,0.0003748974995687604,,2,geometry-fixedcompute-1m-eppartial-imagenet-50ksteps,1m,eppartial,imagenet,0.1116839051246643,0.1116839051246643,
34300,13,0.00018710672144155014,1,384,0.005843337159603834,0.000455243862234056,,2,geometry-fixedcompute-1m-eppartial-imagenet-50ksteps,1m,eppartial,imagenet,0.10821711272001266,0.10821711272001266,
34400,13,0.0001850846353458707,1,384,0.006688645575195551,0.0013686353340744972,,2,geometry-fixedcompute-1m-eppartial-imagenet-50ksteps,1m,eppartial,imagenet,0.10776884108781815,0.10776884108781815,
34500,13,0.00018306712277984952,1,384,0.0055602132342755795,0.00020332695567049086,,2,geometry-fixedcompute-1m-eppartial-imagenet-50ksteps,1m,eppartial,imagenet,0.10734105110168457,0.10734105110168457,
34600,13,0.00018105432533946497,1,384,0.005647561978548765,0.00022313406225293875,,2,geometry-fixedcompute-1m-eppartial-imagenet-50ksteps,1m,eppartial,imagenet,0.10871168971061707,0.10871168971061707,
34700,13,0.00017904638428977156,1,384,0.006385858170688152,0.0009039117721840739,,2,geometry-fixedcompute-1m-eppartial-imagenet-50ksteps,1m,eppartial,imagenet,0.11054283380508423,0.11054283380508423,
34800,13,0.00017704344055498542,1,384,0.00592767633497715,0.0005365234683267772,,2,geometry-fixedcompute-1m-eppartial-imagenet-50ksteps,1m,eppartial,imagenet,0.10835957527160645,0.10835957527160645,
34900,13,0.0001750456347085943,1,384,0.006811587605625391,0.0016368711367249489,,2,geometry-fixedcompute-1m-eppartial-imagenet-50ksteps,1m,eppartial,imagenet,0.10513120144605637,0.10513120144605637,
35000,13,0.00017305310696349096,1,384,0.006893429439514875,0.0018215219024568796,,2,geometry-fixedcompute-1m-eppartial-imagenet-50ksteps,1m,eppartial,imagenet,0.10325966775417328,0.10325966775417328,
35100,13,0.00017106599716213282,1,384,0.005780776962637901,0.0005503171123564243,,2,geometry-fixedcompute-1m-eppartial-imagenet-50ksteps,1m,eppartial,imagenet,0.10515951365232468,0.10515951365232468,
35200,13,0.0001690844447667272,1,384,0.005735685117542744,0.0003714506747201085,,2,geometry-fixedcompute-1m-eppartial-imagenet-50ksteps,1m,eppartial,imagenet,0.10765613615512848,0.10765613615512848,
35300,13,0.00016710858884944415,1,384,0.005670272279530764,0.00040119371260516346,,2,geometry-fixedcompute-1m-eppartial-imagenet-50ksteps,1m,eppartial,imagenet,0.10578276216983795,0.10578276216983795,
35400,13,0.0001651385680826546,1,384,0.0071919565089046955,0.0020706213545054197,,2,geometry-fixedcompute-1m-eppartial-imagenet-50ksteps,1m,eppartial,imagenet,0.10449732840061188,0.10449732840061188,
35500,13,0.00016317452072919913,1,384,0.005870483815670013,0.0005852588801644742,,2,geometry-fixedcompute-1m-eppartial-imagenet-50ksteps,1m,eppartial,imagenet,0.10628975927829742,0.10628975927829742,
35600,13,0.00016121658463268292,1,384,0.005575164221227169,0.00013095929170958698,,2,geometry-fixedcompute-1m-eppartial-imagenet-50ksteps,1m,eppartial,imagenet,0.10901506245136261,0.10901506245136261,
35700,13,0.0001592648972078028,1,384,0.005854769144207239,0.0005353051237761974,,2,geometry-fixedcompute-1m-eppartial-imagenet-50ksteps,1m,eppartial,imagenet,0.10692458599805832,0.10692458599805832,
35800,13,0.00015731959543070187,1,384,0.005679894704371691,0.00036375116906128824,,2,geometry-fixedcompute-1m-eppartial-imagenet-50ksteps,1m,eppartial,imagenet,0.10668662190437317,0.10668662190437317,
35900,13,0.00015538081582935656,1,384,0.005335792433470488,0.00014224066399037838,,2,geometry-fixedcompute-1m-eppartial-imagenet-50ksteps,1m,eppartial,imagenet,0.10401327162981033,0.10401327162981033,
36000,13,0.000153448694473995,1,384,0.00677337683737278,0.0014213758986443281,,2,geometry-fixedcompute-1m-eppartial-imagenet-50ksteps,1m,eppartial,imagenet,0.108461394906044,0.108461394906044,
36100,13,0.0001515233669675453,1,384,0.006098165176808834,0.0007207372109405696,,2,geometry-fixedcompute-1m-eppartial-imagenet-50ksteps,1m,eppartial,imagenet,0.10826928913593292,0.10826928913593292,
36200,13,0.00014960496843612167,1,384,0.005635933950543404,0.0004057902260683477,,2,geometry-fixedcompute-1m-eppartial-imagenet-50ksteps,1m,eppartial,imagenet,0.10500866174697876,0.10500866174697876,
36300,13,0.00014769363351953805,1,384,0.00549285626038909,0.00034981052158400416,,2,geometry-fixedcompute-1m-eppartial-imagenet-50ksteps,1m,eppartial,imagenet,0.10321072489023209,0.10321072489023209,
36400,13,0.00014578949636185942,1,384,0.006156055256724358,0.0011469470337033272,,2,geometry-fixedcompute-1m-eppartial-imagenet-50ksteps,1m,eppartial,imagenet,0.10132911801338196,0.10132911801338196,
36500,14,0.00014389269060198772,1,384,0.005531323608011007,0.00046245797420851886,,2,geometry-fixedcompute-1m-eppartial-imagenet-50ksteps,1m,eppartial,imagenet,0.10183976590633392,0.10183976590633392,
36600,14,0.00014200334936428197,1,384,0.007489778101444244,0.0022391388192772865,,2,geometry-fixedcompute-1m-eppartial-imagenet-50ksteps,1m,eppartial,imagenet,0.10725192725658417,0.10725192725658417,
36700,14,0.0001401216052492153,1,384,0.00577858230099082,0.0004664152511395514,,2,geometry-fixedcompute-1m-eppartial-imagenet-50ksteps,1m,eppartial,imagenet,0.10670975595712662,0.10670975595712662,
36800,14,0.00013824759032406842,1,384,0.005460748914629221,0.00023613497614860535,,2,geometry-fixedcompute-1m-eppartial-imagenet-50ksteps,1m,eppartial,imagenet,0.10472841560840607,0.10472841560840607,
36900,14,0.0001363814361136612,1,384,0.005533234216272831,0.00043910692329518497,,2,geometry-fixedcompute-1m-eppartial-imagenet-50ksteps,1m,eppartial,imagenet,0.10232165455818176,0.10232165455818176,
37000,14,0.0001345232735911211,1,384,0.005623405333608389,0.0002999952412210405,,2,geometry-fixedcompute-1m-eppartial-imagenet-50ksteps,1m,eppartial,imagenet,0.10676819831132889,0.10676819831132889,
37100,14,0.0001326732331686923,1,384,0.005523604340851307,0.0003879558644257486,,2,geometry-fixedcompute-1m-eppartial-imagenet-50ksteps,1m,eppartial,imagenet,0.10310092568397522,0.10310092568397522,
37200,14,0.0001308314446885811,1,384,0.006051469128578901,0.0006489040679298341,,2,geometry-fixedcompute-1m-eppartial-imagenet-50ksteps,1m,eppartial,imagenet,0.1087002083659172,0.1087002083659172,
37300,14,0.00012899803741384444,1,384,0.005425445735454559,0.00013611302711069584,,2,geometry-fixedcompute-1m-eppartial-imagenet-50ksteps,1m,eppartial,imagenet,0.10592276602983475,0.10592276602983475,
37400,14,0.0001271731400193172,1,384,0.005661637056618929,0.0007900957716628909,,2,geometry-fixedcompute-1m-eppartial-imagenet-50ksteps,1m,eppartial,imagenet,0.09822091460227966,0.09822091460227966,
37500,14,0.00012535688058258176,1,384,0.005289347376674414,0.0005733357393182814,,2,geometry-fixedcompute-1m-eppartial-imagenet-50ksteps,1m,eppartial,imagenet,0.09489355981349945,0.09489355981349945,
37600,14,0.00012354938657497893,1,384,0.006070317700505257,0.0007738544372841716,,2,geometry-fixedcompute-1m-eppartial-imagenet-50ksteps,1m,eppartial,imagenet,0.10670311748981476,0.10670311748981476,
37700,14,0.00012175078485266159,1,384,0.005333591718226671,0.00030910407076589763,,2,geometry-fixedcompute-1m-eppartial-imagenet-50ksteps,1m,eppartial,imagenet,0.10079885274171829,0.10079885274171829,
37800,14,0.00011996120164769079,1,384,0.005780061241239309,0.00024940044386312366,,2,geometry-fixedcompute-1m-eppartial-imagenet-50ksteps,1m,eppartial,imagenet,0.1108626127243042,0.1108626127243042,
37900,14,0.0001181807625591779,1,384,0.005388202145695686,0.00030338409123942256,,2,geometry-fixedcompute-1m-eppartial-imagenet-50ksteps,1m,eppartial,imagenet,0.10199974477291107,0.10199974477291107,
38000,14,0.000116409592544468,1,384,0.005400730762630701,0.0002327239781152457,,2,geometry-fixedcompute-1m-eppartial-imagenet-50ksteps,1m,eppartial,imagenet,0.10359285771846771,0.10359285771846771,
38100,14,0.00011464781591037102,1,384,0.00642945384606719,0.0011656972346827388,,2,geometry-fixedcompute-1m-eppartial-imagenet-50ksteps,1m,eppartial,imagenet,0.10644082725048065,0.10644082725048065,
38200,14,0.00011289555630443703,1,384,0.005608872510492802,0.0004078989732079208,,2,geometry-fixedcompute-1m-eppartial-imagenet-50ksteps,1m,eppartial,imagenet,0.10442735999822617,0.10442735999822617,
38300,14,0.00011115293670627819,1,384,0.006027895491570234,0.000994897447526455,,2,geometry-fixedcompute-1m-eppartial-imagenet-50ksteps,1m,eppartial,imagenet,0.10165485739707947,0.10165485739707947,
38400,14,0.00010942007941893789,1,384,0.0055997176095843315,0.0004410739929880947,,2,geometry-fixedcompute-1m-eppartial-imagenet-50ksteps,1m,eppartial,imagenet,0.1036139503121376,0.1036139503121376,
38500,14,0.00010769710606030696,1,384,0.005439409054815769,0.00016502382641192526,,2,geometry-fixedcompute-1m-eppartial-imagenet-50ksteps,1m,eppartial,imagenet,0.10565271973609924,0.10565271973609924,
38600,14,0.0001059841375545878,1,384,0.005231236107647419,0.0001673654478508979,,2,geometry-fixedcompute-1m-eppartial-imagenet-50ksteps,1m,eppartial,imagenet,0.101444773375988,0.101444773375988,
38700,14,0.000104281294123808,1,384,0.005504793021827936,0.00021059821301605552,,2,geometry-fixedcompute-1m-eppartial-imagenet-50ksteps,1m,eppartial,imagenet,0.10609449446201324,0.10609449446201324,
38800,14,0.0001025886952793824,1,384,0.00588151765987277,0.000506063224747777,,2,geometry-fixedcompute-1m-eppartial-imagenet-50ksteps,1m,eppartial,imagenet,0.10801514983177185,0.10801514983177185,
38900,14,0.0001009064598137258,1,384,0.006599097047001123,0.001562735764309764,,2,geometry-fixedcompute-1m-eppartial-imagenet-50ksteps,1m,eppartial,imagenet,0.10228995978832245,0.10228995978832245,
39000,14,9.923470579191513e-05,1,384,0.005313132889568806,0.00018440347048453987,,2,geometry-fixedcompute-1m-eppartial-imagenet-50ksteps,1m,eppartial,imagenet,0.10275898873806,0.10275898873806,
39100,15,9.757355054340345e-05,1,384,0.00552707351744175,0.00032096647191792727,,2,geometry-fixedcompute-1m-eppartial-imagenet-50ksteps,1m,eppartial,imagenet,0.10444310307502747,0.10444310307502747,
39200,15,9.592311065378547e-05,1,384,0.005258122459053993,0.00031053743441589177,,2,geometry-fixedcompute-1m-eppartial-imagenet-50ksteps,1m,eppartial,imagenet,0.09926223754882812,0.09926223754882812,
39300,15,9.428350195661534e-05,1,384,0.006273604929447174,0.0011292563285678625,,2,geometry-fixedcompute-1m-eppartial-imagenet-50ksteps,1m,eppartial,imagenet,0.10401622205972672,0.10401622205972672,
39400,15,9.26548395252766e-05,1,384,0.00627020001411438,0.0011168638011440635,,2,geometry-fixedcompute-1m-eppartial-imagenet-50ksteps,1m,eppartial,imagenet,0.10418357700109482,0.10418357700109482,
39500,15,9.103723766490616e-05,1,384,0.005763789173215628,0.0007327842758968472,,2,geometry-fixedcompute-1m-eppartial-imagenet-50ksteps,1m,eppartial,imagenet,0.10135288536548615,0.10135288536548615,
39600,15,8.943080990437218e-05,1,384,0.005769526585936546,0.000605862878728658,,2,geometry-fixedcompute-1m-eppartial-imagenet-50ksteps,1m,eppartial,imagenet,0.10387913137674332,0.10387913137674332,
39700,15,8.783566898830578e-05,1,384,0.005576989613473415,0.0006298624793998897,,2,geometry-fixedcompute-1m-eppartial-imagenet-50ksteps,1m,eppartial,imagenet,0.09957240521907806,0.09957240521907806,
39800,15,8.625192686918863e-05,1,384,0.00548340892419219,0.00038782035699114203,,2,geometry-fixedcompute-1m-eppartial-imagenet-50ksteps,1m,eppartial,imagenet,0.10229958593845367,0.10229958593845367,
39900,15,8.467969469949542e-05,1,384,0.005275898613035679,0.00018894844106398523,,2,geometry-fixedcompute-1m-eppartial-imagenet-50ksteps,1m,eppartial,imagenet,0.10192795097827911,0.10192795097827911,
40000,15,8.311908282389323e-05,1,384,0.005487491376698017,0.00021046269102953374,,2,geometry-fixedcompute-1m-eppartial-imagenet-50ksteps,1m,eppartial,imagenet,0.10575103759765625,0.10575103759765625,
40100,15,8.157020077149652e-05,1,384,0.006565457209944725,0.0016042916104197502,,2,geometry-fixedcompute-1m-eppartial-imagenet-50ksteps,1m,eppartial,imagenet,0.10082760453224182,0.10082760453224182,
40200,15,8.00331572481809e-05,1,384,0.006547234952449799,0.0013082046061754227,,2,geometry-fixedcompute-1m-eppartial-imagenet-50ksteps,1m,eppartial,imagenet,0.10608881711959839,0.10608881711959839,
40300,15,7.850806012895276e-05,1,384,0.0065584261901676655,0.001289323321543634,,2,geometry-fixedcompute-1m-eppartial-imagenet-50ksteps,1m,eppartial,imagenet,0.10667137801647186,0.10667137801647186,
40400,15,7.699501645037899e-05,1,384,0.005830133333802223,0.0007782388711348176,,2,geometry-fixedcompute-1m-eppartial-imagenet-50ksteps,1m,eppartial,imagenet,0.10181611776351929,0.10181611776351929,
40500,15,7.54941324030742e-05,1,384,0.006056776735931635,0.0009313172195106745,,2,geometry-fixedcompute-1m-eppartial-imagenet-50ksteps,1m,eppartial,imagenet,0.10344050824642181,0.10344050824642181,
40600,15,7.400551332424869e-05,1,384,0.006348656956106424,0.001327390200458467,,2,geometry-fixedcompute-1m-eppartial-imagenet-50ksteps,1m,eppartial,imagenet,0.10175272822380066,0.10175272822380066,
40700,15,7.252926369031471e-05,1,384,0.0056874705478549,0.0007603744743391871,,2,geometry-fixedcompute-1m-eppartial-imagenet-50ksteps,1m,eppartial,imagenet,0.09930229932069778,0.09930229932069778,
40800,15,7.106548710955427e-05,1,384,0.005640523508191109,0.0004682198050431907,,2,geometry-fixedcompute-1m-eppartial-imagenet-50ksteps,1m,eppartial,imagenet,0.1039142906665802,0.1039142906665802,
40900,15,6.961428631484758e-05,1,384,0.005406094714999199,0.0003322369884699583,,2,geometry-fixedcompute-1m-eppartial-imagenet-50ksteps,1m,eppartial,imagenet,0.10180938988924026,0.10180938988924026,
41000,15,6.817576315646321e-05,1,384,0.006282469257712364,0.001088854274712503,,2,geometry-fixedcompute-1m-eppartial-imagenet-50ksteps,1m,eppartial,imagenet,0.10496114939451218,0.10496114939451218,
41100,15,6.675001859490918e-05,1,384,0.005800750572234392,0.0004178253002464771,,2,geometry-fixedcompute-1m-eppartial-imagenet-50ksteps,1m,eppartial,imagenet,0.10807633399963379,0.10807633399963379,
41200,15,6.533715269384758e-05,1,384,0.005137138068675995,0.00012623469228856266,,2,geometry-fixedcompute-1m-eppartial-imagenet-50ksteps,1m,eppartial,imagenet,0.10034430027008057,0.10034430027008057,
41300,15,6.393726461307193e-05,1,384,0.00566339585930109,0.0007967387209646404,,2,geometry-fixedcompute-1m-eppartial-imagenet-50ksteps,1m,eppartial,imagenet,0.09812988340854645,0.09812988340854645,
41400,15,6.255045260154781e-05,1,384,0.005550084635615349,0.0005236978176981211,,2,geometry-fixedcompute-1m-eppartial-imagenet-50ksteps,1m,eppartial,imagenet,0.1010514348745346,0.1010514348745346,
41500,15,6.117681399051704e-05,1,384,0.006151679903268814,0.0009606352541595697,,2,geometry-fixedcompute-1m-eppartial-imagenet-50ksteps,1m,eppartial,imagenet,0.10478152334690094,0.10478152334690094,
41600,15,5.98164451866666e-05,1,384,0.005965599790215492,0.000566712929867208,,2,geometry-fixedcompute-1m-eppartial-imagenet-50ksteps,1m,eppartial,imagenet,0.10854445397853851,0.10854445397853851,
41700,16,5.84694416653631e-05,1,384,0.0057004289701581,0.00037412752863019705,,2,geometry-fixedcompute-1m-eppartial-imagenet-50ksteps,1m,eppartial,imagenet,0.106900155544281,0.106900155544281,
41800,16,5.713589796395131e-05,1,384,0.005389070603996515,0.00042336294427514076,,2,geometry-fixedcompute-1m-eppartial-imagenet-50ksteps,1m,eppartial,imagenet,0.0997375100851059,0.0997375100851059,
41900,16,5.581590767511983e-05,1,384,0.005639726296067238,0.000479071750305593,,2,geometry-fixedcompute-1m-eppartial-imagenet-50ksteps,1m,eppartial,imagenet,0.10369215905666351,0.10369215905666351,
42000,16,5.450956344033184e-05,1,384,0.00552296731621027,0.0006288266740739346,,2,geometry-fixedcompute-1m-eppartial-imagenet-50ksteps,1m,eppartial,imagenet,0.09851164370775223,0.09851164370775223,
42100,16,5.3216956943323445e-05,1,384,0.005503122229129076,0.00046911946265026927,,2,geometry-fixedcompute-1m-eppartial-imagenet-50ksteps,1m,eppartial,imagenet,0.10114917159080505,0.10114917159080505,
42200,16,5.19381789036691e-05,1,384,0.005628383252769709,0.0003574342408683151,,2,geometry-fixedcompute-1m-eppartial-imagenet-50ksteps,1m,eppartial,imagenet,0.10577641427516937,0.10577641427516937,
42300,16,5.0673319070414635e-05,1,384,0.0068406760692596436,0.002082664053887129,,2,geometry-fixedcompute-1m-eppartial-imagenet-50ksteps,1m,eppartial,imagenet,0.09724290668964386,0.09724290668964386,
42400,16,4.942246621577805e-05,1,384,0.006252836436033249,0.001420457847416401,,2,geometry-fixedcompute-1m-eppartial-imagenet-50ksteps,1m,eppartial,imagenet,0.09806803613901138,0.09806803613901138,
42500,16,4.8185708128919435e-05,1,384,0.006155375391244888,0.001339475391432643,,2,geometry-fixedcompute-1m-eppartial-imagenet-50ksteps,1m,eppartial,imagenet,0.0976574718952179,0.0976574718952179,
42600,16,4.6963131609779435e-05,1,384,0.005705324001610279,0.0006496248533949256,,2,geometry-fixedcompute-1m-eppartial-imagenet-50ksteps,1m,eppartial,imagenet,0.10176360607147217,0.10176360607147217,
42700,16,4.575482246298764e-05,1,384,0.0056625958532094955,0.000659907644148916,,2,geometry-fixedcompute-1m-eppartial-imagenet-50ksteps,1m,eppartial,imagenet,0.10071367025375366,0.10071367025375366,
42800,16,4.456086549184025e-05,1,384,0.006402222439646721,0.0014142785221338272,,2,geometry-fixedcompute-1m-eppartial-imagenet-50ksteps,1m,eppartial,imagenet,0.10117315500974655,0.10117315500974655,
42900,16,4.3381344492348286e-05,1,384,0.006074709817767143,0.0010983484098687768,,2,geometry-fixedcompute-1m-eppartial-imagenet-50ksteps,1m,eppartial,imagenet,0.10062557458877563,0.10062557458877563,
43000,16,4.2216342247356707e-05,1,384,0.005459360312670469,0.00018960927263833582,,2,geometry-fixedcompute-1m-eppartial-imagenet-50ksteps,1m,eppartial,imagenet,0.10558462888002396,0.10558462888002396,
43100,16,4.1065940520733994e-05,1,384,0.006419478449970484,0.0011864469852298498,,2,geometry-fixedcompute-1m-eppartial-imagenet-50ksteps,1m,eppartial,imagenet,0.1058470755815506,0.1058470755815506,
43200,16,3.9930220051634445e-05,1,384,0.005975290201604366,0.0008217223221436143,,2,geometry-fixedcompute-1m-eppartial-imagenet-50ksteps,1m,eppartial,imagenet,0.10389307141304016,0.10389307141304016,
43300,16,3.8809260548830795e-05,1,384,0.005534584634006023,0.0005091616185382009,,2,geometry-fixedcompute-1m-eppartial-imagenet-50ksteps,1m,eppartial,imagenet,0.10101762413978577,0.10101762413978577,
43400,16,3.7703140685120476e-05,1,384,0.005921316333115101,0.000851617194712162,,2,geometry-fixedcompute-1m-eppartial-imagenet-50ksteps,1m,eppartial,imagenet,0.10224559903144836,0.10224559903144836,
43500,16,3.661193809180397e-05,1,384,0.006399484351277351,0.0014025485143065453,,2,geometry-fixedcompute-1m-eppartial-imagenet-50ksteps,1m,eppartial,imagenet,0.10134126991033554,0.10134126991033554,
43600,16,3.5535729353236204e-05,1,384,0.006144697777926922,0.0010659280233085155,,2,geometry-fixedcompute-1m-eppartial-imagenet-50ksteps,1m,eppartial,imagenet,0.10264132171869278,0.10264132171869278,
43700,16,3.4474590001452095e-05,1,384,0.005312121007591486,0.0005410599987953901,,2,geometry-fixedcompute-1m-eppartial-imagenet-50ksteps,1m,eppartial,imagenet,0.0959622710943222,0.0959622710943222,
43800,16,3.3428594510864724e-05,1,384,0.005602688062936068,0.0004046735120937228,,2,geometry-fixedcompute-1m-eppartial-imagenet-50ksteps,1m,eppartial,imagenet,0.10436496138572693,0.10436496138572693,
43900,16,3.239781629303911e-05,1,384,0.005641937721520662,0.000571332173421979,,2,geometry-fixedcompute-1m-eppartial-imagenet-50ksteps,1m,eppartial,imagenet,0.101983442902565,0.101983442902565,
44000,16,3.138232769153948e-05,1,384,0.005622859578579664,0.00046001910232007504,,2,geometry-fixedcompute-1m-eppartial-imagenet-50ksteps,1m,eppartial,imagenet,0.10371682792901993,0.10371682792901993,
44100,16,3.038219997685242e-05,1,384,0.005502748303115368,0.0003078549343626946,,2,geometry-fixedcompute-1m-eppartial-imagenet-50ksteps,1m,eppartial,imagenet,0.10420572012662888,0.10420572012662888,
44200,16,2.9397503341384265e-05,1,384,0.005151492543518543,0.00021129449305590242,,2,geometry-fixedcompute-1m-eppartial-imagenet-50ksteps,1m,eppartial,imagenet,0.0990152508020401,0.0990152508020401,
44300,17,2.8428306894535338e-05,1,384,0.005913056433200836,0.0009923921898007393,,2,geometry-fixedcompute-1m-eppartial-imagenet-50ksteps,1m,eppartial,imagenet,0.0994056686758995,0.0994056686758995,
44400,17,2.7474678657849148e-05,1,384,0.005726256407797337,0.0005133784143254161,,2,geometry-fixedcompute-1m-eppartial-imagenet-50ksteps,1m,eppartial,imagenet,0.10477093607187271,0.10477093607187271,
44500,17,2.6536685560238913e-05,1,384,0.00543753569945693,0.0003314560744911432,,2,geometry-fixedcompute-1m-eppartial-imagenet-50ksteps,1m,eppartial,imagenet,0.10245304554700851,0.10245304554700851,
44600,17,2.5614393433289605e-05,1,384,0.006256068591028452,0.0009184227674268186,,2,geometry-fixedcompute-1m-eppartial-imagenet-50ksteps,1m,eppartial,imagenet,0.1076713353395462,0.1076713353395462,
44700,17,2.4707867006638262e-05,1,384,0.0054974849335849285,0.0006325200665742159,,2,geometry-fixedcompute-1m-eppartial-imagenet-50ksteps,1m,eppartial,imagenet,0.09793181717395782,0.09793181717395782,
44800,17,2.3817169903430686e-05,1,384,0.005999820772558451,0.0009274159092456102,,2,geometry-fixedcompute-1m-eppartial-imagenet-50ksteps,1m,eppartial,imagenet,0.10237550735473633,0.10237550735473633,
44900,17,2.2942364635856203e-05,1,384,0.005383914336562157,0.0002587057533673942,,2,geometry-fixedcompute-1m-eppartial-imagenet-50ksteps,1m,eppartial,imagenet,0.10276287794113159,0.10276287794113159,
45000,17,2.2083512600760726e-05,1,384,0.00585982808843255,0.0005814051255583763,,2,geometry-fixedcompute-1m-eppartial-imagenet-50ksteps,1m,eppartial,imagenet,0.10614986717700958,0.10614986717700958,
45100,17,2.124067407533687e-05,1,384,0.005530285649001598,0.00041459727799519897,,2,geometry-fixedcompute-1m-eppartial-imagenet-50ksteps,1m,eppartial,imagenet,0.10272835940122604,0.10272835940122604,
45200,17,2.0413908212894406e-05,1,384,0.005808299873024225,0.0008020411478355527,,2,geometry-fixedcompute-1m-eppartial-imagenet-50ksteps,1m,eppartial,imagenet,0.1009272113442421,0.1009272113442421,
45300,17,1.960327303870808e-05,1,384,0.005988176912069321,0.0008841413073241711,,2,geometry-fixedcompute-1m-eppartial-imagenet-50ksteps,1m,eppartial,imagenet,0.102964848279953,0.102964848279953,
45400,17,1.8808825445945534e-05,1,384,0.005476127844303846,0.00040144645026884973,,2,geometry-fixedcompute-1m-eppartial-imagenet-50ksteps,1m,eppartial,imagenet,0.10189507156610489,0.10189507156610489,
45500,17,1.8030621191674124e-05,1,384,0.005568986758589745,0.0004907993134111166,,2,geometry-fixedcompute-1m-eppartial-imagenet-50ksteps,1m,eppartial,imagenet,0.10205455124378204,0.10205455124378204,
45600,17,1.7268714892947803e-05,1,384,0.005611717235296965,0.0005974071100354195,,2,geometry-fixedcompute-1m-eppartial-imagenet-50ksteps,1m,eppartial,imagenet,0.1008836030960083,0.1008836030960083,
45700,17,1.6523160022973805e-05,1,384,0.005678860936313868,0.0004271903308108449,,2,geometry-fixedcompute-1m-eppartial-imagenet-50ksteps,1m,eppartial,imagenet,0.10546059906482697,0.10546059906482697,
45800,17,1.5794008907360016e-05,1,384,0.005544133018702269,0.00047979954979382455,,2,geometry-fixedcompute-1m-eppartial-imagenet-50ksteps,1m,eppartial,imagenet,0.10176646709442139,0.10176646709442139,
45900,17,1.5081312720442118e-05,1,384,0.005483435466885567,0.0005611261585727334,,2,geometry-fixedcompute-1m-eppartial-imagenet-50ksteps,1m,eppartial,imagenet,0.09900730848312378,0.09900730848312378,
46000,17,1.438512148169243e-05,1,384,0.005945664830505848,0.000725248537492007,,2,geometry-fixedcompute-1m-eppartial-imagenet-50ksteps,1m,eppartial,imagenet,0.10513357818126678,0.10513357818126678,
46100,17,1.3705484052209072e-05,1,384,0.006041404325515032,0.0007540116785094142,,2,geometry-fixedcompute-1m-eppartial-imagenet-50ksteps,1m,eppartial,imagenet,0.10650186240673065,0.10650186240673065,
46200,17,1.3042448131286824e-05,1,384,0.005363298114389181,0.00017765752272680402,,2,geometry-fixedcompute-1m-eppartial-imagenet-50ksteps,1m,eppartial,imagenet,0.10389046370983124,0.10389046370983124,
46300,17,1.239606025306954e-05,1,384,0.005734633654356003,0.0004372576659079641,,2,geometry-fixedcompute-1m-eppartial-imagenet-50ksteps,1m,eppartial,imagenet,0.1063847690820694,0.1063847690820694,
46400,17,1.1766365783284007e-05,1,384,0.005880684591829777,0.0004228964098729193,,2,geometry-fixedcompute-1m-eppartial-imagenet-50ksteps,1m,eppartial,imagenet,0.10957865417003632,0.10957865417003632,
46500,17,1.1153408916056172e-05,1,384,0.005159860476851463,0.00012767707812599838,,2,geometry-fixedcompute-1m-eppartial-imagenet-50ksteps,1m,eppartial,imagenet,0.10077134519815445,0.10077134519815445,
46600,17,1.0557232670809407e-05,1,384,0.0054959445260465145,0.00033105298643931746,,2,geometry-fixedcompute-1m-eppartial-imagenet-50ksteps,1m,eppartial,imagenet,0.10362888872623444,0.10362888872623444,
46700,17,9.97787888924533e-06,1,384,0.005259060300886631,0.00016500950732734054,,2,geometry-fixedcompute-1m-eppartial-imagenet-50ksteps,1m,eppartial,imagenet,0.10204602777957916,0.10204602777957916,
46800,17,9.415388232407037e-06,1,384,0.0056429109536111355,0.00035897953785024583,,2,geometry-fixedcompute-1m-eppartial-imagenet-50ksteps,1m,eppartial,imagenet,0.10603760182857513,0.10603760182857513,
46900,18,8.869800177825473e-06,1,384,0.005010704044252634,0.0002630223461892456,,2,geometry-fixedcompute-1m-eppartial-imagenet-50ksteps,1m,eppartial,imagenet,0.09521665424108505,0.09521665424108505,
47000,18,8.341153016748756e-06,1,384,0.005463893059641123,0.00019228787277825177,,2,geometry-fixedcompute-1m-eppartial-imagenet-50ksteps,1m,eppartial,imagenet,0.10562439262866974,0.10562439262866974,
47100,18,7.829483851454853e-06,1,384,0.006058999337255955,0.0007589638116769493,,2,geometry-fixedcompute-1m-eppartial-imagenet-50ksteps,1m,eppartial,imagenet,0.10675967484712601,0.10675967484712601,
47200,18,7.334828592647484e-06,1,384,0.005497874226421118,0.000508507713675499,,2,geometry-fixedcompute-1m-eppartial-imagenet-50ksteps,1m,eppartial,imagenet,0.10029584169387817,0.10029584169387817,
47300,18,6.857221956935838e-06,1,384,0.005635420326143503,0.00040232762694358826,,2,geometry-fixedcompute-1m-eppartial-imagenet-50ksteps,1m,eppartial,imagenet,0.10506418347358704,0.10506418347358704,
47400,18,6.396697464398013e-06,1,384,0.006108350120484829,0.0011385881807655096,,2,geometry-fixedcompute-1m-eppartial-imagenet-50ksteps,1m,eppartial,imagenet,0.10053382813930511,0.10053382813930511,
47500,18,5.953287436228477e-06,1,384,0.005954008549451828,0.0006900586886331439,,2,geometry-fixedcompute-1m-eppartial-imagenet-50ksteps,1m,eppartial,imagenet,0.10596905648708344,0.10596905648708344,
47600,18,5.527022992469717e-06,1,384,0.005434159189462662,0.0003665282856673002,,2,geometry-fixedcompute-1m-eppartial-imagenet-50ksteps,1m,eppartial,imagenet,0.10171914100646973,0.10171914100646973,
47700,18,5.117934049828051e-06,1,384,0.005857571493834257,0.0004452892462722957,,2,geometry-fixedcompute-1m-eppartial-imagenet-50ksteps,1m,eppartial,imagenet,0.10869093239307404,0.10869093239307404,
47800,18,4.726049319573937e-06,1,384,0.005722240079194307,0.0004549158620648086,,2,geometry-fixedcompute-1m-eppartial-imagenet-50ksteps,1m,eppartial,imagenet,0.10580140352249146,0.10580140352249146,
47900,18,4.351396305527036e-06,1,384,0.005540041718631983,0.0006739686941727996,,2,geometry-fixedcompute-1m-eppartial-imagenet-50ksteps,1m,eppartial,imagenet,0.09799543023109436,0.09799543023109436,
48000,18,3.9940013021258395e-06,1,384,0.006000778637826443,0.001204346539452672,,2,geometry-fixedcompute-1m-eppartial-imagenet-50ksteps,1m,eppartial,imagenet,0.09713298082351685,0.09713298082351685,
48100,18,3.6538893925822097e-06,1,384,0.005416311323642731,0.0003527640365064144,,2,geometry-fixedcompute-1m-eppartial-imagenet-50ksteps,1m,eppartial,imagenet,0.10162371397018433,0.10162371397018433,
48200,18,3.3310844471209523e-06,1,384,0.006119555328041315,0.0010203584097325802,,2,geometry-fixedcompute-1m-eppartial-imagenet-50ksteps,1m,eppartial,imagenet,0.10300429165363312,0.10300429165363312,
48300,18,3.0256091213045416e-06,1,384,0.00532293738797307,0.00020791575661860406,,2,geometry-fixedcompute-1m-eppartial-imagenet-50ksteps,1m,eppartial,imagenet,0.10250834375619888,0.10250834375619888,
48400,18,2.737484854443172e-06,1,384,0.005273866467177868,0.00021350968745537102,,2,geometry-fixedcompute-1m-eppartial-imagenet-50ksteps,1m,eppartial,imagenet,0.10142064094543457,0.10142064094543457,
48500,18,2.4667318680899045e-06,1,384,0.005915667861700058,0.0006018049316480756,,2,geometry-fixedcompute-1m-eppartial-imagenet-50ksteps,1m,eppartial,imagenet,0.10687906295061111,0.10687906295061111,
48600,18,2.2133691646215212e-06,1,384,0.006438645999878645,0.0015098208095878363,,2,geometry-fixedcompute-1m-eppartial-imagenet-50ksteps,1m,eppartial,imagenet,0.10008631646633148,0.10008631646633148,
48700,18,1.9774145259048734e-06,1,384,0.00528946565464139,0.00013046646199654788,,2,geometry-fixedcompute-1m-eppartial-imagenet-50ksteps,1m,eppartial,imagenet,0.10331044346094131,0.10331044346094131,
48800,18,1.758884512048903e-06,1,384,0.0053366972133517265,0.00020483904518187046,,2,geometry-fixedcompute-1m-eppartial-imagenet-50ksteps,1m,eppartial,imagenet,0.10284200310707092,0.10284200310707092,
48900,18,1.5577944602424216e-06,1,384,0.00658579682931304,0.0016080888453871012,,2,geometry-fixedcompute-1m-eppartial-imagenet-50ksteps,1m,eppartial,imagenet,0.10116224735975266,0.10116224735975266,
49000,18,1.3741584836776117e-06,1,384,0.0062970793806016445,0.0011155519168823957,,2,geometry-fixedcompute-1m-eppartial-imagenet-50ksteps,1m,eppartial,imagenet,0.10474610328674316,0.10474610328674316,
49100,18,1.2079894705595786e-06,1,384,0.005521751940250397,0.00012330975732766092,,2,geometry-fixedcompute-1m-eppartial-imagenet-50ksteps,1m,eppartial,imagenet,0.10809215903282166,0.10809215903282166,
49200,18,1.0592990832017577e-06,1,384,0.005862928926944733,0.00045860299724154174,,2,geometry-fixedcompute-1m-eppartial-imagenet-50ksteps,1m,eppartial,imagenet,0.10854512453079224,0.10854512453079224,
49300,18,9.280977572075126e-07,1,384,0.00720555055886507,0.0021887754555791616,,2,geometry-fixedcompute-1m-eppartial-imagenet-50ksteps,1m,eppartial,imagenet,0.1025242805480957,0.1025242805480957,
49400,18,8.143947007376327e-07,1,384,0.005844934843480587,0.001005413942039013,,2,geometry-fixedcompute-1m-eppartial-imagenet-50ksteps,1m,eppartial,imagenet,0.09779583662748337,0.09779583662748337,
49500,19,7.181978938641054e-07,1,384,0.005529543850570917,0.00043584773084148765,,2,geometry-fixedcompute-1m-eppartial-imagenet-50ksteps,1m,eppartial,imagenet,0.10230977088212967,0.10230977088212967,
49600,19,6.395140880100399e-07,1,384,0.005004673730581999,0.00022465636720880866,,2,geometry-fixedcompute-1m-eppartial-imagenet-50ksteps,1m,eppartial,imagenet,0.09582500159740448,0.09582500159740448,
49700,19,5.783488054758322e-07,1,384,0.005718911532312632,0.0004999919328838587,,2,geometry-fixedcompute-1m-eppartial-imagenet-50ksteps,1m,eppartial,imagenet,0.10487838089466095,0.10487838089466095,
49800,19,5.347063390516083e-07,1,384,0.005054572131484747,0.0002112128713633865,,2,geometry-fixedcompute-1m-eppartial-imagenet-50ksteps,1m,eppartial,imagenet,0.09707839787006378,0.09707839787006378,
49900,19,5.085897517159643e-07,1,384,0.00529177812859416,0.0003465233603492379,,2,geometry-fixedcompute-1m-eppartial-imagenet-50ksteps,1m,eppartial,imagenet,0.09925161302089691,0.09925161302089691,
