sample_id,mean_l2
0_celeb_r,214.86758
10008_celeb_r,188.9765
10015_celeb_l,192.02928
10015_celeb_r,190.04948
